f6547159-c29d-40d6-8a8e-3c2ad13c6286_02-18-week3-FAILING_AND_PASSING,344263386,N/A,24/08/18 14:43,24/08/2018,spirals-bears,DETECTED
f6547159-c29d-40d6-8a8e-3c2ad13c6286_02-18-week3-FAILING_AND_PASSING,343827468,N/A,24/08/18 14:43,24/08/2018,spirals-bears,DETECTED
f6547159-c29d-40d6-8a8e-3c2ad13c6286_02-18-week3-FAILING_AND_PASSING,343910937,N/A,24/08/18 14:43,24/08/2018,spirals-bears,DETECTED
f6547159-c29d-40d6-8a8e-3c2ad13c6286_02-18-week3-FAILING_AND_PASSING,343909243,N/A,24/08/18 14:43,24/08/2018,spirals-bears,DETECTED
f6547159-c29d-40d6-8a8e-3c2ad13c6286_02-18-week3-FAILING_AND_PASSING,343258713,N/A,24/08/18 14:43,24/08/2018,spirals-bears,DETECTED
f6547159-c29d-40d6-8a8e-3c2ad13c6286_02-18-week3-FAILING_AND_PASSING,343760906,N/A,24/08/18 14:43,24/08/2018,spirals-bears,DETECTED
f6547159-c29d-40d6-8a8e-3c2ad13c6286_02-18-week3-FAILING_AND_PASSING,343749196,N/A,24/08/18 14:43,24/08/2018,spirals-bears,DETECTED
f6547159-c29d-40d6-8a8e-3c2ad13c6286_02-18-week3-FAILING_AND_PASSING,343717417,N/A,24/08/18 14:43,24/08/2018,spirals-bears,DETECTED
f6547159-c29d-40d6-8a8e-3c2ad13c6286_02-18-week3-FAILING_AND_PASSING,343338321,N/A,24/08/18 14:43,24/08/2018,spirals-bears,DETECTED
f6547159-c29d-40d6-8a8e-3c2ad13c6286_02-18-week3-FAILING_AND_PASSING,343323042,N/A,24/08/18 14:43,24/08/2018,spirals-bears,DETECTED
f6547159-c29d-40d6-8a8e-3c2ad13c6286_02-18-week3-FAILING_AND_PASSING,343300349,N/A,24/08/18 14:43,24/08/2018,spirals-bears,DETECTED
f6547159-c29d-40d6-8a8e-3c2ad13c6286_02-18-week3-FAILING_AND_PASSING,343300058,N/A,24/08/18 14:43,24/08/2018,spirals-bears,DETECTED
f6547159-c29d-40d6-8a8e-3c2ad13c6286_02-18-week3-FAILING_AND_PASSING,343299622,N/A,24/08/18 14:43,24/08/2018,spirals-bears,DETECTED
f6547159-c29d-40d6-8a8e-3c2ad13c6286_02-18-week3-FAILING_AND_PASSING,343298253,N/A,24/08/18 14:43,24/08/2018,spirals-bears,DETECTED
f6547159-c29d-40d6-8a8e-3c2ad13c6286_02-18-week3-FAILING_AND_PASSING,340530755,N/A,24/08/18 14:43,24/08/2018,spirals-bears,DETECTED
f6547159-c29d-40d6-8a8e-3c2ad13c6286_02-18-week3-FAILING_AND_PASSING,343113802,N/A,24/08/18 14:43,24/08/2018,spirals-bears,DETECTED
f6547159-c29d-40d6-8a8e-3c2ad13c6286_02-18-week3-FAILING_AND_PASSING,342718545,N/A,24/08/18 14:43,24/08/2018,spirals-bears,DETECTED
f6547159-c29d-40d6-8a8e-3c2ad13c6286_02-18-week3-FAILING_AND_PASSING,342707367,N/A,24/08/18 14:43,24/08/2018,spirals-bears,DETECTED
f6547159-c29d-40d6-8a8e-3c2ad13c6286_02-18-week3-FAILING_AND_PASSING,342707120,N/A,24/08/18 14:43,24/08/2018,spirals-bears,DETECTED
f6547159-c29d-40d6-8a8e-3c2ad13c6286_02-18-week3-FAILING_AND_PASSING,342241054,N/A,24/08/18 14:43,24/08/2018,spirals-bears,DETECTED
f6547159-c29d-40d6-8a8e-3c2ad13c6286_02-18-week3-FAILING_AND_PASSING,342673330,N/A,24/08/18 14:43,24/08/2018,spirals-bears,DETECTED
f6547159-c29d-40d6-8a8e-3c2ad13c6286_02-18-week3-FAILING_AND_PASSING,342576555,N/A,24/08/18 14:43,24/08/2018,spirals-bears,DETECTED
f6547159-c29d-40d6-8a8e-3c2ad13c6286_02-18-week3-FAILING_AND_PASSING,341974584,N/A,24/08/18 14:43,24/08/2018,spirals-bears,DETECTED
f6547159-c29d-40d6-8a8e-3c2ad13c6286_02-18-week3-FAILING_AND_PASSING,341971761,N/A,24/08/18 14:43,24/08/2018,spirals-bears,DETECTED
f6547159-c29d-40d6-8a8e-3c2ad13c6286_02-18-week3-FAILING_AND_PASSING,341666704,N/A,24/08/18 14:43,24/08/2018,spirals-bears,DETECTED
f6547159-c29d-40d6-8a8e-3c2ad13c6286_02-18-week3-FAILING_AND_PASSING,341582569,N/A,24/08/18 14:43,24/08/2018,spirals-bears,DETECTED
f6547159-c29d-40d6-8a8e-3c2ad13c6286_02-18-week3-FAILING_AND_PASSING,341383474,N/A,24/08/18 14:43,24/08/2018,spirals-bears,DETECTED
f6547159-c29d-40d6-8a8e-3c2ad13c6286_02-18-week3-FAILING_AND_PASSING,343548093,N/A,24/08/18 14:43,24/08/2018,spirals-bears,DETECTED
f6547159-c29d-40d6-8a8e-3c2ad13c6286_02-18-week3-FAILING_AND_PASSING,343720415,N/A,24/08/18 14:43,24/08/2018,spirals-bears,DETECTED
f6547159-c29d-40d6-8a8e-3c2ad13c6286_02-18-week3-FAILING_AND_PASSING,343985540,N/A,24/08/18 14:43,24/08/2018,spirals-bears,DETECTED
f6547159-c29d-40d6-8a8e-3c2ad13c6286_02-18-week3-FAILING_AND_PASSING,343653582,N/A,24/08/18 14:43,24/08/2018,spirals-bears,DETECTED
f6547159-c29d-40d6-8a8e-3c2ad13c6286_02-18-week3-FAILING_AND_PASSING,343328404,N/A,24/08/18 14:43,24/08/2018,spirals-bears,DETECTED
f6547159-c29d-40d6-8a8e-3c2ad13c6286_02-18-week3-FAILING_AND_PASSING,342541905,N/A,24/08/18 14:43,24/08/2018,spirals-bears,DETECTED
f6547159-c29d-40d6-8a8e-3c2ad13c6286_02-18-week3-FAILING_AND_PASSING,342673277,N/A,24/08/18 14:43,24/08/2018,spirals-bears,DETECTED
f6547159-c29d-40d6-8a8e-3c2ad13c6286_02-18-week3-FAILING_AND_PASSING,342664757,N/A,24/08/18 14:43,24/08/2018,spirals-bears,DETECTED
f6547159-c29d-40d6-8a8e-3c2ad13c6286_02-18-week3-FAILING_AND_PASSING,340282650,N/A,24/08/18 14:43,24/08/2018,spirals-bears,DETECTED
f6547159-c29d-40d6-8a8e-3c2ad13c6286_02-18-week3-FAILING_AND_PASSING,342002647,N/A,24/08/18 14:43,24/08/2018,spirals-bears,DETECTED
f6547159-c29d-40d6-8a8e-3c2ad13c6286_02-18-week3-FAILING_AND_PASSING,342439660,N/A,24/08/18 14:43,24/08/2018,spirals-bears,DETECTED
f6547159-c29d-40d6-8a8e-3c2ad13c6286_02-18-week3-FAILING_AND_PASSING,342284009,N/A,24/08/18 14:43,24/08/2018,spirals-bears,DETECTED
f6547159-c29d-40d6-8a8e-3c2ad13c6286_02-18-week3-FAILING_AND_PASSING,342033316,N/A,24/08/18 14:43,24/08/2018,spirals-bears,DETECTED
f6547159-c29d-40d6-8a8e-3c2ad13c6286_02-18-week3-FAILING_AND_PASSING,341895688,N/A,24/08/18 14:43,24/08/2018,spirals-bears,DETECTED
f6547159-c29d-40d6-8a8e-3c2ad13c6286_02-18-week3-FAILING_AND_PASSING,342043747,N/A,24/08/18 14:43,24/08/2018,spirals-bears,DETECTED
f6547159-c29d-40d6-8a8e-3c2ad13c6286_02-18-week3-FAILING_AND_PASSING,341610886,N/A,24/08/18 14:43,24/08/2018,spirals-bears,DETECTED
f6547159-c29d-40d6-8a8e-3c2ad13c6286_02-18-week3-FAILING_AND_PASSING,341887951,N/A,24/08/18 14:43,24/08/2018,spirals-bears,DETECTED
f6547159-c29d-40d6-8a8e-3c2ad13c6286_02-18-week3-FAILING_AND_PASSING,341661507,N/A,24/08/18 14:43,24/08/2018,spirals-bears,DETECTED
f6547159-c29d-40d6-8a8e-3c2ad13c6286_02-18-week3-FAILING_AND_PASSING,344439521,N/A,24/08/18 14:43,24/08/2018,spirals-bears,DETECTED
f6547159-c29d-40d6-8a8e-3c2ad13c6286_02-18-week3-FAILING_AND_PASSING,343901433,N/A,24/08/18 14:43,24/08/2018,spirals-bears,DETECTED
f6547159-c29d-40d6-8a8e-3c2ad13c6286_02-18-week3-FAILING_AND_PASSING,344376798,N/A,24/08/18 14:43,24/08/2018,spirals-bears,DETECTED
f6547159-c29d-40d6-8a8e-3c2ad13c6286_02-18-week3-FAILING_AND_PASSING,344263526,N/A,24/08/18 14:43,24/08/2018,spirals-bears,DETECTED
f6547159-c29d-40d6-8a8e-3c2ad13c6286_02-18-week3-FAILING_AND_PASSING,343922983,N/A,24/08/18 14:43,24/08/2018,spirals-bears,DETECTED
f6547159-c29d-40d6-8a8e-3c2ad13c6286_02-18-week3-FAILING_AND_PASSING,342740479,N/A,24/08/18 14:43,24/08/2018,spirals-bears,DETECTED
f6547159-c29d-40d6-8a8e-3c2ad13c6286_02-18-week3-FAILING_AND_PASSING,341999159,N/A,24/08/18 14:43,24/08/2018,spirals-bears,DETECTED
f6547159-c29d-40d6-8a8e-3c2ad13c6286_02-18-week3-FAILING_AND_PASSING,341617410,N/A,24/08/18 14:43,24/08/2018,spirals-bears,DETECTED
f6547159-c29d-40d6-8a8e-3c2ad13c6286_02-18-week3-FAILING_AND_PASSING,342333413,N/A,24/08/18 14:43,24/08/2018,spirals-bears,DETECTED
f6547159-c29d-40d6-8a8e-3c2ad13c6286_02-18-week3-FAILING_AND_PASSING,343421302,N/A,24/08/18 14:43,24/08/2018,spirals-bears,DETECTED
f6547159-c29d-40d6-8a8e-3c2ad13c6286_02-18-week3-FAILING_AND_PASSING,341918688,N/A,24/08/18 14:43,24/08/2018,spirals-bears,DETECTED
f6547159-c29d-40d6-8a8e-3c2ad13c6286_02-18-week3-FAILING_AND_PASSING,335272856,N/A,24/08/18 14:43,24/08/2018,spirals-bears,DETECTED
f6547159-c29d-40d6-8a8e-3c2ad13c6286_02-18-week3-FAILING_AND_PASSING,333337291,N/A,24/08/18 14:43,24/08/2018,spirals-bears,DETECTED
f6547159-c29d-40d6-8a8e-3c2ad13c6286_02-18-week3-FAILING_AND_PASSING,344350835,N/A,24/08/18 14:43,24/08/2018,spirals-bears,DETECTED
f6547159-c29d-40d6-8a8e-3c2ad13c6286_02-18-week3-FAILING_AND_PASSING,344057707,N/A,24/08/18 14:43,24/08/2018,spirals-bears,DETECTED
f6547159-c29d-40d6-8a8e-3c2ad13c6286_02-18-week3-FAILING_AND_PASSING,343566952,N/A,24/08/18 14:43,24/08/2018,spirals-bears,DETECTED
f6547159-c29d-40d6-8a8e-3c2ad13c6286_02-18-week3-FAILING_AND_PASSING,343161723,N/A,24/08/18 14:43,24/08/2018,spirals-bears,DETECTED
f6547159-c29d-40d6-8a8e-3c2ad13c6286_02-18-week3-FAILING_AND_PASSING,343382626,N/A,24/08/18 14:43,24/08/2018,spirals-bears,DETECTED
f6547159-c29d-40d6-8a8e-3c2ad13c6286_02-18-week3-FAILING_AND_PASSING,342435871,N/A,24/08/18 14:43,24/08/2018,spirals-bears,DETECTED
f6547159-c29d-40d6-8a8e-3c2ad13c6286_02-18-week3-FAILING_AND_PASSING,342137428,N/A,24/08/18 14:43,24/08/2018,spirals-bears,DETECTED
f6547159-c29d-40d6-8a8e-3c2ad13c6286_02-18-week3-FAILING_AND_PASSING,340671206,N/A,24/08/18 14:43,24/08/2018,spirals-bears,DETECTED
f6547159-c29d-40d6-8a8e-3c2ad13c6286_02-18-week3-FAILING_AND_PASSING,341827440,N/A,24/08/18 14:43,24/08/2018,spirals-bears,DETECTED
f6547159-c29d-40d6-8a8e-3c2ad13c6286_02-18-week3-FAILING_AND_PASSING,344519540,N/A,24/08/18 14:43,24/08/2018,spirals-bears,DETECTED
f6547159-c29d-40d6-8a8e-3c2ad13c6286_02-18-week3-FAILING_AND_PASSING,340471724,N/A,24/08/18 14:43,24/08/2018,spirals-bears,DETECTED
f6547159-c29d-40d6-8a8e-3c2ad13c6286_02-18-week3-FAILING_AND_PASSING,343115876,N/A,24/08/18 14:43,24/08/2018,spirals-bears,DETECTED
f6547159-c29d-40d6-8a8e-3c2ad13c6286_02-18-week3-FAILING_AND_PASSING,343001445,N/A,24/08/18 14:43,24/08/2018,spirals-bears,DETECTED
f6547159-c29d-40d6-8a8e-3c2ad13c6286_02-18-week3-FAILING_AND_PASSING,342996270,N/A,24/08/18 14:43,24/08/2018,spirals-bears,DETECTED
f6547159-c29d-40d6-8a8e-3c2ad13c6286_02-18-week3-FAILING_AND_PASSING,342767952,N/A,24/08/18 14:43,24/08/2018,spirals-bears,DETECTED
f6547159-c29d-40d6-8a8e-3c2ad13c6286_02-18-week3-FAILING_AND_PASSING,341616722,N/A,24/08/18 14:43,24/08/2018,spirals-bears,DETECTED
f6547159-c29d-40d6-8a8e-3c2ad13c6286_02-18-week3-FAILING_AND_PASSING,344350466,N/A,24/08/18 14:43,24/08/2018,spirals-bears,DETECTED
f6547159-c29d-40d6-8a8e-3c2ad13c6286_02-18-week3-FAILING_AND_PASSING,344209573,N/A,24/08/18 14:43,24/08/2018,spirals-bears,DETECTED
f6547159-c29d-40d6-8a8e-3c2ad13c6286_02-18-week3-FAILING_AND_PASSING,343940847,N/A,24/08/18 14:43,24/08/2018,spirals-bears,DETECTED
f6547159-c29d-40d6-8a8e-3c2ad13c6286_02-18-week3-FAILING_AND_PASSING,343940807,N/A,24/08/18 14:43,24/08/2018,spirals-bears,DETECTED
f6547159-c29d-40d6-8a8e-3c2ad13c6286_02-18-week3-FAILING_AND_PASSING,343824876,N/A,24/08/18 14:43,24/08/2018,spirals-bears,DETECTED
f6547159-c29d-40d6-8a8e-3c2ad13c6286_02-18-week3-FAILING_AND_PASSING,343699588,N/A,24/08/18 14:43,24/08/2018,spirals-bears,DETECTED
f6547159-c29d-40d6-8a8e-3c2ad13c6286_02-18-week3-FAILING_AND_PASSING,343513767,N/A,24/08/18 14:43,24/08/2018,spirals-bears,DETECTED
f6547159-c29d-40d6-8a8e-3c2ad13c6286_02-18-week3-FAILING_AND_PASSING,343361694,N/A,24/08/18 14:43,24/08/2018,spirals-bears,DETECTED
f6547159-c29d-40d6-8a8e-3c2ad13c6286_02-18-week3-FAILING_AND_PASSING,343361715,N/A,24/08/18 14:43,24/08/2018,spirals-bears,DETECTED
f6547159-c29d-40d6-8a8e-3c2ad13c6286_02-18-week3-FAILING_AND_PASSING,343273635,N/A,24/08/18 14:43,24/08/2018,spirals-bears,DETECTED
f6547159-c29d-40d6-8a8e-3c2ad13c6286_02-18-week3-FAILING_AND_PASSING,341425922,N/A,24/08/18 14:43,24/08/2018,spirals-bears,DETECTED
f6547159-c29d-40d6-8a8e-3c2ad13c6286_02-18-week3-FAILING_AND_PASSING,341425876,N/A,24/08/18 14:43,24/08/2018,spirals-bears,DETECTED
f6547159-c29d-40d6-8a8e-3c2ad13c6286_02-18-week3-FAILING_AND_PASSING,340677100,N/A,24/08/18 14:43,24/08/2018,spirals-bears,DETECTED
f6547159-c29d-40d6-8a8e-3c2ad13c6286_02-18-week3-FAILING_AND_PASSING,340677012,N/A,24/08/18 14:43,24/08/2018,spirals-bears,DETECTED
f6547159-c29d-40d6-8a8e-3c2ad13c6286_02-18-week3-FAILING_AND_PASSING,344459909,N/A,24/08/18 14:43,24/08/2018,spirals-bears,DETECTED
f6547159-c29d-40d6-8a8e-3c2ad13c6286_02-18-week3-FAILING_AND_PASSING,344493554,N/A,24/08/18 14:43,24/08/2018,spirals-bears,DETECTED
f6547159-c29d-40d6-8a8e-3c2ad13c6286_02-18-week3-FAILING_AND_PASSING,344493531,N/A,24/08/18 14:43,24/08/2018,spirals-bears,DETECTED
f6547159-c29d-40d6-8a8e-3c2ad13c6286_02-18-week3-FAILING_AND_PASSING,344436939,N/A,24/08/18 14:43,24/08/2018,spirals-bears,DETECTED
f6547159-c29d-40d6-8a8e-3c2ad13c6286_02-18-week3-FAILING_AND_PASSING,344201923,N/A,24/08/18 14:43,24/08/2018,spirals-bears,DETECTED
f6547159-c29d-40d6-8a8e-3c2ad13c6286_02-18-week3-FAILING_AND_PASSING,344186513,N/A,24/08/18 14:43,24/08/2018,spirals-bears,DETECTED
f6547159-c29d-40d6-8a8e-3c2ad13c6286_02-18-week3-FAILING_AND_PASSING,344186519,N/A,24/08/18 14:43,24/08/2018,spirals-bears,DETECTED
f6547159-c29d-40d6-8a8e-3c2ad13c6286_02-18-week3-FAILING_AND_PASSING,344184337,N/A,24/08/18 14:43,24/08/2018,spirals-bears,DETECTED
f6547159-c29d-40d6-8a8e-3c2ad13c6286_02-18-week3-FAILING_AND_PASSING,344135675,N/A,24/08/18 14:43,24/08/2018,spirals-bears,DETECTED
f6547159-c29d-40d6-8a8e-3c2ad13c6286_02-18-week3-FAILING_AND_PASSING,344097734,N/A,24/08/18 14:43,24/08/2018,spirals-bears,DETECTED
f6547159-c29d-40d6-8a8e-3c2ad13c6286_02-18-week3-FAILING_AND_PASSING,344073644,N/A,24/08/18 14:43,24/08/2018,spirals-bears,DETECTED
f6547159-c29d-40d6-8a8e-3c2ad13c6286_02-18-week3-FAILING_AND_PASSING,344073668,N/A,24/08/18 14:43,24/08/2018,spirals-bears,DETECTED
f6547159-c29d-40d6-8a8e-3c2ad13c6286_02-18-week3-FAILING_AND_PASSING,344068753,N/A,24/08/18 14:43,24/08/2018,spirals-bears,DETECTED
f6547159-c29d-40d6-8a8e-3c2ad13c6286_02-18-week3-FAILING_AND_PASSING,344068751,N/A,24/08/18 14:43,24/08/2018,spirals-bears,DETECTED
f6547159-c29d-40d6-8a8e-3c2ad13c6286_02-18-week3-FAILING_AND_PASSING,343649741,N/A,24/08/18 14:43,24/08/2018,spirals-bears,DETECTED
f6547159-c29d-40d6-8a8e-3c2ad13c6286_02-18-week3-FAILING_AND_PASSING,343636927,N/A,24/08/18 14:43,24/08/2018,spirals-bears,DETECTED
f6547159-c29d-40d6-8a8e-3c2ad13c6286_02-18-week3-FAILING_AND_PASSING,343586261,N/A,24/08/18 14:43,24/08/2018,spirals-bears,DETECTED
f6547159-c29d-40d6-8a8e-3c2ad13c6286_02-18-week3-FAILING_AND_PASSING,343586242,N/A,24/08/18 14:43,24/08/2018,spirals-bears,DETECTED
f6547159-c29d-40d6-8a8e-3c2ad13c6286_02-18-week3-FAILING_AND_PASSING,343551267,N/A,24/08/18 14:43,24/08/2018,spirals-bears,DETECTED
f6547159-c29d-40d6-8a8e-3c2ad13c6286_02-18-week3-FAILING_AND_PASSING,343551477,N/A,24/08/18 14:43,24/08/2018,spirals-bears,DETECTED
f6547159-c29d-40d6-8a8e-3c2ad13c6286_02-18-week3-FAILING_AND_PASSING,343495667,N/A,24/08/18 14:43,24/08/2018,spirals-bears,DETECTED
f6547159-c29d-40d6-8a8e-3c2ad13c6286_02-18-week3-FAILING_AND_PASSING,343495895,N/A,24/08/18 14:43,24/08/2018,spirals-bears,DETECTED
f6547159-c29d-40d6-8a8e-3c2ad13c6286_02-18-week3-FAILING_AND_PASSING,343516106,N/A,24/08/18 14:43,24/08/2018,spirals-bears,DETECTED
f6547159-c29d-40d6-8a8e-3c2ad13c6286_02-18-week3-FAILING_AND_PASSING,342877653,N/A,24/08/18 14:43,24/08/2018,spirals-bears,DETECTED
f6547159-c29d-40d6-8a8e-3c2ad13c6286_02-18-week3-FAILING_AND_PASSING,342653097,N/A,24/08/18 14:43,24/08/2018,spirals-bears,DETECTED
f6547159-c29d-40d6-8a8e-3c2ad13c6286_02-18-week3-FAILING_AND_PASSING,342653257,N/A,24/08/18 14:43,24/08/2018,spirals-bears,DETECTED
f6547159-c29d-40d6-8a8e-3c2ad13c6286_02-18-week3-FAILING_AND_PASSING,342588291,N/A,24/08/18 14:43,24/08/2018,spirals-bears,DETECTED
f6547159-c29d-40d6-8a8e-3c2ad13c6286_02-18-week3-FAILING_AND_PASSING,342558437,N/A,24/08/18 14:43,24/08/2018,spirals-bears,DETECTED
f6547159-c29d-40d6-8a8e-3c2ad13c6286_02-18-week3-FAILING_AND_PASSING,341701983,N/A,24/08/18 14:43,24/08/2018,spirals-bears,DETECTED
f6547159-c29d-40d6-8a8e-3c2ad13c6286_02-18-week3-FAILING_AND_PASSING,342197604,N/A,24/08/18 14:43,24/08/2018,spirals-bears,DETECTED
f6547159-c29d-40d6-8a8e-3c2ad13c6286_02-18-week3-FAILING_AND_PASSING,342188735,N/A,24/08/18 14:43,24/08/2018,spirals-bears,DETECTED
f6547159-c29d-40d6-8a8e-3c2ad13c6286_02-18-week3-FAILING_AND_PASSING,342188718,N/A,24/08/18 14:43,24/08/2018,spirals-bears,DETECTED
f6547159-c29d-40d6-8a8e-3c2ad13c6286_02-18-week3-FAILING_AND_PASSING,342051349,N/A,24/08/18 14:43,24/08/2018,spirals-bears,DETECTED
f6547159-c29d-40d6-8a8e-3c2ad13c6286_02-18-week3-FAILING_AND_PASSING,341990820,N/A,24/08/18 14:43,24/08/2018,spirals-bears,DETECTED
f6547159-c29d-40d6-8a8e-3c2ad13c6286_02-18-week3-FAILING_AND_PASSING,341758638,N/A,24/08/18 14:43,24/08/2018,spirals-bears,DETECTED
f6547159-c29d-40d6-8a8e-3c2ad13c6286_02-18-week3-FAILING_AND_PASSING,341758640,N/A,24/08/18 14:43,24/08/2018,spirals-bears,DETECTED
f6547159-c29d-40d6-8a8e-3c2ad13c6286_02-18-week3-FAILING_AND_PASSING,341707253,N/A,24/08/18 14:43,24/08/2018,spirals-bears,DETECTED
f6547159-c29d-40d6-8a8e-3c2ad13c6286_02-18-week3-FAILING_AND_PASSING,341711813,N/A,24/08/18 14:43,24/08/2018,spirals-bears,DETECTED
f6547159-c29d-40d6-8a8e-3c2ad13c6286_02-18-week3-FAILING_AND_PASSING,329282873,N/A,24/08/18 14:43,24/08/2018,spirals-bears,DETECTED
f6547159-c29d-40d6-8a8e-3c2ad13c6286_02-18-week3-FAILING_AND_PASSING,341364283,N/A,24/08/18 14:43,24/08/2018,spirals-bears,DETECTED
f6547159-c29d-40d6-8a8e-3c2ad13c6286_02-18-week3-FAILING_AND_PASSING,343811503,N/A,24/08/18 14:43,24/08/2018,spirals-bears,DETECTED
f6547159-c29d-40d6-8a8e-3c2ad13c6286_02-18-week3-FAILING_AND_PASSING,343942016,N/A,24/08/18 14:43,24/08/2018,spirals-bears,DETECTED
f6547159-c29d-40d6-8a8e-3c2ad13c6286_02-18-week3-FAILING_AND_PASSING,343557664,N/A,24/08/18 14:43,24/08/2018,spirals-bears,DETECTED
f6547159-c29d-40d6-8a8e-3c2ad13c6286_02-18-week3-FAILING_AND_PASSING,343374087,N/A,24/08/18 14:43,24/08/2018,spirals-bears,DETECTED
f6547159-c29d-40d6-8a8e-3c2ad13c6286_02-18-week3-FAILING_AND_PASSING,343291114,N/A,24/08/18 14:43,24/08/2018,spirals-bears,DETECTED
f6547159-c29d-40d6-8a8e-3c2ad13c6286_02-18-week3-FAILING_AND_PASSING,343291662,N/A,24/08/18 14:43,24/08/2018,spirals-bears,DETECTED
f6547159-c29d-40d6-8a8e-3c2ad13c6286_02-18-week3-FAILING_AND_PASSING,343193102,N/A,24/08/18 14:43,24/08/2018,spirals-bears,DETECTED
f6547159-c29d-40d6-8a8e-3c2ad13c6286_02-18-week3-FAILING_AND_PASSING,343109183,N/A,24/08/18 14:43,24/08/2018,spirals-bears,DETECTED
f6547159-c29d-40d6-8a8e-3c2ad13c6286_02-18-week3-FAILING_AND_PASSING,343055074,N/A,24/08/18 14:43,24/08/2018,spirals-bears,DETECTED
f6547159-c29d-40d6-8a8e-3c2ad13c6286_02-18-week3-FAILING_AND_PASSING,342929348,N/A,24/08/18 14:43,24/08/2018,spirals-bears,DETECTED
f6547159-c29d-40d6-8a8e-3c2ad13c6286_02-18-week3-FAILING_AND_PASSING,342908519,N/A,24/08/18 14:43,24/08/2018,spirals-bears,DETECTED
f6547159-c29d-40d6-8a8e-3c2ad13c6286_02-18-week3-FAILING_AND_PASSING,342840630,N/A,24/08/18 14:43,24/08/2018,spirals-bears,DETECTED
f6547159-c29d-40d6-8a8e-3c2ad13c6286_02-18-week3-FAILING_AND_PASSING,342776162,N/A,24/08/18 14:43,24/08/2018,spirals-bears,DETECTED
f6547159-c29d-40d6-8a8e-3c2ad13c6286_02-18-week3-FAILING_AND_PASSING,342622018,N/A,24/08/18 14:43,24/08/2018,spirals-bears,DETECTED
f6547159-c29d-40d6-8a8e-3c2ad13c6286_02-18-week3-FAILING_AND_PASSING,342713461,N/A,24/08/18 14:43,24/08/2018,spirals-bears,DETECTED
f6547159-c29d-40d6-8a8e-3c2ad13c6286_02-18-week3-FAILING_AND_PASSING,342692412,N/A,24/08/18 14:43,24/08/2018,spirals-bears,DETECTED
f6547159-c29d-40d6-8a8e-3c2ad13c6286_02-18-week3-FAILING_AND_PASSING,342592003,N/A,24/08/18 14:43,24/08/2018,spirals-bears,DETECTED
f6547159-c29d-40d6-8a8e-3c2ad13c6286_02-18-week3-FAILING_AND_PASSING,342558206,N/A,24/08/18 14:43,24/08/2018,spirals-bears,DETECTED
f6547159-c29d-40d6-8a8e-3c2ad13c6286_02-18-week3-FAILING_AND_PASSING,342443834,N/A,24/08/18 14:43,24/08/2018,spirals-bears,DETECTED
f6547159-c29d-40d6-8a8e-3c2ad13c6286_02-18-week3-FAILING_AND_PASSING,342040188,N/A,24/08/18 14:43,24/08/2018,spirals-bears,DETECTED
f6547159-c29d-40d6-8a8e-3c2ad13c6286_02-18-week3-FAILING_AND_PASSING,342235392,N/A,24/08/18 14:43,24/08/2018,spirals-bears,DETECTED
f6547159-c29d-40d6-8a8e-3c2ad13c6286_02-18-week3-FAILING_AND_PASSING,342180352,N/A,24/08/18 14:43,24/08/2018,spirals-bears,DETECTED
f6547159-c29d-40d6-8a8e-3c2ad13c6286_02-18-week3-FAILING_AND_PASSING,342168887,N/A,24/08/18 14:43,24/08/2018,spirals-bears,DETECTED
f6547159-c29d-40d6-8a8e-3c2ad13c6286_02-18-week3-FAILING_AND_PASSING,342167656,N/A,24/08/18 14:43,24/08/2018,spirals-bears,DETECTED
f6547159-c29d-40d6-8a8e-3c2ad13c6286_02-18-week3-FAILING_AND_PASSING,341924965,N/A,24/08/18 14:43,24/08/2018,spirals-bears,DETECTED
f6547159-c29d-40d6-8a8e-3c2ad13c6286_02-18-week3-FAILING_AND_PASSING,341908178,N/A,24/08/18 14:43,24/08/2018,spirals-bears,DETECTED
f6547159-c29d-40d6-8a8e-3c2ad13c6286_02-18-week3-FAILING_AND_PASSING,343712638,N/A,24/08/18 14:43,24/08/2018,spirals-bears,DETECTED
f6547159-c29d-40d6-8a8e-3c2ad13c6286_02-18-week3-FAILING_AND_PASSING,343712865,N/A,24/08/18 14:43,24/08/2018,spirals-bears,DETECTED
f6547159-c29d-40d6-8a8e-3c2ad13c6286_02-18-week3-FAILING_AND_PASSING,343691342,N/A,24/08/18 14:43,24/08/2018,spirals-bears,DETECTED
f6547159-c29d-40d6-8a8e-3c2ad13c6286_02-18-week3-FAILING_AND_PASSING,343690876,N/A,24/08/18 14:43,24/08/2018,spirals-bears,DETECTED
f6547159-c29d-40d6-8a8e-3c2ad13c6286_02-18-week3-FAILING_AND_PASSING,339322799,N/A,24/08/18 14:43,24/08/2018,spirals-bears,DETECTED
f6547159-c29d-40d6-8a8e-3c2ad13c6286_02-18-week3-FAILING_AND_PASSING,343711398,N/A,24/08/18 14:43,24/08/2018,spirals-bears,DETECTED
f6547159-c29d-40d6-8a8e-3c2ad13c6286_02-18-week3-FAILING_AND_PASSING,343711058,N/A,24/08/18 14:43,24/08/2018,spirals-bears,DETECTED
f6547159-c29d-40d6-8a8e-3c2ad13c6286_02-18-week3-FAILING_AND_PASSING,339395429,N/A,24/08/18 14:43,24/08/2018,spirals-bears,DETECTED
f6547159-c29d-40d6-8a8e-3c2ad13c6286_02-18-week3-FAILING_AND_PASSING,339395484,N/A,24/08/18 14:43,24/08/2018,spirals-bears,DETECTED
f6547159-c29d-40d6-8a8e-3c2ad13c6286_02-18-week3-FAILING_AND_PASSING,343266523,N/A,24/08/18 14:43,24/08/2018,spirals-bears,DETECTED
f6547159-c29d-40d6-8a8e-3c2ad13c6286_02-18-week3-FAILING_AND_PASSING,342233400,N/A,24/08/18 14:43,24/08/2018,spirals-bears,DETECTED
f6547159-c29d-40d6-8a8e-3c2ad13c6286_02-18-week3-FAILING_AND_PASSING,342191502,N/A,24/08/18 14:43,24/08/2018,spirals-bears,DETECTED
f6547159-c29d-40d6-8a8e-3c2ad13c6286_02-18-week3-FAILING_AND_PASSING,339322689,N/A,24/08/18 14:43,24/08/2018,spirals-bears,DETECTED
f6547159-c29d-40d6-8a8e-3c2ad13c6286_02-18-week3-FAILING_AND_PASSING,339320231,N/A,24/08/18 14:43,24/08/2018,spirals-bears,DETECTED
f6547159-c29d-40d6-8a8e-3c2ad13c6286_02-18-week3-FAILING_AND_PASSING,341725425,N/A,24/08/18 14:43,24/08/2018,spirals-bears,DETECTED
f6547159-c29d-40d6-8a8e-3c2ad13c6286_02-18-week3-FAILING_AND_PASSING,341891050,N/A,24/08/18 14:43,24/08/2018,spirals-bears,DETECTED
f6547159-c29d-40d6-8a8e-3c2ad13c6286_02-18-week3-FAILING_AND_PASSING,341674464,N/A,24/08/18 14:43,24/08/2018,spirals-bears,DETECTED
f6547159-c29d-40d6-8a8e-3c2ad13c6286_02-18-week3-FAILING_AND_PASSING,341668660,N/A,24/08/18 14:43,24/08/2018,spirals-bears,DETECTED
f6547159-c29d-40d6-8a8e-3c2ad13c6286_02-18-week3-FAILING_AND_PASSING,344416514,N/A,24/08/18 14:43,24/08/2018,spirals-bears,DETECTED
f6547159-c29d-40d6-8a8e-3c2ad13c6286_02-18-week3-FAILING_AND_PASSING,343629158,N/A,24/08/18 14:43,24/08/2018,spirals-bears,DETECTED
f6547159-c29d-40d6-8a8e-3c2ad13c6286_02-18-week3-FAILING_AND_PASSING,342371195,N/A,24/08/18 14:43,24/08/2018,spirals-bears,DETECTED
f6547159-c29d-40d6-8a8e-3c2ad13c6286_02-18-week3-FAILING_AND_PASSING,342479519,N/A,24/08/18 14:43,24/08/2018,spirals-bears,DETECTED
f6547159-c29d-40d6-8a8e-3c2ad13c6286_02-18-week3-FAILING_AND_PASSING,338236047,N/A,24/08/18 14:43,24/08/2018,spirals-bears,DETECTED
f6547159-c29d-40d6-8a8e-3c2ad13c6286_02-18-week3-FAILING_AND_PASSING,344292078,N/A,24/08/18 14:43,24/08/2018,spirals-bears,DETECTED
f6547159-c29d-40d6-8a8e-3c2ad13c6286_02-18-week3-FAILING_AND_PASSING,342875675,N/A,24/08/18 14:43,24/08/2018,spirals-bears,DETECTED
f6547159-c29d-40d6-8a8e-3c2ad13c6286_02-18-week3-FAILING_AND_PASSING,342875660,N/A,24/08/18 14:43,24/08/2018,spirals-bears,DETECTED
f6547159-c29d-40d6-8a8e-3c2ad13c6286_02-18-week3-FAILING_AND_PASSING,341717564,N/A,24/08/18 14:43,24/08/2018,spirals-bears,DETECTED
f6547159-c29d-40d6-8a8e-3c2ad13c6286_02-18-week3-FAILING_AND_PASSING,344403844,N/A,24/08/18 14:43,24/08/2018,spirals-bears,DETECTED
f6547159-c29d-40d6-8a8e-3c2ad13c6286_02-18-week3-FAILING_AND_PASSING,344403803,N/A,24/08/18 14:43,24/08/2018,spirals-bears,DETECTED
f6547159-c29d-40d6-8a8e-3c2ad13c6286_02-18-week3-FAILING_AND_PASSING,343964744,N/A,24/08/18 14:43,24/08/2018,spirals-bears,DETECTED
f6547159-c29d-40d6-8a8e-3c2ad13c6286_02-18-week3-FAILING_AND_PASSING,343972971,N/A,24/08/18 14:43,24/08/2018,spirals-bears,DETECTED
f6547159-c29d-40d6-8a8e-3c2ad13c6286_02-18-week3-FAILING_AND_PASSING,342409724,N/A,24/08/18 14:43,24/08/2018,spirals-bears,DETECTED
f6547159-c29d-40d6-8a8e-3c2ad13c6286_02-18-week3-FAILING_AND_PASSING,342383044,N/A,24/08/18 14:43,24/08/2018,spirals-bears,DETECTED
f6547159-c29d-40d6-8a8e-3c2ad13c6286_02-18-week3-FAILING_AND_PASSING,342597247,N/A,24/08/18 14:43,24/08/2018,spirals-bears,DETECTED
f6547159-c29d-40d6-8a8e-3c2ad13c6286_02-18-week3-FAILING_AND_PASSING,342078790,N/A,24/08/18 14:43,24/08/2018,spirals-bears,DETECTED
f6547159-c29d-40d6-8a8e-3c2ad13c6286_02-18-week3-FAILING_AND_PASSING,341938784,N/A,24/08/18 14:43,24/08/2018,spirals-bears,DETECTED
f6547159-c29d-40d6-8a8e-3c2ad13c6286_02-18-week3-FAILING_AND_PASSING,342343237,N/A,24/08/18 14:43,24/08/2018,spirals-bears,DETECTED
f6547159-c29d-40d6-8a8e-3c2ad13c6286_02-18-week3-FAILING_AND_PASSING,342062995,N/A,24/08/18 14:43,24/08/2018,spirals-bears,DETECTED
f6547159-c29d-40d6-8a8e-3c2ad13c6286_02-18-week3-FAILING_AND_PASSING,342063618,N/A,24/08/18 14:43,24/08/2018,spirals-bears,DETECTED
f6547159-c29d-40d6-8a8e-3c2ad13c6286_02-18-week3-FAILING_AND_PASSING,342063556,N/A,24/08/18 14:43,24/08/2018,spirals-bears,DETECTED
f6547159-c29d-40d6-8a8e-3c2ad13c6286_02-18-week3-FAILING_AND_PASSING,341928794,N/A,24/08/18 14:43,24/08/2018,spirals-bears,DETECTED
f6547159-c29d-40d6-8a8e-3c2ad13c6286_02-18-week3-FAILING_AND_PASSING,341659739,N/A,24/08/18 14:43,24/08/2018,spirals-bears,DETECTED
f6547159-c29d-40d6-8a8e-3c2ad13c6286_02-18-week3-FAILING_AND_PASSING,336973211,N/A,24/08/18 14:43,24/08/2018,spirals-bears,DETECTED
f6547159-c29d-40d6-8a8e-3c2ad13c6286_02-18-week3-FAILING_AND_PASSING,342590341,N/A,24/08/18 14:43,24/08/2018,spirals-bears,DETECTED
f6547159-c29d-40d6-8a8e-3c2ad13c6286_02-18-week3-FAILING_AND_PASSING,343845777,N/A,24/08/18 14:43,24/08/2018,spirals-bears,DETECTED
f6547159-c29d-40d6-8a8e-3c2ad13c6286_02-18-week3-FAILING_AND_PASSING,341925793,N/A,24/08/18 14:43,24/08/2018,spirals-bears,DETECTED
f6547159-c29d-40d6-8a8e-3c2ad13c6286_02-18-week3-FAILING_AND_PASSING,341762759,N/A,24/08/18 14:43,24/08/2018,spirals-bears,DETECTED
f6547159-c29d-40d6-8a8e-3c2ad13c6286_02-18-week3-FAILING_AND_PASSING,341054710,N/A,24/08/18 14:43,24/08/2018,spirals-bears,DETECTED
f6547159-c29d-40d6-8a8e-3c2ad13c6286_02-18-week3-FAILING_AND_PASSING,344489407,N/A,24/08/18 14:43,24/08/2018,spirals-bears,DETECTED
f6547159-c29d-40d6-8a8e-3c2ad13c6286_02-18-week3-FAILING_AND_PASSING,344373717,N/A,24/08/18 14:43,24/08/2018,spirals-bears,DETECTED
f6547159-c29d-40d6-8a8e-3c2ad13c6286_02-18-week3-FAILING_AND_PASSING,344016373,N/A,24/08/18 14:43,24/08/2018,spirals-bears,DETECTED
f6547159-c29d-40d6-8a8e-3c2ad13c6286_02-18-week3-FAILING_AND_PASSING,340763874,N/A,24/08/18 14:43,24/08/2018,spirals-bears,DETECTED
f6547159-c29d-40d6-8a8e-3c2ad13c6286_02-18-week3-FAILING_AND_PASSING,344496146,N/A,24/08/18 14:43,24/08/2018,spirals-bears,DETECTED
f6547159-c29d-40d6-8a8e-3c2ad13c6286_02-18-week3-FAILING_AND_PASSING,344496133,N/A,24/08/18 14:43,24/08/2018,spirals-bears,DETECTED
f6547159-c29d-40d6-8a8e-3c2ad13c6286_02-18-week3-FAILING_AND_PASSING,342555436,N/A,24/08/18 14:43,24/08/2018,spirals-bears,DETECTED
f6547159-c29d-40d6-8a8e-3c2ad13c6286_02-18-week3-FAILING_AND_PASSING,342555366,N/A,24/08/18 14:43,24/08/2018,spirals-bears,DETECTED
f6547159-c29d-40d6-8a8e-3c2ad13c6286_02-18-week3-FAILING_AND_PASSING,342909094,N/A,24/08/18 14:43,24/08/2018,spirals-bears,DETECTED
f6547159-c29d-40d6-8a8e-3c2ad13c6286_02-18-week3-FAILING_AND_PASSING,342908971,N/A,24/08/18 14:43,24/08/2018,spirals-bears,DETECTED
f6547159-c29d-40d6-8a8e-3c2ad13c6286_02-18-week3-FAILING_AND_PASSING,342003660,N/A,24/08/18 14:43,24/08/2018,spirals-bears,DETECTED
f6547159-c29d-40d6-8a8e-3c2ad13c6286_02-18-week3-FAILING_AND_PASSING,342003678,N/A,24/08/18 14:43,24/08/2018,spirals-bears,DETECTED
f6547159-c29d-40d6-8a8e-3c2ad13c6286_02-18-week3-FAILING_AND_PASSING,341941160,N/A,24/08/18 14:43,24/08/2018,spirals-bears,DETECTED
f6547159-c29d-40d6-8a8e-3c2ad13c6286_02-18-week3-FAILING_AND_PASSING,341941233,N/A,24/08/18 14:43,24/08/2018,spirals-bears,DETECTED
f6547159-c29d-40d6-8a8e-3c2ad13c6286_02-18-week3-FAILING_AND_PASSING,341636353,N/A,24/08/18 14:43,24/08/2018,spirals-bears,DETECTED
f6547159-c29d-40d6-8a8e-3c2ad13c6286_02-18-week3-FAILING_AND_PASSING,341636355,N/A,24/08/18 14:43,24/08/2018,spirals-bears,DETECTED
f6547159-c29d-40d6-8a8e-3c2ad13c6286_02-18-week3-FAILING_AND_PASSING,343169341,N/A,24/08/18 14:43,24/08/2018,spirals-bears,DETECTED
f6547159-c29d-40d6-8a8e-3c2ad13c6286_02-18-week3-FAILING_AND_PASSING,342969973,N/A,24/08/18 14:43,24/08/2018,spirals-bears,DETECTED
f6547159-c29d-40d6-8a8e-3c2ad13c6286_02-18-week3-FAILING_AND_PASSING,342691890,N/A,24/08/18 14:43,24/08/2018,spirals-bears,DETECTED
f6547159-c29d-40d6-8a8e-3c2ad13c6286_02-18-week3-FAILING_AND_PASSING,343930105,N/A,24/08/18 14:43,24/08/2018,spirals-bears,DETECTED
f6547159-c29d-40d6-8a8e-3c2ad13c6286_02-18-week3-FAILING_AND_PASSING,342241695,N/A,24/08/18 14:43,24/08/2018,spirals-bears,DETECTED
f6547159-c29d-40d6-8a8e-3c2ad13c6286_02-18-week3-FAILING_AND_PASSING,342459706,N/A,24/08/18 14:43,24/08/2018,spirals-bears,DETECTED
f6547159-c29d-40d6-8a8e-3c2ad13c6286_02-18-week3-FAILING_AND_PASSING,342150058,N/A,24/08/18 14:43,24/08/2018,spirals-bears,DETECTED
f6547159-c29d-40d6-8a8e-3c2ad13c6286_02-18-week3-FAILING_AND_PASSING,340290050,N/A,24/08/18 14:43,24/08/2018,spirals-bears,DETECTED
f6547159-c29d-40d6-8a8e-3c2ad13c6286_02-18-week3-FAILING_AND_PASSING,330686336,N/A,24/08/18 14:43,24/08/2018,spirals-bears,DETECTED
f6547159-c29d-40d6-8a8e-3c2ad13c6286_02-18-week3-FAILING_AND_PASSING,330686350,N/A,24/08/18 14:43,24/08/2018,spirals-bears,DETECTED
f6547159-c29d-40d6-8a8e-3c2ad13c6286_02-18-week3-FAILING_AND_PASSING,335875455,N/A,24/08/18 14:43,24/08/2018,spirals-bears,DETECTED
f6547159-c29d-40d6-8a8e-3c2ad13c6286_02-18-week3-FAILING_AND_PASSING,341781565,N/A,24/08/18 14:43,24/08/2018,spirals-bears,DETECTED
f6547159-c29d-40d6-8a8e-3c2ad13c6286_02-18-week3-FAILING_AND_PASSING,341781591,N/A,24/08/18 14:43,24/08/2018,spirals-bears,DETECTED
f6547159-c29d-40d6-8a8e-3c2ad13c6286_02-18-week3-FAILING_AND_PASSING,341337376,N/A,24/08/18 14:43,24/08/2018,spirals-bears,DETECTED
f6547159-c29d-40d6-8a8e-3c2ad13c6286_02-18-week3-FAILING_AND_PASSING,341346653,N/A,24/08/18 14:43,24/08/2018,spirals-bears,DETECTED
f6547159-c29d-40d6-8a8e-3c2ad13c6286_02-18-week3-FAILING_AND_PASSING,342411542,N/A,24/08/18 14:43,24/08/2018,spirals-bears,DETECTED
f6547159-c29d-40d6-8a8e-3c2ad13c6286_02-18-week3-FAILING_AND_PASSING,343551279,N/A,24/08/18 14:43,24/08/2018,spirals-bears,DETECTED
f6547159-c29d-40d6-8a8e-3c2ad13c6286_02-18-week3-FAILING_AND_PASSING,343084213,N/A,24/08/18 14:43,24/08/2018,spirals-bears,DETECTED
f6547159-c29d-40d6-8a8e-3c2ad13c6286_02-18-week3-FAILING_AND_PASSING,342773192,N/A,24/08/18 14:43,24/08/2018,spirals-bears,DETECTED
f6547159-c29d-40d6-8a8e-3c2ad13c6286_02-18-week3-FAILING_AND_PASSING,341863634,N/A,24/08/18 14:43,24/08/2018,spirals-bears,DETECTED
f6547159-c29d-40d6-8a8e-3c2ad13c6286_02-18-week3-FAILING_AND_PASSING,343636512,N/A,24/08/18 14:43,24/08/2018,spirals-bears,DETECTED
f6547159-c29d-40d6-8a8e-3c2ad13c6286_02-18-week3-FAILING_AND_PASSING,342293638,N/A,24/08/18 14:43,24/08/2018,spirals-bears,DETECTED
f6547159-c29d-40d6-8a8e-3c2ad13c6286_02-18-week3-FAILING_AND_PASSING,341564987,N/A,24/08/18 14:43,24/08/2018,spirals-bears,DETECTED
f6547159-c29d-40d6-8a8e-3c2ad13c6286_02-18-week3-FAILING_AND_PASSING,341056377,N/A,24/08/18 14:43,24/08/2018,spirals-bears,DETECTED
f6547159-c29d-40d6-8a8e-3c2ad13c6286_02-18-week3-FAILING_AND_PASSING,341417114,N/A,24/08/18 14:43,24/08/2018,spirals-bears,DETECTED
f6547159-c29d-40d6-8a8e-3c2ad13c6286_02-18-week3-FAILING_AND_PASSING,342431455,N/A,24/08/18 14:43,24/08/2018,spirals-bears,DETECTED
f6547159-c29d-40d6-8a8e-3c2ad13c6286_02-18-week3-FAILING_AND_PASSING,343724871,N/A,24/08/18 14:43,24/08/2018,spirals-bears,DETECTED
f6547159-c29d-40d6-8a8e-3c2ad13c6286_02-18-week3-FAILING_AND_PASSING,343710487,N/A,24/08/18 14:43,24/08/2018,spirals-bears,DETECTED
f6547159-c29d-40d6-8a8e-3c2ad13c6286_02-18-week3-FAILING_AND_PASSING,343370487,N/A,24/08/18 14:43,24/08/2018,spirals-bears,DETECTED
f6547159-c29d-40d6-8a8e-3c2ad13c6286_02-18-week3-FAILING_AND_PASSING,343269385,N/A,24/08/18 14:43,24/08/2018,spirals-bears,DETECTED
f6547159-c29d-40d6-8a8e-3c2ad13c6286_02-18-week3-FAILING_AND_PASSING,342355964,N/A,24/08/18 14:43,24/08/2018,spirals-bears,DETECTED
f6547159-c29d-40d6-8a8e-3c2ad13c6286_02-18-week3-FAILING_AND_PASSING,342316797,N/A,24/08/18 14:43,24/08/2018,spirals-bears,DETECTED
f6547159-c29d-40d6-8a8e-3c2ad13c6286_02-18-week3-FAILING_AND_PASSING,341887702,N/A,24/08/18 14:43,24/08/2018,spirals-bears,DETECTED
f6547159-c29d-40d6-8a8e-3c2ad13c6286_02-18-week3-FAILING_AND_PASSING,341875233,N/A,24/08/18 14:43,24/08/2018,spirals-bears,DETECTED
f6547159-c29d-40d6-8a8e-3c2ad13c6286_02-18-week3-FAILING_AND_PASSING,341797840,N/A,24/08/18 14:43,24/08/2018,spirals-bears,DETECTED
f6547159-c29d-40d6-8a8e-3c2ad13c6286_02-18-week3-FAILING_AND_PASSING,342413673,N/A,24/08/18 14:43,24/08/2018,spirals-bears,DETECTED
f6547159-c29d-40d6-8a8e-3c2ad13c6286_02-18-week3-FAILING_AND_PASSING,343969968,N/A,24/08/18 14:43,24/08/2018,spirals-bears,DETECTED
f6547159-c29d-40d6-8a8e-3c2ad13c6286_02-18-week3-FAILING_AND_PASSING,342801319,N/A,24/08/18 14:43,24/08/2018,spirals-bears,DETECTED
f6547159-c29d-40d6-8a8e-3c2ad13c6286_02-18-week3-FAILING_AND_PASSING,342375968,N/A,24/08/18 14:43,24/08/2018,spirals-bears,DETECTED
f6547159-c29d-40d6-8a8e-3c2ad13c6286_02-18-week3-FAILING_AND_PASSING,342365978,N/A,24/08/18 14:43,24/08/2018,spirals-bears,DETECTED
f6547159-c29d-40d6-8a8e-3c2ad13c6286_02-18-week3-FAILING_AND_PASSING,344329681,N/A,24/08/18 14:43,24/08/2018,spirals-bears,DETECTED
f6547159-c29d-40d6-8a8e-3c2ad13c6286_02-18-week3-FAILING_AND_PASSING,343838016,N/A,24/08/18 14:43,24/08/2018,spirals-bears,DETECTED
f6547159-c29d-40d6-8a8e-3c2ad13c6286_02-18-week3-FAILING_AND_PASSING,344187747,N/A,24/08/18 14:43,24/08/2018,spirals-bears,DETECTED
f6547159-c29d-40d6-8a8e-3c2ad13c6286_02-18-week3-FAILING_AND_PASSING,343373024,N/A,24/08/18 14:43,24/08/2018,spirals-bears,DETECTED
f6547159-c29d-40d6-8a8e-3c2ad13c6286_02-18-week3-FAILING_AND_PASSING,343328565,N/A,24/08/18 14:43,24/08/2018,spirals-bears,DETECTED
f6547159-c29d-40d6-8a8e-3c2ad13c6286_02-18-week3-FAILING_AND_PASSING,285925513,N/A,24/08/18 14:43,24/08/2018,spirals-bears,DETECTED
f6547159-c29d-40d6-8a8e-3c2ad13c6286_02-18-week3-FAILING_AND_PASSING,343277334,N/A,24/08/18 14:43,24/08/2018,spirals-bears,DETECTED
f6547159-c29d-40d6-8a8e-3c2ad13c6286_02-18-week3-FAILING_AND_PASSING,341757406,N/A,24/08/18 14:43,24/08/2018,spirals-bears,DETECTED
f6547159-c29d-40d6-8a8e-3c2ad13c6286_02-18-week3-FAILING_AND_PASSING,344057061,N/A,24/08/18 14:43,24/08/2018,spirals-bears,DETECTED
f6547159-c29d-40d6-8a8e-3c2ad13c6286_02-18-week3-FAILING_AND_PASSING,343707926,N/A,24/08/18 14:43,24/08/2018,spirals-bears,DETECTED
f6547159-c29d-40d6-8a8e-3c2ad13c6286_02-18-week3-FAILING_AND_PASSING,343451761,N/A,24/08/18 14:43,24/08/2018,spirals-bears,DETECTED
f6547159-c29d-40d6-8a8e-3c2ad13c6286_02-18-week3-FAILING_AND_PASSING,342221867,N/A,24/08/18 14:43,24/08/2018,spirals-bears,DETECTED
f6547159-c29d-40d6-8a8e-3c2ad13c6286_02-18-week3-FAILING_AND_PASSING,343557607,N/A,24/08/18 14:43,24/08/2018,spirals-bears,DETECTED
f6547159-c29d-40d6-8a8e-3c2ad13c6286_02-18-week3-FAILING_AND_PASSING,343557636,N/A,24/08/18 14:43,24/08/2018,spirals-bears,DETECTED
f6547159-c29d-40d6-8a8e-3c2ad13c6286_02-18-week3-FAILING_AND_PASSING,342476502,N/A,24/08/18 14:43,24/08/2018,spirals-bears,DETECTED
f6547159-c29d-40d6-8a8e-3c2ad13c6286_02-18-week3-FAILING_AND_PASSING,343639585,N/A,24/08/18 14:43,24/08/2018,spirals-bears,DETECTED
f6547159-c29d-40d6-8a8e-3c2ad13c6286_02-18-week3-FAILING_AND_PASSING,343474903,N/A,24/08/18 14:43,24/08/2018,spirals-bears,DETECTED
f6547159-c29d-40d6-8a8e-3c2ad13c6286_02-18-week3-FAILING_AND_PASSING,341869451,N/A,24/08/18 14:43,24/08/2018,spirals-bears,DETECTED
f6547159-c29d-40d6-8a8e-3c2ad13c6286_02-18-week3-FAILING_AND_PASSING,342796298,N/A,24/08/18 14:43,24/08/2018,spirals-bears,DETECTED
f6547159-c29d-40d6-8a8e-3c2ad13c6286_02-18-week3-FAILING_AND_PASSING,342796100,N/A,24/08/18 14:43,24/08/2018,spirals-bears,DETECTED
f6547159-c29d-40d6-8a8e-3c2ad13c6286_02-18-week3-FAILING_AND_PASSING,341102336,N/A,24/08/18 14:43,24/08/2018,spirals-bears,DETECTED
f6547159-c29d-40d6-8a8e-3c2ad13c6286_02-18-week3-FAILING_AND_PASSING,341779296,N/A,24/08/18 14:43,24/08/2018,spirals-bears,DETECTED
f6547159-c29d-40d6-8a8e-3c2ad13c6286_02-18-week3-FAILING_AND_PASSING,341687759,N/A,24/08/18 14:43,24/08/2018,spirals-bears,DETECTED
f6547159-c29d-40d6-8a8e-3c2ad13c6286_02-18-week3-FAILING_AND_PASSING,344227900,N/A,24/08/18 14:43,24/08/2018,spirals-bears,DETECTED
f6547159-c29d-40d6-8a8e-3c2ad13c6286_02-18-week3-FAILING_AND_PASSING,344052857,N/A,24/08/18 14:43,24/08/2018,spirals-bears,DETECTED
f6547159-c29d-40d6-8a8e-3c2ad13c6286_02-18-week3-FAILING_AND_PASSING,343912934,N/A,24/08/18 14:43,24/08/2018,spirals-bears,DETECTED
f6547159-c29d-40d6-8a8e-3c2ad13c6286_02-18-week3-FAILING_AND_PASSING,343886544,N/A,24/08/18 14:43,24/08/2018,spirals-bears,DETECTED
f6547159-c29d-40d6-8a8e-3c2ad13c6286_02-18-week3-FAILING_AND_PASSING,343300260,N/A,24/08/18 14:43,24/08/2018,spirals-bears,DETECTED
f6547159-c29d-40d6-8a8e-3c2ad13c6286_02-18-week3-FAILING_AND_PASSING,342853865,N/A,24/08/18 14:43,24/08/2018,spirals-bears,DETECTED
f6547159-c29d-40d6-8a8e-3c2ad13c6286_02-18-week3-FAILING_AND_PASSING,342298899,N/A,24/08/18 14:43,24/08/2018,spirals-bears,DETECTED
f6547159-c29d-40d6-8a8e-3c2ad13c6286_02-18-week3-FAILING_AND_PASSING,342048035,N/A,24/08/18 14:43,24/08/2018,spirals-bears,DETECTED
f6547159-c29d-40d6-8a8e-3c2ad13c6286_02-18-week3-FAILING_AND_PASSING,341880554,N/A,24/08/18 14:43,24/08/2018,spirals-bears,DETECTED
f6547159-c29d-40d6-8a8e-3c2ad13c6286_02-18-week3-FAILING_AND_PASSING,341806573,N/A,24/08/18 14:43,24/08/2018,spirals-bears,DETECTED
f6547159-c29d-40d6-8a8e-3c2ad13c6286_02-18-week3-FAILING_AND_PASSING,344263386,d84a338d2adbc893ced588b5ca8eae2d64eecb978ddcd96123b69d1e0549010b,24/08/18 14:44,24/08/2018,spirals-bears,TREATED
f6547159-c29d-40d6-8a8e-3c2ad13c6286_02-18-week3-FAILING_AND_PASSING,343909243,7fb60c3c652486843a5e2af6cf72d92f646efdce45d1f124b59b07115c047601,24/08/18 14:45,24/08/2018,spirals-bears,TREATED
f6547159-c29d-40d6-8a8e-3c2ad13c6286_02-18-week3-FAILING_AND_PASSING,343258713,502e6e5f8388b09c60ab45cc0c06a3ae86c9c8ea7dfe44f12d3bd86019baab70,24/08/18 14:46,24/08/2018,spirals-bears,TREATED
f6547159-c29d-40d6-8a8e-3c2ad13c6286_02-18-week3-FAILING_AND_PASSING,343760906,784f6008eeff99219017f449bfe9f52160fb01492b78626e33420f9776eab8c9,24/08/18 14:46,24/08/2018,spirals-bears,TREATED
f6547159-c29d-40d6-8a8e-3c2ad13c6286_02-18-week3-FAILING_AND_PASSING,343749196,34d801f4502e1c01ae144739e8ebf82e388aabd64369a12114e7be3bce10d8a5,24/08/18 14:47,24/08/2018,spirals-bears,TREATED
f6547159-c29d-40d6-8a8e-3c2ad13c6286_02-18-week3-FAILING_AND_PASSING,343338321,d3d3415d04223d76be70b0f297aee12b971646f05747a61abba54405bdae302b,24/08/18 14:48,24/08/2018,spirals-bears,TREATED
f6547159-c29d-40d6-8a8e-3c2ad13c6286_02-18-week3-FAILING_AND_PASSING,343323042,7accda9f0a1384fd61e7e72a3cc112d9d9f15d39b30c271aad77f8ac9c2b4840,24/08/18 14:51,24/08/2018,spirals-bears,TREATED
f6547159-c29d-40d6-8a8e-3c2ad13c6286_02-18-week3-FAILING_AND_PASSING,343300349,60c0c171038797c2d64355f97e74840aeb6b680cbf2e27d07836c37d70e49250,24/08/18 14:52,24/08/2018,spirals-bears,TREATED
f6547159-c29d-40d6-8a8e-3c2ad13c6286_02-18-week3-FAILING_AND_PASSING,343300058,0b1119b47ea782032f9d20cf60bdb000edd97b101bb4ad8758d323d356da7112,24/08/18 14:53,24/08/2018,spirals-bears,TREATED
f6547159-c29d-40d6-8a8e-3c2ad13c6286_02-18-week3-FAILING_AND_PASSING,343299622,830d1edc78877111e27dc2b8baf18fc99e9007f2e398180f76b2fdeb9381670d,24/08/18 14:54,24/08/2018,spirals-bears,TREATED
f6547159-c29d-40d6-8a8e-3c2ad13c6286_02-18-week3-FAILING_AND_PASSING,343298253,a7d2da0dc94d4fa88e43aac9eb349531dc50c06a1bd86e05e0a304195dd6d0a0,24/08/18 14:56,24/08/2018,spirals-bears,TREATED
f6547159-c29d-40d6-8a8e-3c2ad13c6286_02-18-week3-FAILING_AND_PASSING,340530755,44dd5de78b3e6f53bb0a1c9ba75ea1d19f32ef36b9fc0a83f0e76ba26abe336d,24/08/18 14:57,24/08/2018,spirals-bears,TREATED
f6547159-c29d-40d6-8a8e-3c2ad13c6286_02-18-week3-FAILING_AND_PASSING,343910937,e49b66cea27d67afe836bfd362eee1cee4a96479efaa9ed943d89482fc161aa0,24/08/18 15:30,24/08/2018,spirals-bears,TREATED
f6547159-c29d-40d6-8a8e-3c2ad13c6286_02-18-week3-FAILING_AND_PASSING,343827468,e41cb76f063fb6701b3845d1d99c4749af5a965657be8b53515ecfbb8c21f35c,24/08/18 15:31,24/08/2018,spirals-bears,TREATED
f6547159-c29d-40d6-8a8e-3c2ad13c6286_02-18-week3-FAILING_AND_PASSING,342718545,70994133ed3d89ab74754dd26876bc1524e4f15d6528a3f9d3b628523803c07c,24/08/18 15:32,24/08/2018,spirals-bears,TREATED
f6547159-c29d-40d6-8a8e-3c2ad13c6286_02-18-week3-FAILING_AND_PASSING,342707367,c189724c2ee1a54413d8a0f89b4ec986f99fe083e3eae755a8186a7e7751476c,24/08/18 15:33,24/08/2018,spirals-bears,TREATED
f6547159-c29d-40d6-8a8e-3c2ad13c6286_02-18-week3-FAILING_AND_PASSING,342707120,97262b497a2f6651844de0a1ee760f71343f07214e0fdb555fe12c8c3812affb,24/08/18 15:33,24/08/2018,spirals-bears,TREATED
f6547159-c29d-40d6-8a8e-3c2ad13c6286_02-18-week3-FAILING_AND_PASSING,343717417,5f65d721d3fedf14bda0793bdad6f8a34a8b65241c31529ec4de9f7799f5d195,24/08/18 15:34,24/08/2018,spirals-bears,TREATED
f6547159-c29d-40d6-8a8e-3c2ad13c6286_02-18-week3-FAILING_AND_PASSING,342241054,c308a593cee15450078590bede09caa205d9dd4e5052c00458f08405809d1b9f,24/08/18 15:34,24/08/2018,spirals-bears,TREATED
f6547159-c29d-40d6-8a8e-3c2ad13c6286_02-18-week3-FAILING_AND_PASSING,341974584,747a798bad13ffa8c1e6343134e1b3fa788e1472069b710c96cff87cb7e64d92,24/08/18 15:35,24/08/2018,spirals-bears,TREATED
f6547159-c29d-40d6-8a8e-3c2ad13c6286_02-18-week3-FAILING_AND_PASSING,342576555,6357368c864ec196d489fa2137e4e356332c8b44e425bdebc3103892790ff935,24/08/18 15:36,24/08/2018,spirals-bears,TREATED
f6547159-c29d-40d6-8a8e-3c2ad13c6286_02-18-week3-FAILING_AND_PASSING,341971761,8fda3d37abbf586ec17f770f29f6dd9a93e6bb80880e4184709d6e54a9f95475,24/08/18 15:37,24/08/2018,spirals-bears,TREATED
f6547159-c29d-40d6-8a8e-3c2ad13c6286_02-18-week3-FAILING_AND_PASSING,343113802,1cf323114bfee8bbd26983e1b6f46267d646240c582b7aca1acf1162366caeee,24/08/18 15:43,24/08/2018,spirals-bears,TREATED
f6547159-c29d-40d6-8a8e-3c2ad13c6286_02-18-week3-FAILING_AND_PASSING,341383474,4f4d675fb5e4a8edee20f8b584ac08ce7e63ce75b474c2180d8be556b6d1f3b2,24/08/18 15:44,24/08/2018,spirals-bears,TREATED
f6547159-c29d-40d6-8a8e-3c2ad13c6286_02-18-week3-FAILING_AND_PASSING,343548093,7cf31ebcf22cedcfe183ee1f5f29d9e985bb67c6ffd0600d5ac06961efe453a7,24/08/18 15:45,24/08/2018,spirals-bears,TREATED
f6547159-c29d-40d6-8a8e-3c2ad13c6286_02-18-week3-FAILING_AND_PASSING,343720415,3d0b3567d2cfbd80f733d5d4e9d06e62073468a89443f241da0cd2ceb0c0943e,24/08/18 15:46,24/08/2018,spirals-bears,TREATED
f6547159-c29d-40d6-8a8e-3c2ad13c6286_02-18-week3-FAILING_AND_PASSING,343985540,6bccbe729373c411e1303a98b1fdb25e95525dbbf2458630402b8e3241c60331,24/08/18 15:47,24/08/2018,spirals-bears,TREATED
f6547159-c29d-40d6-8a8e-3c2ad13c6286_02-18-week3-FAILING_AND_PASSING,343653582,5b5272066e746b97cda2a842b900b83b378d21f05b92b15b2fd4f290bc6b484c,24/08/18 15:48,24/08/2018,spirals-bears,TREATED
f6547159-c29d-40d6-8a8e-3c2ad13c6286_02-18-week3-FAILING_AND_PASSING,343328404,c42ee42573078b3f8954c6bf03cc83acdd0174f713d79cc958be0dca5a2fe03c,24/08/18 15:50,24/08/2018,spirals-bears,TREATED
f6547159-c29d-40d6-8a8e-3c2ad13c6286_02-18-week3-FAILING_AND_PASSING,342541905,bad3de471e0fa63b34f3f12b37f1e0c4aa80d035f16a6626f6b836b241aec694,24/08/18 15:51,24/08/2018,spirals-bears,TREATED
f6547159-c29d-40d6-8a8e-3c2ad13c6286_02-18-week3-FAILING_AND_PASSING,342673277,84998d4fa653b9f73b844f22b0168d90f2e95b7edcf1ab4b5f74bd1ae690bf97,24/08/18 15:51,24/08/2018,spirals-bears,TREATED
f6547159-c29d-40d6-8a8e-3c2ad13c6286_02-18-week3-FAILING_AND_PASSING,342664757,4db9abf56bf5156225c3a3c89128e65106e3de37e70fd4942f3bacf54379ee54,24/08/18 15:52,24/08/2018,spirals-bears,TREATED
f6547159-c29d-40d6-8a8e-3c2ad13c6286_02-18-week3-FAILING_AND_PASSING,340282650,ea90c00e52e2feb3b0ea8e9e19883d4df3321d3e583439bdae7419cf63e4b74e,24/08/18 15:53,24/08/2018,spirals-bears,TREATED
f6547159-c29d-40d6-8a8e-3c2ad13c6286_02-18-week3-FAILING_AND_PASSING,342673330,e0677493a632928b2ff0a6b2b314efbebd6b83e9a3986fa39bfb48b1a6d62e04,24/08/18 16:21,24/08/2018,spirals-bears,TREATED
f6547159-c29d-40d6-8a8e-3c2ad13c6286_02-18-week3-FAILING_AND_PASSING,341582569,920ed6bff2c644c3823e29f08e3e79fb318e6247cf469357f4ce1568eb081f3e,24/08/18 16:22,24/08/2018,spirals-bears,TREATED
f6547159-c29d-40d6-8a8e-3c2ad13c6286_02-18-week3-FAILING_AND_PASSING,342439660,a36080f470cf164dca20037a97d57cd705613fddb0ba17544a5a89ddbbd62f6b,24/08/18 16:23,24/08/2018,spirals-bears,TREATED
f6547159-c29d-40d6-8a8e-3c2ad13c6286_02-18-week3-FAILING_AND_PASSING,342284009,5116eadeb3a4f9adbc286c82dfc5460f49700782e311e7a8ea25f881a6a31531,24/08/18 16:23,24/08/2018,spirals-bears,TREATED
f6547159-c29d-40d6-8a8e-3c2ad13c6286_02-18-week3-FAILING_AND_PASSING,342033316,cd4ced3c7b5763ebacde9848f45f24cfe4a76e1664be3469c405954587f23357,24/08/18 16:24,24/08/2018,spirals-bears,TREATED
f6547159-c29d-40d6-8a8e-3c2ad13c6286_02-18-week3-FAILING_AND_PASSING,342002647,8d81a81444c3dc41aac09d9ee7f533107e8bd6652c3f98150d1ea93226506771,24/08/18 16:24,24/08/2018,spirals-bears,TREATED
f6547159-c29d-40d6-8a8e-3c2ad13c6286_02-18-week3-FAILING_AND_PASSING,341895688,1284d528e8a669fe8729b838c3c3134e8389c48bc861379352bfe1f815d3d228,24/08/18 16:24,24/08/2018,spirals-bears,TREATED
f6547159-c29d-40d6-8a8e-3c2ad13c6286_02-18-week3-FAILING_AND_PASSING,341610886,e95fb470519a8442eeed414e5160e6ffe20c6b50bb8597737a90f35df642c195,24/08/18 16:25,24/08/2018,spirals-bears,TREATED
f6547159-c29d-40d6-8a8e-3c2ad13c6286_02-18-week3-FAILING_AND_PASSING,341887951,eec2d84b5aa7651711da4b887120e5b3ca15fa812cba25ad0bbc4f74d6890aa5,24/08/18 16:25,24/08/2018,spirals-bears,TREATED
f6547159-c29d-40d6-8a8e-3c2ad13c6286_02-18-week3-FAILING_AND_PASSING,341661507,7a4c9b04e383e59e6d066fa8141aad7544fe42c8efe4adcd02299e2ba0cd2847,24/08/18 16:26,24/08/2018,spirals-bears,TREATED
f6547159-c29d-40d6-8a8e-3c2ad13c6286_02-18-week3-FAILING_AND_PASSING,343901433,8dc0623fd6e46688e0da7a3891ae2a5b2aa92d1946bc2aecb5a0929ff55567df,24/08/18 16:27,24/08/2018,spirals-bears,TREATED
f6547159-c29d-40d6-8a8e-3c2ad13c6286_02-18-week3-FAILING_AND_PASSING,341666704,ccc333b8cdb0d792bf87555c33aaa5ec5cec375cb8f6311f1edba12207f86db1,24/08/18 16:31,24/08/2018,spirals-bears,TREATED
f6547159-c29d-40d6-8a8e-3c2ad13c6286_02-18-week3-FAILING_AND_PASSING,344263526,a50946db907f04cfc7153550ad12101955c9d73fef7517c8499b5b1b0add7cd2,24/08/18 16:33,24/08/2018,spirals-bears,TREATED
f6547159-c29d-40d6-8a8e-3c2ad13c6286_02-18-week3-FAILING_AND_PASSING,344439521,ce859ea42dc53beaa3c58ecd318d0a4a19e01f39d328c41f07a74ed75261194d,24/08/18 16:55,24/08/2018,spirals-bears,TREATED
f6547159-c29d-40d6-8a8e-3c2ad13c6286_02-18-week3-FAILING_AND_PASSING,342043747,30be4c9f3fade421255a1811eb545a687ee51d1357e9f71bcee3c6a374a07fa6,24/08/18 16:56,24/08/2018,spirals-bears,TREATED
f6547159-c29d-40d6-8a8e-3c2ad13c6286_02-18-week3-FAILING_AND_PASSING,344376798,808e859819e61666a45a6eebe9f2a0100123799fe43dcccb5ce102339b3febe3,24/08/18 16:56,24/08/2018,spirals-bears,TREATED
f6547159-c29d-40d6-8a8e-3c2ad13c6286_02-18-week3-FAILING_AND_PASSING,341617410,0b6bf427a874d6eee324bd242ec82c9cf77aa6114098d2edcf002fe1d8c3fc68,24/08/18 17:03,24/08/2018,spirals-bears,TREATED
f6547159-c29d-40d6-8a8e-3c2ad13c6286_02-18-week3-FAILING_AND_PASSING,342333413,715c01ad2bc12e357adc838aa34c11f517032613f262eae74a39b840efb77c53,24/08/18 17:03,24/08/2018,spirals-bears,TREATED
f6547159-c29d-40d6-8a8e-3c2ad13c6286_02-18-week3-FAILING_AND_PASSING,342740479,ff2b3fa40d954b9f2019483949e72c4b41d7a1ee28c22bc7faa69773abe05386,24/08/18 17:27,24/08/2018,spirals-bears,TREATED
f6547159-c29d-40d6-8a8e-3c2ad13c6286_02-18-week3-FAILING_AND_PASSING,343421302,290c2cfa599b96f3e0871acbdc1126b226f0e73dc1ec249c028a10cefb42871c,24/08/18 17:47,24/08/2018,spirals-bears,TREATED
f6547159-c29d-40d6-8a8e-3c2ad13c6286_02-18-week3-FAILING_AND_PASSING,343922983,9235be6a167d803a5a63febd268a1218c9173a75504e5f16a9f5a0b33664b0b9,24/08/18 17:51,24/08/2018,spirals-bears,TREATED
f6547159-c29d-40d6-8a8e-3c2ad13c6286_02-18-week3-FAILING_AND_PASSING,341918688,936eb90bb1940144b75ef5e47aaf53174d242eeea8a56d16517bf24e19f04ef4,24/08/18 18:08,24/08/2018,spirals-bears,TREATED
f6547159-c29d-40d6-8a8e-3c2ad13c6286_02-18-week3-FAILING_AND_PASSING,341999159,f7634e7ab2ac16f687672cef3be0fb86420a53fa7ed9e710b8e3cd991c3787cf,24/08/18 18:10,24/08/2018,spirals-bears,TREATED
f6547159-c29d-40d6-8a8e-3c2ad13c6286_02-18-week3-FAILING_AND_PASSING,335272856,64ce6cc9aa4573a39264853cf4027609beee390ce5a0d553464b5336d18f5472,24/08/18 18:22,24/08/2018,spirals-bears,TREATED
f6547159-c29d-40d6-8a8e-3c2ad13c6286_02-18-week3-FAILING_AND_PASSING,343566952,7b9390fabcbdd1f6beae51eccc53e7695989b03ce609fa52ccb743ffdcdf4386,24/08/18 18:23,24/08/2018,spirals-bears,TREATED
f6547159-c29d-40d6-8a8e-3c2ad13c6286_02-18-week3-FAILING_AND_PASSING,343161723,ef8e3eedb16b81313e3b811fc0eedbdd19a1c8a10e9c6cc0ff8d5c4645af67d0,24/08/18 18:24,24/08/2018,spirals-bears,TREATED
f6547159-c29d-40d6-8a8e-3c2ad13c6286_02-18-week3-FAILING_AND_PASSING,333337291,299f34cb4d13ee192f53527ab40736bfacaa40ebda9f22f8138321f394bc2662,24/08/18 18:31,24/08/2018,spirals-bears,TREATED
f6547159-c29d-40d6-8a8e-3c2ad13c6286_02-18-week3-FAILING_AND_PASSING,342435871,6e80dc166337b7d83e9f229901661ed59efa527d70c4cf8f91dda4d214344c55,24/08/18 18:32,24/08/2018,spirals-bears,TREATED
f6547159-c29d-40d6-8a8e-3c2ad13c6286_02-18-week3-FAILING_AND_PASSING,342137428,3094f57781d1861071302fc0d4f43a295b504bc3f7030d5229e12b138d6ea11b,24/08/18 18:33,24/08/2018,spirals-bears,TREATED
f6547159-c29d-40d6-8a8e-3c2ad13c6286_02-18-week3-FAILING_AND_PASSING,344350835,57da0d1a834c81d2b7cc53b448a59040fb385ce91b1e3efc410d1dae32c151d2,24/08/18 18:35,24/08/2018,spirals-bears,TREATED
f6547159-c29d-40d6-8a8e-3c2ad13c6286_02-18-week3-FAILING_AND_PASSING,341827440,c77ed35b189b5cea0b02a1108e25f5d28495b0c65d5f27623ed0a1f941db6ce4,24/08/18 18:36,24/08/2018,spirals-bears,TREATED
f6547159-c29d-40d6-8a8e-3c2ad13c6286_02-18-week3-FAILING_AND_PASSING,344057707,5d5bf3d01e08c599cad3e0e5c7e87370a3e57bc64aae37d55cd30b76b0679fad,24/08/18 18:38,24/08/2018,spirals-bears,TREATED
f6547159-c29d-40d6-8a8e-3c2ad13c6286_02-18-week3-FAILING_AND_PASSING,343382626,9a53f58efe6b05c78c5edefb65eff4be38cf2b38c83ea5c31e129c9ca2da935a,24/08/18 18:50,24/08/2018,spirals-bears,TREATED
f6547159-c29d-40d6-8a8e-3c2ad13c6286_02-18-week3-FAILING_AND_PASSING,344519540,a28ab0f76694a66479cd2d0363726a18c802d48e7955708b2b82c5eed387e15b,24/08/18 18:52,24/08/2018,spirals-bears,TREATED
f6547159-c29d-40d6-8a8e-3c2ad13c6286_02-18-week3-FAILING_AND_PASSING,340471724,674d125f63f8855e35e8c9df801d8dfd5d864259ac698db86255c7326ea3c65c,24/08/18 18:55,24/08/2018,spirals-bears,TREATED
f6547159-c29d-40d6-8a8e-3c2ad13c6286_02-18-week3-FAILING_AND_PASSING,340671206,aef39cdcd6206b0ef36f41b12aca858a560d913103b5ddc884b6caed0c891d88,24/08/18 19:02,24/08/2018,spirals-bears,TREATED
f6547159-c29d-40d6-8a8e-3c2ad13c6286_02-18-week3-FAILING_AND_PASSING,343115876,c0008e2a5cddf0b1f006c6c329de4f51d95981880ea295f24812afc88342d444,24/08/18 19:06,24/08/2018,spirals-bears,TREATED
f6547159-c29d-40d6-8a8e-3c2ad13c6286_02-18-week3-FAILING_AND_PASSING,341616722,8aa4676f74e56124b02bf228bba0419703d437a11bd31649ff57669d4abc80d5,24/08/18 19:06,24/08/2018,spirals-bears,TREATED
f6547159-c29d-40d6-8a8e-3c2ad13c6286_02-18-week3-FAILING_AND_PASSING,344350466,aa05b3d06f49cbfc8716b09cfaa05ae3a9ae5eb911ca3de4c2b0b5974efaed5a,24/08/18 19:07,24/08/2018,spirals-bears,TREATED
f6547159-c29d-40d6-8a8e-3c2ad13c6286_02-18-week3-FAILING_AND_PASSING,344209573,f3c390444c18fdd143c9c23803ea0f54bb3c2bd8fb0187f672240a970242812c,24/08/18 19:07,24/08/2018,spirals-bears,TREATED
f6547159-c29d-40d6-8a8e-3c2ad13c6286_02-18-week3-FAILING_AND_PASSING,343001445,b30b275f2d55514f5ea8eb72b87f7069d5674a30e2fa696999a023a707f80039,24/08/18 19:08,24/08/2018,spirals-bears,TREATED
f6547159-c29d-40d6-8a8e-3c2ad13c6286_02-18-week3-FAILING_AND_PASSING,343940847,771f6719e0292ab05021a93b6f5668946e348e31909c4d49f5be03c1f3469fd1,24/08/18 19:08,24/08/2018,spirals-bears,TREATED
f6547159-c29d-40d6-8a8e-3c2ad13c6286_02-18-week3-FAILING_AND_PASSING,343940807,a82f1baacda7fe5b83aebbf3f11d885a32f1171683c9d7dfcb8e27adac2102b6,24/08/18 19:08,24/08/2018,spirals-bears,TREATED
f6547159-c29d-40d6-8a8e-3c2ad13c6286_02-18-week3-FAILING_AND_PASSING,343824876,59138f9eaa05f649c06a86bdbc6c2c5184b09bcb47deebe3cda0ae8fb1db7dc5,24/08/18 19:09,24/08/2018,spirals-bears,TREATED
f6547159-c29d-40d6-8a8e-3c2ad13c6286_02-18-week3-FAILING_AND_PASSING,343513767,f20e6886fa030594fd6a4d2f6b248b8d046973b27493cbbd17edf1ed5cf4a4c7,24/08/18 19:09,24/08/2018,spirals-bears,TREATED
f6547159-c29d-40d6-8a8e-3c2ad13c6286_02-18-week3-FAILING_AND_PASSING,343361694,1d3b79d7f8918dd7d314d3decbd3b2ad58b1dfb146c413d42da82855cee025db,24/08/18 19:10,24/08/2018,spirals-bears,TREATED
f6547159-c29d-40d6-8a8e-3c2ad13c6286_02-18-week3-FAILING_AND_PASSING,342996270,05fdf842c5db56988f3c8926dab63c084628d4a3a523b0e246f7e9fe3304e9f6,24/08/18 19:10,24/08/2018,spirals-bears,TREATED
f6547159-c29d-40d6-8a8e-3c2ad13c6286_02-18-week3-FAILING_AND_PASSING,343361715,817309ebb1440b25b6950833f019a9660a57b65e10c33b213b6ef07a8620ada0,24/08/18 19:11,24/08/2018,spirals-bears,TREATED
f6547159-c29d-40d6-8a8e-3c2ad13c6286_02-18-week3-FAILING_AND_PASSING,341425922,7fe600865eedad42803cef8fc924a91216892fc46bda2d792a5e0f05637b4dfc,24/08/18 19:11,24/08/2018,spirals-bears,TREATED
f6547159-c29d-40d6-8a8e-3c2ad13c6286_02-18-week3-FAILING_AND_PASSING,343699588,32c316f544e1148e25f05af945ab15e0f09eae8db3d9c7a5c8b508ec4e1db9d7,24/08/18 19:12,24/08/2018,spirals-bears,TREATED
f6547159-c29d-40d6-8a8e-3c2ad13c6286_02-18-week3-FAILING_AND_PASSING,341425876,382c5664044f7ca177b19f2e5277875f8f3ae457b799031a63afb8edf6d01151,24/08/18 19:12,24/08/2018,spirals-bears,TREATED
f6547159-c29d-40d6-8a8e-3c2ad13c6286_02-18-week3-FAILING_AND_PASSING,340677012,e76a1eae7b31d29a89531e47667b1066a0b36e83deea1e37cb57c68f0eb088e8,24/08/18 19:16,24/08/2018,spirals-bears,TREATED
f6547159-c29d-40d6-8a8e-3c2ad13c6286_02-18-week3-FAILING_AND_PASSING,340677100,19fc4bb83554c7612388b023335b0feba3c20b79bb88e0ce3c6cb72ede2ff99b,24/08/18 19:16,24/08/2018,spirals-bears,TREATED
f6547159-c29d-40d6-8a8e-3c2ad13c6286_02-18-week3-FAILING_AND_PASSING,344493554,f674eac36306a74bb3fc9bf05610a45f3db965c5a4c8ef4809729cabd6512f4b,24/08/18 19:17,24/08/2018,spirals-bears,TREATED
f6547159-c29d-40d6-8a8e-3c2ad13c6286_02-18-week3-FAILING_AND_PASSING,344459909,501be9b09e0ffd323194dd2ed24d85da7d8946ae3159e054813d22ecdeb18e4e,24/08/18 19:17,24/08/2018,spirals-bears,TREATED
f6547159-c29d-40d6-8a8e-3c2ad13c6286_02-18-week3-FAILING_AND_PASSING,342767952,1c50840e83d90631f2583771941de2df2583debc6fae43e788286b97e1d42bfb,24/08/18 19:18,24/08/2018,spirals-bears,TREATED
f6547159-c29d-40d6-8a8e-3c2ad13c6286_02-18-week3-FAILING_AND_PASSING,344436939,d97e7152b7c071e5a5cd94268e7fe4abea20c149d2085e3d477f369a80e00e92,24/08/18 19:18,24/08/2018,spirals-bears,TREATED
f6547159-c29d-40d6-8a8e-3c2ad13c6286_02-18-week3-FAILING_AND_PASSING,343273635,19071a838377b7659d563ba5ab103a444b4d0ad435acb085593e7ae185d08f33,24/08/18 19:18,24/08/2018,spirals-bears,TREATED
f6547159-c29d-40d6-8a8e-3c2ad13c6286_02-18-week3-FAILING_AND_PASSING,344493531,d12ea777028c815d7313f53c85cdb80b9d8f6c514ce8eab0aa9d63f3c9139910,24/08/18 19:19,24/08/2018,spirals-bears,TREATED
f6547159-c29d-40d6-8a8e-3c2ad13c6286_02-18-week3-FAILING_AND_PASSING,344201923,acc0cb0b709b7b2f0ca66187ae494b4efafd48a316b1cf9d4c2cdefd05783d61,24/08/18 19:19,24/08/2018,spirals-bears,TREATED
f6547159-c29d-40d6-8a8e-3c2ad13c6286_02-18-week3-FAILING_AND_PASSING,344186513,4004a949dd88d6e0519d33126540f591fde95f29e86ffba7dfd3240560c0f386,24/08/18 19:19,24/08/2018,spirals-bears,TREATED
f6547159-c29d-40d6-8a8e-3c2ad13c6286_02-18-week3-FAILING_AND_PASSING,344186519,6c2b5a18df1282b5b9d05091ae64208bbcd9441f02b5ae8f1f61cd18930217ec,24/08/18 19:19,24/08/2018,spirals-bears,TREATED
f6547159-c29d-40d6-8a8e-3c2ad13c6286_02-18-week3-FAILING_AND_PASSING,344184337,2e20a3d685f7616b4e59277df2d207fcec5c189b2c56fb83044ed2ceebc50ff4,24/08/18 19:20,24/08/2018,spirals-bears,TREATED
f6547159-c29d-40d6-8a8e-3c2ad13c6286_02-18-week3-FAILING_AND_PASSING,344135675,a526125d769100f235d207dbb08f32616b7baa4d719746c1924f6495d213793e,24/08/18 19:20,24/08/2018,spirals-bears,TREATED
f6547159-c29d-40d6-8a8e-3c2ad13c6286_02-18-week3-FAILING_AND_PASSING,344097734,9619f7b50f46b7f53be683570b2673f6eb36e02f87cd954f2d21014670889626,24/08/18 19:20,24/08/2018,spirals-bears,TREATED
f6547159-c29d-40d6-8a8e-3c2ad13c6286_02-18-week3-FAILING_AND_PASSING,344073644,568a20c066ace0ec82ad2a1fca3e176138e3dbd6fb6ac381c273cce6a2247b3d,24/08/18 19:20,24/08/2018,spirals-bears,TREATED
f6547159-c29d-40d6-8a8e-3c2ad13c6286_02-18-week3-FAILING_AND_PASSING,344073668,dcbc3d4fe62b38182615d244009f4fb4de097f715452c32c6b9a1ca01f4f2465,24/08/18 19:21,24/08/2018,spirals-bears,TREATED
f6547159-c29d-40d6-8a8e-3c2ad13c6286_02-18-week3-FAILING_AND_PASSING,344068753,8197853389a265fd906b1d78c1b0bd3ef7aa4cf7680c817d2dda2642e3056642,24/08/18 19:21,24/08/2018,spirals-bears,TREATED
f6547159-c29d-40d6-8a8e-3c2ad13c6286_02-18-week3-FAILING_AND_PASSING,344068751,10a1727f99e02f86a6bd28ee6bab7ce4e0a2f6ba5a129e169980d18acaff4a80,24/08/18 19:21,24/08/2018,spirals-bears,TREATED
f6547159-c29d-40d6-8a8e-3c2ad13c6286_02-18-week3-FAILING_AND_PASSING,343649741,798ae49f942c3b6cf41bae6fad1ddbf9501fcf1d42b0bc071b9da7fba7c90b6e,24/08/18 19:21,24/08/2018,spirals-bears,TREATED
f6547159-c29d-40d6-8a8e-3c2ad13c6286_02-18-week3-FAILING_AND_PASSING,343586261,726b6805cc6fdf3befe6c811afbfa2ae8327f0a8a27a2ff98a06952ceaa5f52c,24/08/18 19:22,24/08/2018,spirals-bears,TREATED
f6547159-c29d-40d6-8a8e-3c2ad13c6286_02-18-week3-FAILING_AND_PASSING,343636927,7c816953d0a364c3dad3e3cad2ca0abd1b7d52ac463ae9f0fb2e0ca418741812,24/08/18 19:22,24/08/2018,spirals-bears,TREATED
f6547159-c29d-40d6-8a8e-3c2ad13c6286_02-18-week3-FAILING_AND_PASSING,343586242,336db70a7dd30a601b8e9279b096f6c1eda143d72de5f5ad25e597d7f5a9a010,24/08/18 19:22,24/08/2018,spirals-bears,TREATED
f6547159-c29d-40d6-8a8e-3c2ad13c6286_02-18-week3-FAILING_AND_PASSING,343551267,aa4673d030445c25f09e3db831d2c921064c2567d53ad2c9c39777df30537709,24/08/18 19:23,24/08/2018,spirals-bears,TREATED
f6547159-c29d-40d6-8a8e-3c2ad13c6286_02-18-week3-FAILING_AND_PASSING,343495667,7fa2488f66b1e7eeee5e47ff7a891899353ae31c02a2cb79cd2f58b370775e4a,24/08/18 19:23,24/08/2018,spirals-bears,TREATED
f6547159-c29d-40d6-8a8e-3c2ad13c6286_02-18-week3-FAILING_AND_PASSING,343551477,287e2c3a2f6453e6268a537d8d02325b32c85a42ade88e89c440098a915e0517,24/08/18 19:23,24/08/2018,spirals-bears,TREATED
f6547159-c29d-40d6-8a8e-3c2ad13c6286_02-18-week3-FAILING_AND_PASSING,343495895,74db71b547498da275649e42318b506d89895d7128f8601f0157fa9c3b7694b8,24/08/18 19:23,24/08/2018,spirals-bears,TREATED
f6547159-c29d-40d6-8a8e-3c2ad13c6286_02-18-week3-FAILING_AND_PASSING,343516106,3d425ce52ffc7248e1af5ae9e95a57ec6e1fcf5219cd601fc98bacdc9823fdf0,24/08/18 19:24,24/08/2018,spirals-bears,TREATED
f6547159-c29d-40d6-8a8e-3c2ad13c6286_02-18-week3-FAILING_AND_PASSING,342877653,33c5ec98e7bbf7a307a9b979a6fdfbb9ab20731abb84bb7bedb5d726a92dd39a,24/08/18 19:24,24/08/2018,spirals-bears,TREATED
f6547159-c29d-40d6-8a8e-3c2ad13c6286_02-18-week3-FAILING_AND_PASSING,342653097,7027ddbb6518f581ef2532ae8654478feb58797ab86b5162231357bf359f78fa,24/08/18 19:24,24/08/2018,spirals-bears,TREATED
f6547159-c29d-40d6-8a8e-3c2ad13c6286_02-18-week3-FAILING_AND_PASSING,342653257,97774cdb6331f450571df9532e1853869582fdd18fc1c008ec5a0bdf4eec079c,24/08/18 19:25,24/08/2018,spirals-bears,TREATED
f6547159-c29d-40d6-8a8e-3c2ad13c6286_02-18-week3-FAILING_AND_PASSING,342588291,213e4853bc0089f38a7bc4274614152db64712b0a0c3e9cab35acec0bc58f57b,24/08/18 19:29,24/08/2018,spirals-bears,TREATED
f6547159-c29d-40d6-8a8e-3c2ad13c6286_02-18-week3-FAILING_AND_PASSING,341701983,1af08e31e8e51f979998c3bf41ac4458a741d6f4701f3c7770f9bea9249b72fe,24/08/18 19:30,24/08/2018,spirals-bears,TREATED
f6547159-c29d-40d6-8a8e-3c2ad13c6286_02-18-week3-FAILING_AND_PASSING,342558437,300eb20febf736ec4315356671bb207a7625230ff1caceecbee3e71e092df4a9,24/08/18 19:30,24/08/2018,spirals-bears,TREATED
f6547159-c29d-40d6-8a8e-3c2ad13c6286_02-18-week3-FAILING_AND_PASSING,342197604,2c0853df9fdc24aa5235ad85655a719cf66a1b13e9c50536659d69a8265a898c,24/08/18 19:30,24/08/2018,spirals-bears,TREATED
f6547159-c29d-40d6-8a8e-3c2ad13c6286_02-18-week3-FAILING_AND_PASSING,341990820,f4ea61d8294c8db2605e7306e92b492f623cc92c81f330c2cf019bc15984bba9,24/08/18 19:31,24/08/2018,spirals-bears,TREATED
f6547159-c29d-40d6-8a8e-3c2ad13c6286_02-18-week3-FAILING_AND_PASSING,341758638,0de6ec42727e235f12d37537eb9864d47e6580653ab48875972456e7830de4fb,24/08/18 19:32,24/08/2018,spirals-bears,TREATED
f6547159-c29d-40d6-8a8e-3c2ad13c6286_02-18-week3-FAILING_AND_PASSING,341758640,d9c24b216721289691add7f02cdbc6e9abc48318be3d144eb410c2aa1233ff51,24/08/18 19:33,24/08/2018,spirals-bears,TREATED
f6547159-c29d-40d6-8a8e-3c2ad13c6286_02-18-week3-FAILING_AND_PASSING,342188735,07f600be18d86f903afdbf9a6a2db886987d88ef6d9baa44f255a4086c60fd39,24/08/18 19:34,24/08/2018,spirals-bears,TREATED
f6547159-c29d-40d6-8a8e-3c2ad13c6286_02-18-week3-FAILING_AND_PASSING,341707253,f898e102d597884c3dedb78ef759fdfa061eaee34c099bf4fea3d2404bc08612,24/08/18 19:34,24/08/2018,spirals-bears,TREATED
f6547159-c29d-40d6-8a8e-3c2ad13c6286_02-18-week3-FAILING_AND_PASSING,342188718,c9c1a11e7ec4ddf40c7f4abc2a433001d07db0787a4258d740ffd7bb75f7a5fb,24/08/18 19:35,24/08/2018,spirals-bears,TREATED
f6547159-c29d-40d6-8a8e-3c2ad13c6286_02-18-week3-FAILING_AND_PASSING,342051349,bede1d8b09fb084280004cd0fd3b7fb7508eba8e65f750861bab8f9c7d75f75f,24/08/18 19:35,24/08/2018,spirals-bears,TREATED
f6547159-c29d-40d6-8a8e-3c2ad13c6286_02-18-week3-FAILING_AND_PASSING,341711813,5ad3605f431ebb16a51d8d05dbe9d2a354629e7ab2d3186e22fd78c00ec37d6d,24/08/18 19:35,24/08/2018,spirals-bears,TREATED
f6547159-c29d-40d6-8a8e-3c2ad13c6286_02-18-week3-FAILING_AND_PASSING,343811503,179b5c8850c5af26dceff93419e60a7f02cf600fb03efbee682738ee49d44cf1,24/08/18 19:35,24/08/2018,spirals-bears,TREATED
f6547159-c29d-40d6-8a8e-3c2ad13c6286_02-18-week3-FAILING_AND_PASSING,343942016,d6e6098703721894f2aacf0bbce0239e907b6dd4bc7bc06826b5bd89a57b500e,24/08/18 19:36,24/08/2018,spirals-bears,TREATED
f6547159-c29d-40d6-8a8e-3c2ad13c6286_02-18-week3-FAILING_AND_PASSING,343557664,153a16e2a6fe4581d6ff6b0bf753452afd9809440ddc68204aec8b983bf04b0a,24/08/18 19:36,24/08/2018,spirals-bears,TREATED
f6547159-c29d-40d6-8a8e-3c2ad13c6286_02-18-week3-FAILING_AND_PASSING,343291114,da790927977decd11f3ad7139f63973608e65d40e1139b35f837f1a67e18c8a5,24/08/18 19:36,24/08/2018,spirals-bears,TREATED
f6547159-c29d-40d6-8a8e-3c2ad13c6286_02-18-week3-FAILING_AND_PASSING,343374087,5a01cb59197aa7d1bd5e2f0e05a802fb9fc3989e2a4a634b86348bdbb614a7af,24/08/18 19:36,24/08/2018,spirals-bears,TREATED
f6547159-c29d-40d6-8a8e-3c2ad13c6286_02-18-week3-FAILING_AND_PASSING,343291662,21271b57975aeb5cfcf649ad6ab286c1af018d1d07f817f00fc83d52f8aeb234,24/08/18 19:36,24/08/2018,spirals-bears,TREATED
f6547159-c29d-40d6-8a8e-3c2ad13c6286_02-18-week3-FAILING_AND_PASSING,343193102,4d609836c40b386156326334584a8d76a81772f8e10a4d443a06c1b4e860580f,24/08/18 19:37,24/08/2018,spirals-bears,TREATED
f6547159-c29d-40d6-8a8e-3c2ad13c6286_02-18-week3-FAILING_AND_PASSING,343109183,9e0e2cbb3ed165c11688379922e72a2400e5f6b24cd564000d892e821bafe484,24/08/18 19:37,24/08/2018,spirals-bears,TREATED
f6547159-c29d-40d6-8a8e-3c2ad13c6286_02-18-week3-FAILING_AND_PASSING,343055074,20d32997f05006a69ba6b94793dcf1364aa8083a0d0a75e3f41360a6b2424202,24/08/18 19:37,24/08/2018,spirals-bears,TREATED
f6547159-c29d-40d6-8a8e-3c2ad13c6286_02-18-week3-FAILING_AND_PASSING,342929348,49496af5d137b63269ed1eb0165420f5d96f2ee5ce3fecc6ebfddfad99a2afff,24/08/18 19:37,24/08/2018,spirals-bears,TREATED
f6547159-c29d-40d6-8a8e-3c2ad13c6286_02-18-week3-FAILING_AND_PASSING,342908519,ff1ae72f49052a1e1d87f3bbb0772324cf9ea3a5e625665139641bb82a694da4,24/08/18 19:38,24/08/2018,spirals-bears,TREATED
f6547159-c29d-40d6-8a8e-3c2ad13c6286_02-18-week3-FAILING_AND_PASSING,342840630,c47e1f91b1050b7ae4cf46918149efd5b84afdd049e3e252bb017e1b9c44ce47,24/08/18 19:38,24/08/2018,spirals-bears,TREATED
f6547159-c29d-40d6-8a8e-3c2ad13c6286_02-18-week3-FAILING_AND_PASSING,342776162,10135a505f8e93e90fcab632b1a016625fda0c56650f11a3304d32fb90092394,24/08/18 19:38,24/08/2018,spirals-bears,TREATED
f6547159-c29d-40d6-8a8e-3c2ad13c6286_02-18-week3-FAILING_AND_PASSING,342622018,cf38b492c37395be97a86b93990b8c9a54fc13a7ff7fe39a1ef40d7f84d77a89,24/08/18 19:38,24/08/2018,spirals-bears,TREATED
f6547159-c29d-40d6-8a8e-3c2ad13c6286_02-18-week3-FAILING_AND_PASSING,329282873,4f17446bc41b376f6f8db2c40902129d955a9b719968101eb80d48e510cbb6cc,24/08/18 19:38,24/08/2018,spirals-bears,TREATED
f6547159-c29d-40d6-8a8e-3c2ad13c6286_02-18-week3-FAILING_AND_PASSING,342692412,57e3b5f7fad380ae3f26a17249b2680f5f8fc2a4e071eea1525eca480671a1b6,24/08/18 19:39,24/08/2018,spirals-bears,TREATED
f6547159-c29d-40d6-8a8e-3c2ad13c6286_02-18-week3-FAILING_AND_PASSING,342713461,db3b35e6847b3d31110b198e14a3deb8406d7a2de6e8ba6fd073b6cd35963ee3,24/08/18 19:39,24/08/2018,spirals-bears,TREATED
f6547159-c29d-40d6-8a8e-3c2ad13c6286_02-18-week3-FAILING_AND_PASSING,342592003,7e1314aad08d24c3027a13c6839e78f34e9070a2cbf1062655c4e3b3b39a981f,24/08/18 19:39,24/08/2018,spirals-bears,TREATED
f6547159-c29d-40d6-8a8e-3c2ad13c6286_02-18-week3-FAILING_AND_PASSING,342443834,496ea2869bfcb78be6301a2655120f73c3a4444244bef5555dafd12988f940b1,24/08/18 19:39,24/08/2018,spirals-bears,TREATED
f6547159-c29d-40d6-8a8e-3c2ad13c6286_02-18-week3-FAILING_AND_PASSING,342040188,01a00faaa96a5e70f6160474d3e62e394a155b2c878d5eb0b48932c581e7ebfb,24/08/18 19:39,24/08/2018,spirals-bears,TREATED
f6547159-c29d-40d6-8a8e-3c2ad13c6286_02-18-week3-FAILING_AND_PASSING,342558206,270540dd47132ae160243c8eba49f6447e6a8b06d3ffc5a9ecbb2e02f4db039a,24/08/18 19:39,24/08/2018,spirals-bears,TREATED
f6547159-c29d-40d6-8a8e-3c2ad13c6286_02-18-week3-FAILING_AND_PASSING,342180352,39674adc5635e1be6e8cd2e694be26678fc9560339035dcbedfc01b5f9afe41d,24/08/18 19:39,24/08/2018,spirals-bears,TREATED
f6547159-c29d-40d6-8a8e-3c2ad13c6286_02-18-week3-FAILING_AND_PASSING,342168887,5b51b9b79b7d7e464871ee69902f4e8f112661dc823814ef6d606f338ee1534f,24/08/18 19:40,24/08/2018,spirals-bears,TREATED
f6547159-c29d-40d6-8a8e-3c2ad13c6286_02-18-week3-FAILING_AND_PASSING,342235392,927477b62ac92be4715a86cfafb04244cade345b2022d0a3b580798d562248cf,24/08/18 19:40,24/08/2018,spirals-bears,TREATED
f6547159-c29d-40d6-8a8e-3c2ad13c6286_02-18-week3-FAILING_AND_PASSING,342167656,55f0840a43aafd3758659e2f3fab3ae588216d9d82491952c6df220fb1138f24,24/08/18 19:40,24/08/2018,spirals-bears,TREATED
f6547159-c29d-40d6-8a8e-3c2ad13c6286_02-18-week3-FAILING_AND_PASSING,341908178,28f3c5f6b2acbfbe44f7fa15460212021ab4288ad6c0bb45579c0be91295253f,24/08/18 19:40,24/08/2018,spirals-bears,TREATED
f6547159-c29d-40d6-8a8e-3c2ad13c6286_02-18-week3-FAILING_AND_PASSING,341924965,3ebba7137858d2f392e0a0bc4e6b92fefcc2d86c94252b1c10938a40b08a2433,24/08/18 19:40,24/08/2018,spirals-bears,TREATED
f6547159-c29d-40d6-8a8e-3c2ad13c6286_02-18-week3-FAILING_AND_PASSING,343712638,0f90026011686482e10b59b96dd6fb7f3c68afd23b68c39fbb3686252795df1c,24/08/18 19:40,24/08/2018,spirals-bears,TREATED
f6547159-c29d-40d6-8a8e-3c2ad13c6286_02-18-week3-FAILING_AND_PASSING,343690876,d3d75d57440c961a0f26e2b925be976c567725dd7db356246596fab0b9c35841,24/08/18 19:40,24/08/2018,spirals-bears,TREATED
f6547159-c29d-40d6-8a8e-3c2ad13c6286_02-18-week3-FAILING_AND_PASSING,343712865,6f3e60e28c17e4763b16e14ba7188b8512c3621e5f00b88f5b40a84e3d44ee26,24/08/18 19:40,24/08/2018,spirals-bears,TREATED
f6547159-c29d-40d6-8a8e-3c2ad13c6286_02-18-week3-FAILING_AND_PASSING,343691342,af00c96aec60cf28d9c2abd73921aa352a1e0bbbdab54a87bebe7402801d86ab,24/08/18 19:40,24/08/2018,spirals-bears,TREATED
f6547159-c29d-40d6-8a8e-3c2ad13c6286_02-18-week3-FAILING_AND_PASSING,343711058,51550a88a0b0cef38f2791329731c0729f78ba0fa675bc6db0a5074867e65d8b,24/08/18 19:40,24/08/2018,spirals-bears,TREATED
f6547159-c29d-40d6-8a8e-3c2ad13c6286_02-18-week3-FAILING_AND_PASSING,343711398,4e5afd5b92ec8362b78c2914f7f78a950e3be74f48d69b6c3fb0cdb2436a4681,24/08/18 19:41,24/08/2018,spirals-bears,TREATED
f6547159-c29d-40d6-8a8e-3c2ad13c6286_02-18-week3-FAILING_AND_PASSING,339322799,2729653955a0aecad4d0d523fc351c534415d2686743a6fda0e375f6d6fb3383,24/08/18 19:41,24/08/2018,spirals-bears,TREATED
f6547159-c29d-40d6-8a8e-3c2ad13c6286_02-18-week3-FAILING_AND_PASSING,339395484,734def0836e0e6601fd2ea18abe7aec41dba10de92fc9549346eb8c451f4ebcb,24/08/18 19:41,24/08/2018,spirals-bears,TREATED
f6547159-c29d-40d6-8a8e-3c2ad13c6286_02-18-week3-FAILING_AND_PASSING,339395429,a580f4892ab6f1ed3633bb62ddb87210855ea933280ea662f54ab1010cee300b,24/08/18 19:41,24/08/2018,spirals-bears,TREATED
f6547159-c29d-40d6-8a8e-3c2ad13c6286_02-18-week3-FAILING_AND_PASSING,343266523,ba15eb9a778774cb3b01b2e9ed65833aa378b321db635caa9c10f92f6615243d,24/08/18 19:41,24/08/2018,spirals-bears,TREATED
f6547159-c29d-40d6-8a8e-3c2ad13c6286_02-18-week3-FAILING_AND_PASSING,342191502,dc9e5c54373c6b89a9eda16fd97dde51c37450be91e86e24a9803d2e9c767fe8,24/08/18 19:41,24/08/2018,spirals-bears,TREATED
f6547159-c29d-40d6-8a8e-3c2ad13c6286_02-18-week3-FAILING_AND_PASSING,342233400,10d21fa5526192051e1a039018701b3ab3dfa0f662abb1c7d6ddf8c867450425,24/08/18 19:41,24/08/2018,spirals-bears,TREATED
f6547159-c29d-40d6-8a8e-3c2ad13c6286_02-18-week3-FAILING_AND_PASSING,339322689,451baae014d7f9c520a68b35ceee1f7db6a4f5d40fd1ef30a9cc8166f7284d9e,24/08/18 19:41,24/08/2018,spirals-bears,TREATED
f6547159-c29d-40d6-8a8e-3c2ad13c6286_02-18-week3-FAILING_AND_PASSING,339320231,55e42d07066dd334ede3d393cc27fb679e40daef6e8ec983e8ef84ee7e62d884,24/08/18 19:41,24/08/2018,spirals-bears,TREATED
f6547159-c29d-40d6-8a8e-3c2ad13c6286_02-18-week3-FAILING_AND_PASSING,341674464,8de91ea8ccf52b6fc0664247644e3b5d2b7795a0c577a8383a1c3d1e66393a77,24/08/18 19:42,24/08/2018,spirals-bears,TREATED
f6547159-c29d-40d6-8a8e-3c2ad13c6286_02-18-week3-FAILING_AND_PASSING,341668660,d810ef326c0f086453b87bbcf1920e26123b471d562008361cc9135259bbb31a,24/08/18 19:43,24/08/2018,spirals-bears,TREATED
f6547159-c29d-40d6-8a8e-3c2ad13c6286_02-18-week3-FAILING_AND_PASSING,344416514,8bce6e7223f8ca951accbe2bd64af5ce96fa541e7cf9c7dfa938f1b53fb55d2f,24/08/18 19:44,24/08/2018,spirals-bears,TREATED
f6547159-c29d-40d6-8a8e-3c2ad13c6286_02-18-week3-FAILING_AND_PASSING,341891050,bc71879f8e03374429974b6cb14ecdd5e86d8e4dd575bf37b5b352c6ab9b9340,24/08/18 19:45,24/08/2018,spirals-bears,TREATED
f6547159-c29d-40d6-8a8e-3c2ad13c6286_02-18-week3-FAILING_AND_PASSING,343629158,f092a3582267af47540ccf6d088a5189bae1b33b4f7f26b6f58043d25b0ea173,24/08/18 19:45,24/08/2018,spirals-bears,TREATED
f6547159-c29d-40d6-8a8e-3c2ad13c6286_02-18-week3-FAILING_AND_PASSING,342371195,76d68c2f94cd4f2a050fcc2cff339014b09db442d423e9a8f240aa1613edd8b0,24/08/18 19:45,24/08/2018,spirals-bears,TREATED
f6547159-c29d-40d6-8a8e-3c2ad13c6286_02-18-week3-FAILING_AND_PASSING,342479519,86ca98f2ea8c0ad2ff4a0702e44880e115730218af94188da521f23eb239d137,24/08/18 19:45,24/08/2018,spirals-bears,TREATED
f6547159-c29d-40d6-8a8e-3c2ad13c6286_02-18-week3-FAILING_AND_PASSING,341725425,35109328381a0c34f553e0bddb66e60b41de28c1f9463d072b1e2a738a83ae78,24/08/18 19:46,24/08/2018,spirals-bears,TREATED
f6547159-c29d-40d6-8a8e-3c2ad13c6286_02-18-week3-FAILING_AND_PASSING,338236047,0bcb69820fa4306d0b2e76d7ef01a6db7e00944272f398f56a213979f7fa49e3,24/08/18 19:46,24/08/2018,spirals-bears,TREATED
f6547159-c29d-40d6-8a8e-3c2ad13c6286_02-18-week3-FAILING_AND_PASSING,342875675,2fddf29071a3109a45eb103503809f11ff3bc11a5bb79311bd931aac2c604d2f,24/08/18 19:48,24/08/2018,spirals-bears,TREATED
f6547159-c29d-40d6-8a8e-3c2ad13c6286_02-18-week3-FAILING_AND_PASSING,342875660,b8ffa6ef5755e545e8e1d4eca90bd1788bcca2a0ba06e53c9588be2778986e01,24/08/18 19:48,24/08/2018,spirals-bears,TREATED
f6547159-c29d-40d6-8a8e-3c2ad13c6286_02-18-week3-FAILING_AND_PASSING,344292078,0642f126a9a007975ffb35ab13169a8c8399c04b3530b19c6dab32b60d67632b,24/08/18 19:51,24/08/2018,spirals-bears,TREATED
f6547159-c29d-40d6-8a8e-3c2ad13c6286_02-18-week3-FAILING_AND_PASSING,344403844,2b3eff2faca30715d854d6f43ba167b4cb4c23376d1c484307e06ba865ed0907,24/08/18 19:51,24/08/2018,spirals-bears,TREATED
f6547159-c29d-40d6-8a8e-3c2ad13c6286_02-18-week3-FAILING_AND_PASSING,341717564,df9263911c18004b5e910a4931f934c088b9b4f1c14e48639e9816439741dad8,24/08/18 19:52,24/08/2018,spirals-bears,TREATED
f6547159-c29d-40d6-8a8e-3c2ad13c6286_02-18-week3-FAILING_AND_PASSING,344403803,f5ade5981adcf5cc66386cb1fc137c594b13a461baf706a34cc7393b488a2769,24/08/18 19:54,24/08/2018,spirals-bears,TREATED
f6547159-c29d-40d6-8a8e-3c2ad13c6286_02-18-week3-FAILING_AND_PASSING,341364283,b553b0c684aecae45b9c57aafd9f73a8d4c15a0beef5d021a839014ca8d4040d,24/08/18 20:05,24/08/2018,spirals-bears,TREATED
f6547159-c29d-40d6-8a8e-3c2ad13c6286_02-18-week3-FAILING_AND_PASSING,343964744,69b9d1015cf0632ff2ed9df6b89e013ff37792c7bab3ab0283e7d5dacb2a5d5a,24/08/18 20:17,24/08/2018,spirals-bears,TREATED
f6547159-c29d-40d6-8a8e-3c2ad13c6286_02-18-week3-FAILING_AND_PASSING,343972971,36301ae8c9c1f8b4cdce2ce481f42ed29100fd8a151ec4347abb6a903ba0c421,24/08/18 20:17,24/08/2018,spirals-bears,TREATED
f6547159-c29d-40d6-8a8e-3c2ad13c6286_02-18-week3-FAILING_AND_PASSING,342409724,58f2b1ecefe661acaaa2875c84811d0527f1398892791c0a193186f1c7070b52,24/08/18 20:19,24/08/2018,spirals-bears,TREATED
f6547159-c29d-40d6-8a8e-3c2ad13c6286_02-18-week3-FAILING_AND_PASSING,342383044,f078dbe1398975d1fd10b792b622c3dbc7f8876650c20a1193eda08ce29f842d,24/08/18 20:35,24/08/2018,spirals-bears,TREATED
f6547159-c29d-40d6-8a8e-3c2ad13c6286_02-18-week3-FAILING_AND_PASSING,342078790,a53c19e76382532b72e94afc046e3437cb0c945485f3580dcc11bf778ce4e928,24/08/18 20:47,24/08/2018,spirals-bears,TREATED
f6547159-c29d-40d6-8a8e-3c2ad13c6286_02-18-week3-FAILING_AND_PASSING,342597247,55f4710e8a20549ed3cc457503d6b968b96b0afa044401c28438a966bef2880d,24/08/18 20:49,24/08/2018,spirals-bears,TREATED
f6547159-c29d-40d6-8a8e-3c2ad13c6286_02-18-week3-FAILING_AND_PASSING,342062995,d1a2c8d47b820d071df4ab1805280b99928d7993b34bada7447c055a96503aca,24/08/18 20:51,24/08/2018,spirals-bears,TREATED
f6547159-c29d-40d6-8a8e-3c2ad13c6286_02-18-week3-FAILING_AND_PASSING,342063618,c58b20e54d1f515b00facfb55da5686a5e5f2eb7dd0bcfc0ee50468a75d910fd,24/08/18 20:53,24/08/2018,spirals-bears,TREATED
f6547159-c29d-40d6-8a8e-3c2ad13c6286_02-18-week3-FAILING_AND_PASSING,341938784,a964d76d23d747b8b56a21128c5f5b9d285c0e312ea1981f2b2393b5798c01dd,24/08/18 20:53,24/08/2018,spirals-bears,TREATED
f6547159-c29d-40d6-8a8e-3c2ad13c6286_02-18-week3-FAILING_AND_PASSING,341928794,650e5c1aa651c230877060221342946cb4549258f88168a912de77faabf594c8,24/08/18 20:53,24/08/2018,spirals-bears,TREATED
f6547159-c29d-40d6-8a8e-3c2ad13c6286_02-18-week3-FAILING_AND_PASSING,342063556,112ecdc2caec0500940a07386e3bf14d1bc245baa59deff891f31fa8f41c98fe,24/08/18 20:54,24/08/2018,spirals-bears,TREATED
f6547159-c29d-40d6-8a8e-3c2ad13c6286_02-18-week3-FAILING_AND_PASSING,336973211,b63b886f996153f3d4a09a9561bc912009ccbf0bb50faaa3f32e9377e5a3a1c2,24/08/18 20:55,24/08/2018,spirals-bears,TREATED
f6547159-c29d-40d6-8a8e-3c2ad13c6286_02-18-week3-FAILING_AND_PASSING,342343237,dea94268bdc95a596f363aa413aefb181dd5d96fd4e24981d3167a24551792cc,24/08/18 21:01,24/08/2018,spirals-bears,TREATED
f6547159-c29d-40d6-8a8e-3c2ad13c6286_02-18-week3-FAILING_AND_PASSING,343845777,9793c661e6f417bb5463194a30f4aa2c194514e85a1a7676f7782910366eea3e,24/08/18 21:03,24/08/2018,spirals-bears,TREATED
f6547159-c29d-40d6-8a8e-3c2ad13c6286_02-18-week3-FAILING_AND_PASSING,341925793,5f13df6523fd1e3d6ce387b5a0b3fa13397dd3f8d3c1bd5684c94f277b5ee4c2,24/08/18 21:08,24/08/2018,spirals-bears,TREATED
f6547159-c29d-40d6-8a8e-3c2ad13c6286_02-18-week3-FAILING_AND_PASSING,342590341,478046f4dedd53d636a32a856662e91d799edd0bc25c86f4268033e61071fa46,24/08/18 21:10,24/08/2018,spirals-bears,TREATED
f6547159-c29d-40d6-8a8e-3c2ad13c6286_02-18-week3-FAILING_AND_PASSING,341054710,ddc1aeb5433a08c915f6051ceb875c90a3fa7ba07b139d3cfa4776457287b95a,24/08/18 21:10,24/08/2018,spirals-bears,TREATED
f6547159-c29d-40d6-8a8e-3c2ad13c6286_02-18-week3-FAILING_AND_PASSING,344373717,8d4f1e4f0f8bdf9a39fcc6522a47cd8c7757f735bb0a6606bfde646d41d9a515,24/08/18 21:10,24/08/2018,spirals-bears,TREATED
f6547159-c29d-40d6-8a8e-3c2ad13c6286_02-18-week3-FAILING_AND_PASSING,344016373,b76315946f0218f88f9292651d250ce39a999aa29457df0a769d3c9be6ff826b,24/08/18 21:11,24/08/2018,spirals-bears,TREATED
f6547159-c29d-40d6-8a8e-3c2ad13c6286_02-18-week3-FAILING_AND_PASSING,344489407,33a8ed1aeee87f6c78365b62055f7db13f4fd6e5a5f3677706a0e925ffce07ae,24/08/18 21:13,24/08/2018,spirals-bears,TREATED
f6547159-c29d-40d6-8a8e-3c2ad13c6286_02-18-week3-FAILING_AND_PASSING,344496146,7909bbb8869f90e6ceaf1ed25270464c9a89b3c926c62c7fd0d7730176769677,24/08/18 21:14,24/08/2018,spirals-bears,TREATED
f6547159-c29d-40d6-8a8e-3c2ad13c6286_02-18-week3-FAILING_AND_PASSING,340763874,ff4c8a05d460cf71247c5289a89064b3d50ba24a88251f1bb23ae7f76eab78e8,24/08/18 21:14,24/08/2018,spirals-bears,TREATED
f6547159-c29d-40d6-8a8e-3c2ad13c6286_02-18-week3-FAILING_AND_PASSING,344496133,2ef5794faa743b22da7664fb29de9c5b2362a73b6d0d950980c1a4f5c1043676,24/08/18 21:14,24/08/2018,spirals-bears,TREATED
f6547159-c29d-40d6-8a8e-3c2ad13c6286_02-18-week3-FAILING_AND_PASSING,341659739,eb23450157f5ce1942eba591de2312480c74e4c371cfbaaaee4ad61a23696b45,24/08/18 21:14,24/08/2018,spirals-bears,TREATED
f6547159-c29d-40d6-8a8e-3c2ad13c6286_02-18-week3-FAILING_AND_PASSING,342555436,8c683dbc527af3f5e3e6518eb512b63b734279545766cd72daf78bd601ec2529,24/08/18 21:14,24/08/2018,spirals-bears,TREATED
f6547159-c29d-40d6-8a8e-3c2ad13c6286_02-18-week3-FAILING_AND_PASSING,342555366,454a1546a6120cc6717c12c1c12c8611a4d620e15d879b11c44920d0ff706bc8,24/08/18 21:14,24/08/2018,spirals-bears,TREATED
f6547159-c29d-40d6-8a8e-3c2ad13c6286_02-18-week3-FAILING_AND_PASSING,342909094,40ca47f70aa73e0580d10070172abd4116e3330e53ded5eb81374bacc9c01d00,24/08/18 21:15,24/08/2018,spirals-bears,TREATED
f6547159-c29d-40d6-8a8e-3c2ad13c6286_02-18-week3-FAILING_AND_PASSING,342003660,ba3629bfafcf6fc21e3d2fa43107d574605e4814434f14aeca8410563fdfe738,24/08/18 21:15,24/08/2018,spirals-bears,TREATED
f6547159-c29d-40d6-8a8e-3c2ad13c6286_02-18-week3-FAILING_AND_PASSING,342908971,913f75d351b78491a940a4bb675d775c7e5e2552165671fa49c056ba2286ed6b,24/08/18 21:15,24/08/2018,spirals-bears,TREATED
f6547159-c29d-40d6-8a8e-3c2ad13c6286_02-18-week3-FAILING_AND_PASSING,342003678,1ad121e3788bc8e7945204d305b27b9f88ccd60c99030d15eecb0def5ebe2335,24/08/18 21:15,24/08/2018,spirals-bears,TREATED
f6547159-c29d-40d6-8a8e-3c2ad13c6286_02-18-week3-FAILING_AND_PASSING,341941233,d085d683bfbe6a440f2faa4cd50487b633e9899f80d5c418b522f7528cb9cf40,24/08/18 21:15,24/08/2018,spirals-bears,TREATED
f6547159-c29d-40d6-8a8e-3c2ad13c6286_02-18-week3-FAILING_AND_PASSING,341941160,e522755e9aaf799545b8e5f5ef753a840aca033bc7fbdd9d72b023d0abf77657,24/08/18 21:15,24/08/2018,spirals-bears,TREATED
f6547159-c29d-40d6-8a8e-3c2ad13c6286_02-18-week3-FAILING_AND_PASSING,341636355,6d11970ad02035fa40e8c3e937552ff3756e3fe30a82aa22d6559e80ee500e5b,24/08/18 21:16,24/08/2018,spirals-bears,TREATED
f6547159-c29d-40d6-8a8e-3c2ad13c6286_02-18-week3-FAILING_AND_PASSING,341636353,addd9069109bc78b50cba3945ba0b9118d2e531aa8148227be7e5159d3ae4c40,24/08/18 21:16,24/08/2018,spirals-bears,TREATED
f6547159-c29d-40d6-8a8e-3c2ad13c6286_02-18-week3-FAILING_AND_PASSING,341762759,001e2054a07fe402e94c6262cd762090e39217d02df1d520ed1e6ed104c321b5,24/08/18 21:25,24/08/2018,spirals-bears,TREATED
f6547159-c29d-40d6-8a8e-3c2ad13c6286_02-18-week3-FAILING_AND_PASSING,343930105,838ac42c7f247f1578515803e18704e15ce6833465f10afeaf16f4f10919a380,24/08/18 21:25,24/08/2018,spirals-bears,TREATED
f6547159-c29d-40d6-8a8e-3c2ad13c6286_02-18-week3-FAILING_AND_PASSING,342691890,6756ab94e491ce159a4f87f45e51df09c35357a208da098061450d94aaedba29,24/08/18 21:37,24/08/2018,spirals-bears,TREATED
f6547159-c29d-40d6-8a8e-3c2ad13c6286_02-18-week3-FAILING_AND_PASSING,342969973,bc0f5a622a80280a2fcc8a9fe9e84a0fd19406b33e8ae63d8c764d6a1be99a42,24/08/18 21:46,24/08/2018,spirals-bears,TREATED
f6547159-c29d-40d6-8a8e-3c2ad13c6286_02-18-week3-FAILING_AND_PASSING,342150058,32aaac48fa9494bde5d1bc37c0fd54a8344479d1b31cf5aee9ed6cb854c84723,24/08/18 21:46,24/08/2018,spirals-bears,TREATED
f6547159-c29d-40d6-8a8e-3c2ad13c6286_02-18-week3-FAILING_AND_PASSING,342459706,d733544b882d4f7cccf0cad05119a4b7532b07c61cfcc95e5023036d9dba8933,24/08/18 21:47,24/08/2018,spirals-bears,TREATED
f6547159-c29d-40d6-8a8e-3c2ad13c6286_02-18-week3-FAILING_AND_PASSING,330686336,7d52b116a7448c74f4edda87a5c54de36075a387451497e18dadd2c0b9653dfc,24/08/18 21:48,24/08/2018,spirals-bears,TREATED
f6547159-c29d-40d6-8a8e-3c2ad13c6286_02-18-week3-FAILING_AND_PASSING,330686350,ab7b7199a3af0f24c612178b85e29250faab18e5e18bc66b43f1277f77c34686,24/08/18 21:48,24/08/2018,spirals-bears,TREATED
f6547159-c29d-40d6-8a8e-3c2ad13c6286_02-18-week3-FAILING_AND_PASSING,335875455,28d32509c3cf45586865316881923d1a43a0ab3ab5b761ba9da360eb196189db,24/08/18 21:49,24/08/2018,spirals-bears,TREATED
f6547159-c29d-40d6-8a8e-3c2ad13c6286_02-18-week3-FAILING_AND_PASSING,341781565,35f03ba5b892aaedeeb625574a994cb991c4d2758326826c5be71ad66100b611,24/08/18 21:49,24/08/2018,spirals-bears,TREATED
f6547159-c29d-40d6-8a8e-3c2ad13c6286_02-18-week3-FAILING_AND_PASSING,341781591,6072eacb589fe67870a9ad515b48bcb4f51f17076bb9295a0ebf2cfe606ef76b,24/08/18 21:50,24/08/2018,spirals-bears,TREATED
f6547159-c29d-40d6-8a8e-3c2ad13c6286_02-18-week3-FAILING_AND_PASSING,343169341,203e05f843951a742622e12069b0c2a6136fd4f83083b9df43eb857ffb788048,24/08/18 21:52,24/08/2018,spirals-bears,TREATED
f6547159-c29d-40d6-8a8e-3c2ad13c6286_02-18-week3-FAILING_AND_PASSING,341346653,27159917866f561956b7c431e5a38e9c7c229cff5fbbbe2f54eb50cc83dcde55,24/08/18 21:52,24/08/2018,spirals-bears,TREATED
f6547159-c29d-40d6-8a8e-3c2ad13c6286_02-18-week3-FAILING_AND_PASSING,340290050,92a68462c5c7346e6e792a5aa37bf4cb6c751cde6847712101973e72b43185dd,24/08/18 21:59,24/08/2018,spirals-bears,TREATED
f6547159-c29d-40d6-8a8e-3c2ad13c6286_02-18-week3-FAILING_AND_PASSING,343551279,5f9a90dd9311be0403d106adbaafed92aa7df9f463f41b85f57abff07572309c,24/08/18 21:59,24/08/2018,spirals-bears,TREATED
f6547159-c29d-40d6-8a8e-3c2ad13c6286_02-18-week3-FAILING_AND_PASSING,343084213,71da8a598d209a0bb3d32f6dcb21089d6afeea0bcc163cd9354f79c9a7dbb808,24/08/18 22:02,24/08/2018,spirals-bears,TREATED
f6547159-c29d-40d6-8a8e-3c2ad13c6286_02-18-week3-FAILING_AND_PASSING,342773192,e3dfeb4865c16525a182e3bdfed6d9d13e0e499e03753ab824292ed5e75411ca,24/08/18 22:02,24/08/2018,spirals-bears,TREATED
f6547159-c29d-40d6-8a8e-3c2ad13c6286_02-18-week3-FAILING_AND_PASSING,341863634,e7f72354b122e853fe65161e39198bcf791963015d7e15ed38ed1b3d24db9b0c,24/08/18 22:04,24/08/2018,spirals-bears,TREATED
f6547159-c29d-40d6-8a8e-3c2ad13c6286_02-18-week3-FAILING_AND_PASSING,341337376,457759e214b1d508f557d6a807e61ab6f95d40a6680ab54b97c84fcdd319d4ef,24/08/18 22:10,24/08/2018,spirals-bears,TREATED
f6547159-c29d-40d6-8a8e-3c2ad13c6286_02-18-week3-FAILING_AND_PASSING,342293638,cf5814e9bdc14aa82bcfda91c3b0b64c53e03a09593cb1d84bc8ac3eb6cb5b31,24/08/18 22:11,24/08/2018,spirals-bears,TREATED
f6547159-c29d-40d6-8a8e-3c2ad13c6286_02-18-week3-FAILING_AND_PASSING,341564987,ba4271d7d606e733975290bf7a2de6163cbaef17708673416bf87fed089498aa,24/08/18 22:18,24/08/2018,spirals-bears,TREATED
f6547159-c29d-40d6-8a8e-3c2ad13c6286_02-18-week3-FAILING_AND_PASSING,342411542,ac970cacffc9d7054ca65b3d5a57cd95eb51ae0c7769781ad0e4d339bbef75bc,24/08/18 22:29,24/08/2018,spirals-bears,TREATED
f6547159-c29d-40d6-8a8e-3c2ad13c6286_02-18-week3-FAILING_AND_PASSING,341417114,4cb18719201db2438baebaf1c4acddd8e8f516a6913deef979c3808e9279afd9,24/08/18 22:31,24/08/2018,spirals-bears,TREATED
f6547159-c29d-40d6-8a8e-3c2ad13c6286_02-18-week3-FAILING_AND_PASSING,342431455,b9a6b3e0c146c3ae5471d7b814bebee9e68e0c82f59ced56aa9a9cd001537a18,24/08/18 22:32,24/08/2018,spirals-bears,TREATED
f6547159-c29d-40d6-8a8e-3c2ad13c6286_02-18-week3-FAILING_AND_PASSING,343636512,98725b034dc58de5c78f724d71e1b7e505e7c50fac4d30804fe6aa883d8e2416,24/08/18 22:36,24/08/2018,spirals-bears,TREATED
f6547159-c29d-40d6-8a8e-3c2ad13c6286_02-18-week3-FAILING_AND_PASSING,342241695,87851bd2240b7fee868f1faad9fa467d508ec9697df153475c9ec3b6ed6c159a,24/08/18 22:40,24/08/2018,spirals-bears,TREATED
f6547159-c29d-40d6-8a8e-3c2ad13c6286_02-18-week3-FAILING_AND_PASSING,341056377,2ee1552585380cc237a338397639fb3b3b3e681604af5193bdc5ba804fc0a793,24/08/18 22:45,24/08/2018,spirals-bears,TREATED
f6547159-c29d-40d6-8a8e-3c2ad13c6286_02-18-week3-FAILING_AND_PASSING,343724871,1c170684c0ae47bb28a44e60dac247c527bcc37bc6b59c0828f0b2d048ae1c5e,24/08/18 22:59,24/08/2018,spirals-bears,TREATED
f6547159-c29d-40d6-8a8e-3c2ad13c6286_02-18-week3-FAILING_AND_PASSING,343710487,4b0425e3cd049114b78f75a280377e016a65bbf97a5aec33dbd12f7973d081af,24/08/18 23:05,24/08/2018,spirals-bears,TREATED
f6547159-c29d-40d6-8a8e-3c2ad13c6286_02-18-week3-FAILING_AND_PASSING,343370487,71ed48ba8441cbfc63389e184415e4f775fd85e4b3e0206fa7902adcd336a2b3,24/08/18 23:07,24/08/2018,spirals-bears,TREATED
f6547159-c29d-40d6-8a8e-3c2ad13c6286_02-18-week3-FAILING_AND_PASSING,343269385,fea88eb0610b13ee8c6ed4ea40ae867dbb56d6a1a7056e53d9ac826fa32f62c2,24/08/18 23:12,24/08/2018,spirals-bears,TREATED
f6547159-c29d-40d6-8a8e-3c2ad13c6286_02-18-week3-FAILING_AND_PASSING,342355964,fa9bc2571cc8bf6cb20b87c34053a0abe7e8270a6636de20cd1f8cac5db92283,24/08/18 23:23,24/08/2018,spirals-bears,TREATED
f6547159-c29d-40d6-8a8e-3c2ad13c6286_02-18-week3-FAILING_AND_PASSING,342316797,c8dbb199cadf3cdbd5acdac15b04375c1b0bf677a8478f4044bb075a355e62da,24/08/18 23:32,24/08/2018,spirals-bears,TREATED
f6547159-c29d-40d6-8a8e-3c2ad13c6286_02-18-week3-FAILING_AND_PASSING,342413673,fbf1a3feb66d3d5f8b20012b8201f2f0286243eb6e1eeade8fb76675be1aeca8,24/08/18 23:32,24/08/2018,spirals-bears,TREATED
f6547159-c29d-40d6-8a8e-3c2ad13c6286_02-18-week3-FAILING_AND_PASSING,341887702,16a30b2f14a978dd69207f51d5ba751365bca6c9d3654d89c9b49c711e536638,24/08/18 23:34,24/08/2018,spirals-bears,TREATED
f6547159-c29d-40d6-8a8e-3c2ad13c6286_02-18-week3-FAILING_AND_PASSING,342801319,3bd4781fd46690cc6e7c582f49e07d33f5ffb22359515cb150ecf387202a4cea,24/08/18 23:35,24/08/2018,spirals-bears,TREATED
f6547159-c29d-40d6-8a8e-3c2ad13c6286_02-18-week3-FAILING_AND_PASSING,342375968,96a383c800ebb3579972e9f4b202a77bc31dace8fae147d9a81490b1eb8493ad,24/08/18 23:35,24/08/2018,spirals-bears,TREATED
f6547159-c29d-40d6-8a8e-3c2ad13c6286_02-18-week3-FAILING_AND_PASSING,343969968,c1b28f77c3aaa908f21eb893c6b835e96af5b38db1b0ac044be55916acf0db31,24/08/18 23:35,24/08/2018,spirals-bears,TREATED
f6547159-c29d-40d6-8a8e-3c2ad13c6286_02-18-week3-FAILING_AND_PASSING,342365978,b3561e108a287b0e23a05eca2a6893352edd1f7136e653d969885671c524de82,24/08/18 23:36,24/08/2018,spirals-bears,TREATED
f6547159-c29d-40d6-8a8e-3c2ad13c6286_02-18-week3-FAILING_AND_PASSING,343838016,9a1d58bd430510af217209213aa5779130a1730f042d2caaede162faf31c14e5,24/08/18 23:37,24/08/2018,spirals-bears,TREATED
f6547159-c29d-40d6-8a8e-3c2ad13c6286_02-18-week3-FAILING_AND_PASSING,344187747,eabe0fbd052e39dfed84189b4e2832d94b66779730a6be6c45bc5f2a9844a158,24/08/18 23:37,24/08/2018,spirals-bears,TREATED
f6547159-c29d-40d6-8a8e-3c2ad13c6286_02-18-week3-FAILING_AND_PASSING,344329681,f61f69515b86b3df86e71d806b20dd3d14ad919d9f0213957d6dd25d27ef2414,24/08/18 23:37,24/08/2018,spirals-bears,TREATED
f6547159-c29d-40d6-8a8e-3c2ad13c6286_02-18-week3-FAILING_AND_PASSING,343373024,a79c411802fc1f9a28fa6f318d910c9d5a0340e3ac1aa6a1179d5b2331017e5b,24/08/18 23:38,24/08/2018,spirals-bears,TREATED
f6547159-c29d-40d6-8a8e-3c2ad13c6286_02-18-week3-FAILING_AND_PASSING,343328565,82f1bd4381ffbbecd14e379de6ea0be79835393f0347522b48b12749c56e11c3,24/08/18 23:39,24/08/2018,spirals-bears,TREATED
f6547159-c29d-40d6-8a8e-3c2ad13c6286_02-18-week3-FAILING_AND_PASSING,285925513,f625eff0425845c08bb380cd1d16ce5c1f914b162924cf3a22c2c2042e74c3f6,24/08/18 23:39,24/08/2018,spirals-bears,TREATED
f6547159-c29d-40d6-8a8e-3c2ad13c6286_02-18-week3-FAILING_AND_PASSING,341875233,8fd61287dd91504c85a532b4e70677318611191510fd216a21313f0c0b57eb41,24/08/18 23:39,24/08/2018,spirals-bears,TREATED
f6547159-c29d-40d6-8a8e-3c2ad13c6286_02-18-week3-FAILING_AND_PASSING,341757406,6cef7b67184e116f413acc704b5d887ee7d13130f9eec6388adfba327591d875,24/08/18 23:40,24/08/2018,spirals-bears,TREATED
f6547159-c29d-40d6-8a8e-3c2ad13c6286_02-18-week3-FAILING_AND_PASSING,343277334,b7dfc65332d5de961bdd4934d1281847d6417be6fd6cea15d4a67789420b5ae3,24/08/18 23:40,24/08/2018,spirals-bears,TREATED
f6547159-c29d-40d6-8a8e-3c2ad13c6286_02-18-week3-FAILING_AND_PASSING,343707926,fc5eefe5838dcb0139c3c02197f01b9c476d8a5fbc92e875381acc39ae878556,24/08/18 23:40,24/08/2018,spirals-bears,TREATED
f6547159-c29d-40d6-8a8e-3c2ad13c6286_02-18-week3-FAILING_AND_PASSING,343451761,738ae5c6f0e7d0a8747764641fbe0c0a1101836a536c83a35bf4e43841cd33e5,24/08/18 23:41,24/08/2018,spirals-bears,TREATED
f6547159-c29d-40d6-8a8e-3c2ad13c6286_02-18-week3-FAILING_AND_PASSING,342221867,4113598de2e5c6208fd3541210b36e249985d4a2aabedda527ace1a92ae022ae,24/08/18 23:41,24/08/2018,spirals-bears,TREATED
f6547159-c29d-40d6-8a8e-3c2ad13c6286_02-18-week3-FAILING_AND_PASSING,343557607,68b4fa9d9176cd1e2fe5699d2e0221782a3c661a6706bb3dd9547cf371f6b6b9,24/08/18 23:42,24/08/2018,spirals-bears,TREATED
f6547159-c29d-40d6-8a8e-3c2ad13c6286_02-18-week3-FAILING_AND_PASSING,343557636,7489248f4ab22eb3bd907ace0c8ee6f17defa971524cbcdf4e37ad69577f8e02,24/08/18 23:42,24/08/2018,spirals-bears,TREATED
f6547159-c29d-40d6-8a8e-3c2ad13c6286_02-18-week3-FAILING_AND_PASSING,343639585,32c4ac380f9efde26bdf745292ddc7d78415e36e451235bb871a245a13aeec31,24/08/18 23:43,24/08/2018,spirals-bears,TREATED
f6547159-c29d-40d6-8a8e-3c2ad13c6286_02-18-week3-FAILING_AND_PASSING,342476502,259c2680c0cc531f43aa138ada43467835b4ebdca568d1f6a93d0af6b0c406df,24/08/18 23:43,24/08/2018,spirals-bears,TREATED
f6547159-c29d-40d6-8a8e-3c2ad13c6286_02-18-week3-FAILING_AND_PASSING,344057061,d802036ce2d16d09ac2408b5e6e588828ddd7b96442e0df26604d8b9839e4395,24/08/18 23:43,24/08/2018,spirals-bears,TREATED
f6547159-c29d-40d6-8a8e-3c2ad13c6286_02-18-week3-FAILING_AND_PASSING,342796298,be0531fc0a31199e11d7126d2da3a6101fb18ac6702596f9cbf887a7bf35306f,24/08/18 23:44,24/08/2018,spirals-bears,TREATED
f6547159-c29d-40d6-8a8e-3c2ad13c6286_02-18-week3-FAILING_AND_PASSING,342796100,c8be597ce38078cee01e0caedca2c23fa685f46d7db2bd50f358128c49451938,24/08/18 23:45,24/08/2018,spirals-bears,TREATED
f6547159-c29d-40d6-8a8e-3c2ad13c6286_02-18-week3-FAILING_AND_PASSING,341102336,37c8bf97a37c204c4fe094411250396e626f2bc630c2bc59d8b5e03d382d9f62,24/08/18 23:45,24/08/2018,spirals-bears,TREATED
f6547159-c29d-40d6-8a8e-3c2ad13c6286_02-18-week3-FAILING_AND_PASSING,341779296,1d2efbf7ff35222b171cac25aeecbc6f2a1fb27867ada733da223de55f7aa9a8,24/08/18 23:46,24/08/2018,spirals-bears,TREATED
f6547159-c29d-40d6-8a8e-3c2ad13c6286_02-18-week3-FAILING_AND_PASSING,341687759,9ea7ac47ba899864b53500910149dce853f05b74b52dee7d1b64079f34c3cf97,24/08/18 23:46,24/08/2018,spirals-bears,TREATED
f6547159-c29d-40d6-8a8e-3c2ad13c6286_02-18-week3-FAILING_AND_PASSING,344227900,f36091204eca610957a1eb939cf1317fc4d456b742b8612b101cae34ed2699e1,24/08/18 23:51,24/08/2018,spirals-bears,TREATED
f6547159-c29d-40d6-8a8e-3c2ad13c6286_02-18-week3-FAILING_AND_PASSING,343474903,76363d2fc1a16a71b2e194024a0791f56b267c8df06e93c37ee4b8b14dd368d6,24/08/18 23:51,24/08/2018,spirals-bears,TREATED
f6547159-c29d-40d6-8a8e-3c2ad13c6286_02-18-week3-FAILING_AND_PASSING,341869451,eb8480127c62934f8e50630ef59e851d6428b9e4cd65461da4c4af2acee154d1,24/08/18 23:52,24/08/2018,spirals-bears,TREATED
f6547159-c29d-40d6-8a8e-3c2ad13c6286_02-18-week3-FAILING_AND_PASSING,344052857,9b7a77cd79e2aa18dc228d97dda0bdbaddab96dba3394ebb35a9e56101179782,24/08/18 23:56,24/08/2018,spirals-bears,TREATED
f6547159-c29d-40d6-8a8e-3c2ad13c6286_02-18-week3-FAILING_AND_PASSING,343912934,8bb68ef1d2a41d982646d38c9c814cc39fb54b1f285a32c8aa1d488e66097bf8,24/08/18 23:56,24/08/2018,spirals-bears,TREATED
f6547159-c29d-40d6-8a8e-3c2ad13c6286_02-18-week3-FAILING_AND_PASSING,343886544,d33d915fcd60a4ce6691dfa701cd2be9fe2ada382a9181e13e1165043214be9c,24/08/18 23:57,24/08/2018,spirals-bears,TREATED
f6547159-c29d-40d6-8a8e-3c2ad13c6286_02-18-week3-FAILING_AND_PASSING,342853865,c42b6f7b10630c65a9191b20e6b4584936af84cd381ae3aef66a28fa81098462,25/08/18 00:01,25/08/2018,spirals-bears,TREATED
f6547159-c29d-40d6-8a8e-3c2ad13c6286_02-18-week3-FAILING_AND_PASSING,343300260,1544ac5b41caadb743ae3e912f0c457e800d55a0ff4af32112b071f60ad23b57,25/08/18 00:01,25/08/2018,spirals-bears,TREATED
f6547159-c29d-40d6-8a8e-3c2ad13c6286_02-18-week3-FAILING_AND_PASSING,342298899,7c6040940c16cd206d6057511bed9b98fb43c81b30f628612b7f009ddc4ae039,25/08/18 00:02,25/08/2018,spirals-bears,TREATED
f6547159-c29d-40d6-8a8e-3c2ad13c6286_02-18-week3-FAILING_AND_PASSING,342048035,4288649b566807099fde1d580a1b3fc44c61e5ac634b1c31e92ad7630a307ac0,25/08/18 00:06,25/08/2018,spirals-bears,TREATED
f6547159-c29d-40d6-8a8e-3c2ad13c6286_02-18-week3-FAILING_AND_PASSING,341880554,26a29f7579b5fa70af5540af23970e5bfd9fa4f86823fc157a5c85cb23941ad8,25/08/18 00:06,25/08/2018,spirals-bears,TREATED
f6547159-c29d-40d6-8a8e-3c2ad13c6286_02-18-week3-FAILING_AND_PASSING,341806573,6e3dced4eab92dd459f804f45e0b3dcfdbae19c5bb3ab594318bcf8791c59ff3,25/08/18 00:07,25/08/2018,spirals-bears,TREATED
f6547159-c29d-40d6-8a8e-3c2ad13c6286_02-18-week3-FAILING_AND_PASSING,341797840,8cff94adf73d47d201ef2f7bc41050ecf0622f47e575fd95378f084ab580ac04,25/08/18 00:22,25/08/2018,spirals-bears,TREATED
