343489832,apache/flink,25/08/18 00:36,spirals-bears,1af30014-1e98-49fd-8f17-d05bb441e6a6_02-18-week3-PASSING_AND_PASSING,63,0,2,8,13,86
343583160,apache/flink,25/08/18 00:36,spirals-bears,1af30014-1e98-49fd-8f17-d05bb441e6a6_02-18-week3-PASSING_AND_PASSING,85,7,92
343484109,apache/flink,25/08/18 00:38,spirals-bears,1af30014-1e98-49fd-8f17-d05bb441e6a6_02-18-week3-PASSING_AND_PASSING,63,6,69
344253914,apache/flink,25/08/18 00:40,spirals-bears,1af30014-1e98-49fd-8f17-d05bb441e6a6_02-18-week3-PASSING_AND_PASSING,65,0,1,7,223,10,306
343117436,apache/flink,25/08/18 00:41,spirals-bears,1af30014-1e98-49fd-8f17-d05bb441e6a6_02-18-week3-PASSING_AND_PASSING,61,0,2,6,127,8,204
340071034,apache/flink,25/08/18 00:42,spirals-bears,1af30014-1e98-49fd-8f17-d05bb441e6a6_02-18-week3-PASSING_AND_PASSING,59,6,65
339987535,apache/flink,25/08/18 00:44,spirals-bears,1af30014-1e98-49fd-8f17-d05bb441e6a6_02-18-week3-PASSING_AND_PASSING,59,6,65
343387574,apache/flink,25/08/18 00:45,spirals-bears,1af30014-1e98-49fd-8f17-d05bb441e6a6_02-18-week3-PASSING_AND_PASSING,60,0,2,1,209,2,274
341458367,apache/flink,25/08/18 00:45,spirals-bears,1af30014-1e98-49fd-8f17-d05bb441e6a6_02-18-week3-PASSING_AND_PASSING,59,5,64
342721977,apache/flink,25/08/18 00:47,spirals-bears,1af30014-1e98-49fd-8f17-d05bb441e6a6_02-18-week3-PASSING_AND_PASSING,85,8,93
342721815,apache/flink,25/08/18 00:48,spirals-bears,1af30014-1e98-49fd-8f17-d05bb441e6a6_02-18-week3-PASSING_AND_PASSING,64,6,70
342781433,apache/flink,25/08/18 00:50,spirals-bears,1af30014-1e98-49fd-8f17-d05bb441e6a6_02-18-week3-PASSING_AND_PASSING,62,0,1,1,222,2,288
342266430,apache/flink,25/08/18 00:51,spirals-bears,1af30014-1e98-49fd-8f17-d05bb441e6a6_02-18-week3-PASSING_AND_PASSING,58,6,64
342679370,apache/flink,25/08/18 00:56,spirals-bears,1af30014-1e98-49fd-8f17-d05bb441e6a6_02-18-week3-PASSING_AND_PASSING,61,0,2,1,220,2,286
339482406,apache/flink,25/08/18 00:57,spirals-bears,1af30014-1e98-49fd-8f17-d05bb441e6a6_02-18-week3-PASSING_AND_PASSING,59,0,1,6,12,78
342611854,apache/flink,25/08/18 00:59,spirals-bears,1af30014-1e98-49fd-8f17-d05bb441e6a6_02-18-week3-PASSING_AND_PASSING,60,7,67
342567841,apache/flink,25/08/18 01:00,spirals-bears,1af30014-1e98-49fd-8f17-d05bb441e6a6_02-18-week3-PASSING_AND_PASSING,60,6,66
342328493,apache/flink,25/08/18 01:01,spirals-bears,1af30014-1e98-49fd-8f17-d05bb441e6a6_02-18-week3-PASSING_AND_PASSING,60,7,67
341838454,apache/flink,25/08/18 01:03,spirals-bears,1af30014-1e98-49fd-8f17-d05bb441e6a6_02-18-week3-PASSING_AND_PASSING,70,6,76
342022227,apache/flink,25/08/18 01:04,spirals-bears,1af30014-1e98-49fd-8f17-d05bb441e6a6_02-18-week3-PASSING_AND_PASSING,62,6,68
343113914,apache/flink,25/08/18 01:15,spirals-bears,1af30014-1e98-49fd-8f17-d05bb441e6a6_02-18-week3-PASSING_AND_PASSING,8,0,0,51,0,1,38,0,45,1,1,695,1,64,39,1465,2409
339344876,apache/flink,25/08/18 01:16,spirals-bears,1af30014-1e98-49fd-8f17-d05bb441e6a6_02-18-week3-PASSING_AND_PASSING,62,7,69
339431233,apache/flink,25/08/18 01:18,spirals-bears,1af30014-1e98-49fd-8f17-d05bb441e6a6_02-18-week3-PASSING_AND_PASSING,64,8,72
341430742,apache/flink,25/08/18 01:20,spirals-bears,1af30014-1e98-49fd-8f17-d05bb441e6a6_02-18-week3-PASSING_AND_PASSING,105,7,112
343724360,apache/flink,25/08/18 01:20,spirals-bears,1af30014-1e98-49fd-8f17-d05bb441e6a6_02-18-week3-PASSING_AND_PASSING,13,0,0,44,0,2,49,0,54,1,1,795,1,60,52,1552,2624
339084966,apache/flink,25/08/18 01:21,spirals-bears,1af30014-1e98-49fd-8f17-d05bb441e6a6_02-18-week3-PASSING_AND_PASSING,59,6,65
341364935,apache/flink,25/08/18 01:22,spirals-bears,1af30014-1e98-49fd-8f17-d05bb441e6a6_02-18-week3-PASSING_AND_PASSING,61,5,66
342216466,prestodb/presto,25/08/18 01:22,spirals-bears,1af30014-1e98-49fd-8f17-d05bb441e6a6_02-18-week3-PASSING_AND_PASSING,44,5,49
343111621,prestodb/presto,25/08/18 01:23,spirals-bears,1af30014-1e98-49fd-8f17-d05bb441e6a6_02-18-week3-PASSING_AND_PASSING,44,6,50
342395200,prestodb/presto,25/08/18 01:24,spirals-bears,1af30014-1e98-49fd-8f17-d05bb441e6a6_02-18-week3-PASSING_AND_PASSING,47,0,2,5,12,66
341775068,prestodb/presto,25/08/18 01:24,spirals-bears,1af30014-1e98-49fd-8f17-d05bb441e6a6_02-18-week3-PASSING_AND_PASSING,44,0,2,5,9,60
342152708,prestodb/presto,25/08/18 01:25,spirals-bears,1af30014-1e98-49fd-8f17-d05bb441e6a6_02-18-week3-PASSING_AND_PASSING,42,7,49
342255843,prestodb/presto,25/08/18 01:25,spirals-bears,1af30014-1e98-49fd-8f17-d05bb441e6a6_02-18-week3-PASSING_AND_PASSING,43,9,52
343264255,prestodb/presto,25/08/18 01:26,spirals-bears,1af30014-1e98-49fd-8f17-d05bb441e6a6_02-18-week3-PASSING_AND_PASSING,44,9,53
341919717,prestodb/presto,25/08/18 01:26,spirals-bears,1af30014-1e98-49fd-8f17-d05bb441e6a6_02-18-week3-PASSING_AND_PASSING,45,9,54
342287869,prestodb/presto,25/08/18 01:27,spirals-bears,1af30014-1e98-49fd-8f17-d05bb441e6a6_02-18-week3-PASSING_AND_PASSING,43,6,49
341737155,prestodb/presto,25/08/18 01:27,spirals-bears,1af30014-1e98-49fd-8f17-d05bb441e6a6_02-18-week3-PASSING_AND_PASSING,44,5,49
341520245,prestodb/presto,25/08/18 01:28,spirals-bears,1af30014-1e98-49fd-8f17-d05bb441e6a6_02-18-week3-PASSING_AND_PASSING,44,5,49
342152215,prestodb/presto,25/08/18 01:28,spirals-bears,1af30014-1e98-49fd-8f17-d05bb441e6a6_02-18-week3-PASSING_AND_PASSING,44,5,49
341896267,prestodb/presto,25/08/18 01:29,spirals-bears,1af30014-1e98-49fd-8f17-d05bb441e6a6_02-18-week3-PASSING_AND_PASSING,46,6,52
342072346,prestodb/presto,25/08/18 01:29,spirals-bears,1af30014-1e98-49fd-8f17-d05bb441e6a6_02-18-week3-PASSING_AND_PASSING,44,5,49
342085614,prestodb/presto,25/08/18 01:30,spirals-bears,1af30014-1e98-49fd-8f17-d05bb441e6a6_02-18-week3-PASSING_AND_PASSING,50,6,56
341403564,prestodb/presto,25/08/18 01:30,spirals-bears,1af30014-1e98-49fd-8f17-d05bb441e6a6_02-18-week3-PASSING_AND_PASSING,43,4,47
341839196,prestodb/presto,25/08/18 01:31,spirals-bears,1af30014-1e98-49fd-8f17-d05bb441e6a6_02-18-week3-PASSING_AND_PASSING,43,6,49
341975689,prestodb/presto,25/08/18 01:31,spirals-bears,1af30014-1e98-49fd-8f17-d05bb441e6a6_02-18-week3-PASSING_AND_PASSING,44,8,52
341759130,prestodb/presto,25/08/18 01:32,spirals-bears,1af30014-1e98-49fd-8f17-d05bb441e6a6_02-18-week3-PASSING_AND_PASSING,43,6,49
341560508,prestodb/presto,25/08/18 01:32,spirals-bears,1af30014-1e98-49fd-8f17-d05bb441e6a6_02-18-week3-PASSING_AND_PASSING,44,4,48
342699289,apache/flink,25/08/18 01:32,spirals-bears,1af30014-1e98-49fd-8f17-d05bb441e6a6_02-18-week3-PASSING_AND_PASSING,8,0,1,52,0,1,95,0,38,2,2,682,1,78,38,1622,2620
341491922,prestodb/presto,25/08/18 01:33,spirals-bears,1af30014-1e98-49fd-8f17-d05bb441e6a6_02-18-week3-PASSING_AND_PASSING,46,9,55
340981590,prestodb/presto,25/08/18 01:33,spirals-bears,1af30014-1e98-49fd-8f17-d05bb441e6a6_02-18-week3-PASSING_AND_PASSING,47,10,57
343725572,apache/incubator-druid,25/08/18 01:33,spirals-bears,1af30014-1e98-49fd-8f17-d05bb441e6a6_02-18-week3-PASSING_AND_PASSING,37,16,53
339632523,apache/incubator-druid,25/08/18 01:34,spirals-bears,1af30014-1e98-49fd-8f17-d05bb441e6a6_02-18-week3-PASSING_AND_PASSING,49,14,63
343112503,apache/incubator-druid,25/08/18 01:36,spirals-bears,1af30014-1e98-49fd-8f17-d05bb441e6a6_02-18-week3-PASSING_AND_PASSING,48,0,3,1,114,2,168
342579867,apache/incubator-druid,25/08/18 01:37,spirals-bears,1af30014-1e98-49fd-8f17-d05bb441e6a6_02-18-week3-PASSING_AND_PASSING,47,0,3,1,164,2,217
342544062,apache/incubator-druid,25/08/18 01:38,spirals-bears,1af30014-1e98-49fd-8f17-d05bb441e6a6_02-18-week3-PASSING_AND_PASSING,41,0,1,0,134,2,178
342198608,apache/incubator-druid,25/08/18 01:39,spirals-bears,1af30014-1e98-49fd-8f17-d05bb441e6a6_02-18-week3-PASSING_AND_PASSING,34,0,1,1,133,2,171
341236617,apache/incubator-druid,25/08/18 01:41,spirals-bears,1af30014-1e98-49fd-8f17-d05bb441e6a6_02-18-week3-PASSING_AND_PASSING,35,0,1,5,153,12,206
342147468,apache/incubator-druid,25/08/18 01:41,spirals-bears,1af30014-1e98-49fd-8f17-d05bb441e6a6_02-18-week3-PASSING_AND_PASSING,37,0,1,1,150,2,191
335375341,apache/incubator-druid,25/08/18 01:42,spirals-bears,1af30014-1e98-49fd-8f17-d05bb441e6a6_02-18-week3-PASSING_AND_PASSING,41,6,47
339113580,apache/incubator-druid,25/08/18 01:43,spirals-bears,1af30014-1e98-49fd-8f17-d05bb441e6a6_02-18-week3-PASSING_AND_PASSING,37,5,42
342104642,apache/incubator-druid,25/08/18 01:45,spirals-bears,1af30014-1e98-49fd-8f17-d05bb441e6a6_02-18-week3-PASSING_AND_PASSING,42,0,1,1,156,2,202
342105029,apache/incubator-druid,25/08/18 01:45,spirals-bears,1af30014-1e98-49fd-8f17-d05bb441e6a6_02-18-week3-PASSING_AND_PASSING,44,0,1,0,260,2,307
338759020,apache/incubator-druid,25/08/18 01:45,spirals-bears,1af30014-1e98-49fd-8f17-d05bb441e6a6_02-18-week3-PASSING_AND_PASSING,35,0,1,0,94,2,132
341673660,apache/incubator-druid,25/08/18 01:45,spirals-bears,1af30014-1e98-49fd-8f17-d05bb441e6a6_02-18-week3-PASSING_AND_PASSING,37,6,43
342008418,apache/flink,25/08/18 01:46,spirals-bears,1af30014-1e98-49fd-8f17-d05bb441e6a6_02-18-week3-PASSING_AND_PASSING,8,0,1,44,0,3,58,0,37,2,1,653,3,67,36,1570,2483
341517864,thelastpickle/cassandra-reaper,25/08/18 01:46,spirals-bears,1af30014-1e98-49fd-8f17-d05bb441e6a6_02-18-week3-PASSING_AND_PASSING,7,0,7
341288405,thelastpickle/cassandra-reaper,25/08/18 01:47,spirals-bears,1af30014-1e98-49fd-8f17-d05bb441e6a6_02-18-week3-PASSING_AND_PASSING,7,0,0,0,53,1,61
341691287,apache/incubator-druid,25/08/18 01:48,spirals-bears,1af30014-1e98-49fd-8f17-d05bb441e6a6_02-18-week3-PASSING_AND_PASSING,36,0,2,7,155,7,207
340835832,apache/incubator-druid,25/08/18 01:49,spirals-bears,1af30014-1e98-49fd-8f17-d05bb441e6a6_02-18-week3-PASSING_AND_PASSING,34,0,1,6,162,6,209
343027960,JMRI/JMRI,25/08/18 01:57,spirals-bears,1af30014-1e98-49fd-8f17-d05bb441e6a6_02-18-week3-PASSING_AND_PASSING,305,0,0,13,154,33,505
343590711,JMRI/JMRI,25/08/18 01:58,spirals-bears,1af30014-1e98-49fd-8f17-d05bb441e6a6_02-18-week3-PASSING_AND_PASSING,446,0,0,14,153,33,646
343211093,JMRI/JMRI,25/08/18 02:05,spirals-bears,1af30014-1e98-49fd-8f17-d05bb441e6a6_02-18-week3-PASSING_AND_PASSING,255,0,1,12,161,26,455
343251262,JMRI/JMRI,25/08/18 02:06,spirals-bears,1af30014-1e98-49fd-8f17-d05bb441e6a6_02-18-week3-PASSING_AND_PASSING,292,0,0,14,158,34,498
343396886,JMRI/JMRI,25/08/18 02:10,spirals-bears,1af30014-1e98-49fd-8f17-d05bb441e6a6_02-18-week3-PASSING_AND_PASSING,274,0,1,1,6,282
340769644,JMRI/JMRI,25/08/18 02:11,spirals-bears,1af30014-1e98-49fd-8f17-d05bb441e6a6_02-18-week3-PASSING_AND_PASSING,267,0,267
342654000,JMRI/JMRI,25/08/18 02:17,spirals-bears,1af30014-1e98-49fd-8f17-d05bb441e6a6_02-18-week3-PASSING_AND_PASSING,254,0,1,6,158,6,425
343827545,JMRI/JMRI,25/08/18 02:22,spirals-bears,1af30014-1e98-49fd-8f17-d05bb441e6a6_02-18-week3-PASSING_AND_PASSING,308,0,1590,3,5,171,21,7,2105
343660803,JMRI/JMRI,25/08/18 02:23,spirals-bears,1af30014-1e98-49fd-8f17-d05bb441e6a6_02-18-week3-PASSING_AND_PASSING,348,0,1533,2,5,162,23,7,2080
340058446,JMRI/JMRI,25/08/18 02:26,spirals-bears,1af30014-1e98-49fd-8f17-d05bb441e6a6_02-18-week3-PASSING_AND_PASSING,271,0,0,16,159,33,479
341847520,apache/nifi,25/08/18 02:27,spirals-bears,1af30014-1e98-49fd-8f17-d05bb441e6a6_02-18-week3-PASSING_AND_PASSING,40,5,45
342538802,JMRI/JMRI,25/08/18 02:44,spirals-bears,1af30014-1e98-49fd-8f17-d05bb441e6a6_02-18-week3-PASSING_AND_PASSING,269,0,1540,1,6,155,14,6,1991
343744153,apache/nifi,25/08/18 02:48,spirals-bears,1af30014-1e98-49fd-8f17-d05bb441e6a6_02-18-week3-PASSING_AND_PASSING,45,2,4,7,113,11,182
344393217,apache/nifi,25/08/18 02:51,spirals-bears,1af30014-1e98-49fd-8f17-d05bb441e6a6_02-18-week3-PASSING_AND_PASSING,35,2,4,1,1403,2,1447
334383158,apache/nifi,25/08/18 02:53,spirals-bears,1af30014-1e98-49fd-8f17-d05bb441e6a6_02-18-week3-PASSING_AND_PASSING,36,2,4,10,235,8,295
342082827,JMRI/JMRI,25/08/18 02:57,spirals-bears,1af30014-1e98-49fd-8f17-d05bb441e6a6_02-18-week3-PASSING_AND_PASSING,275,0,1636,0,7,163,29,6,2116
342403999,apache/nifi,25/08/18 02:58,spirals-bears,1af30014-1e98-49fd-8f17-d05bb441e6a6_02-18-week3-PASSING_AND_PASSING,37,4,41
342752750,apache/nifi,25/08/18 03:01,spirals-bears,1af30014-1e98-49fd-8f17-d05bb441e6a6_02-18-week3-PASSING_AND_PASSING,38,2,4,1,525,2,572
341269363,JMRI/JMRI,25/08/18 03:05,spirals-bears,1af30014-1e98-49fd-8f17-d05bb441e6a6_02-18-week3-PASSING_AND_PASSING,13,0,7,1655,0,146,0,9,12,92,4,277,65,160,2440
342363456,apache/nifi,25/08/18 03:08,spirals-bears,1af30014-1e98-49fd-8f17-d05bb441e6a6_02-18-week3-PASSING_AND_PASSING,35,2,4,1,844,2,888
341530601,apache/nifi,25/08/18 03:13,spirals-bears,1af30014-1e98-49fd-8f17-d05bb441e6a6_02-18-week3-PASSING_AND_PASSING,37,2,5,8,803,8,863
344521179,INRIA/spoon,25/08/18 03:17,spirals-bears,1af30014-1e98-49fd-8f17-d05bb441e6a6_02-18-week3-PASSING_AND_PASSING,8,0,2,400,0,0,4,0,373,5,0,39,3,9,5,66,914
344374572,INRIA/spoon,25/08/18 03:21,spirals-bears,1af30014-1e98-49fd-8f17-d05bb441e6a6_02-18-week3-PASSING_AND_PASSING,7,0,0,409,0,0,4,0,400,0,0,35,0,9,4,59,927
342981393,INRIA/spoon,25/08/18 03:22,spirals-bears,1af30014-1e98-49fd-8f17-d05bb441e6a6_02-18-week3-PASSING_AND_PASSING,10,0,0,0,52,0,62
343136932,INRIA/spoon,25/08/18 03:24,spirals-bears,1af30014-1e98-49fd-8f17-d05bb441e6a6_02-18-week3-PASSING_AND_PASSING,7,0,0,403,0,0,4,0,399,0,0,34,0,9,5,60,921
343033462,INRIA/spoon,25/08/18 03:28,spirals-bears,1af30014-1e98-49fd-8f17-d05bb441e6a6_02-18-week3-PASSING_AND_PASSING,7,0,0,396,0,0,4,0,405,0,0,34,0,10,4,58,918
343015376,INRIA/spoon,25/08/18 03:33,spirals-bears,1af30014-1e98-49fd-8f17-d05bb441e6a6_02-18-week3-PASSING_AND_PASSING,8,0,2,398,0,0,4,0,404,4,0,34,2,9,5,60,930
342772866,INRIA/spoon,25/08/18 03:34,spirals-bears,1af30014-1e98-49fd-8f17-d05bb441e6a6_02-18-week3-PASSING_AND_PASSING,9,0,0,3,49,6,67
342710640,INRIA/spoon,25/08/18 03:38,spirals-bears,1af30014-1e98-49fd-8f17-d05bb441e6a6_02-18-week3-PASSING_AND_PASSING,8,0,0,409,0,0,4,0,388,0,0,34,0,9,4,63,919
342855029,INRIA/spoon,25/08/18 03:40,spirals-bears,1af30014-1e98-49fd-8f17-d05bb441e6a6_02-18-week3-PASSING_AND_PASSING,7,0,2,398,0,0,4,0,393,4,0,34,2,9,4,57,914
342446849,INRIA/spoon,25/08/18 03:40,spirals-bears,1af30014-1e98-49fd-8f17-d05bb441e6a6_02-18-week3-PASSING_AND_PASSING,9,0,0,3,5,17
342037368,INRIA/spoon,25/08/18 03:41,spirals-bears,1af30014-1e98-49fd-8f17-d05bb441e6a6_02-18-week3-PASSING_AND_PASSING,9,0,0,0,43,1,53
342958164,INRIA/spoon,25/08/18 03:45,spirals-bears,1af30014-1e98-49fd-8f17-d05bb441e6a6_02-18-week3-PASSING_AND_PASSING,7,0,2,412,0,0,4,0,417,4,0,32,2,9,4,55,948
342710501,INRIA/spoon,25/08/18 03:50,spirals-bears,1af30014-1e98-49fd-8f17-d05bb441e6a6_02-18-week3-PASSING_AND_PASSING,9,0,0,410,0,0,4,0,402,0,0,29,0,8,4,55,921
336486324,EnMasseProject/enmasse,25/08/18 03:50,spirals-bears,1af30014-1e98-49fd-8f17-d05bb441e6a6_02-18-week3-PASSING_AND_PASSING,26,0,26
342442241,INRIA/spoon,25/08/18 03:53,spirals-bears,1af30014-1e98-49fd-8f17-d05bb441e6a6_02-18-week3-PASSING_AND_PASSING,7,0,0,400,0,0,4,0,404,0,0,31,0,10,4,56,916
344344711,EnMasseProject/enmasse,25/08/18 03:54,spirals-bears,1af30014-1e98-49fd-8f17-d05bb441e6a6_02-18-week3-PASSING_AND_PASSING,26,0,90,1,1,79,0,0,197
344339597,EnMasseProject/enmasse,25/08/18 03:54,spirals-bears,1af30014-1e98-49fd-8f17-d05bb441e6a6_02-18-week3-PASSING_AND_PASSING,28,0,1,5,24,4,62
344318444,EnMasseProject/enmasse,25/08/18 03:55,spirals-bears,1af30014-1e98-49fd-8f17-d05bb441e6a6_02-18-week3-PASSING_AND_PASSING,25,0,1,5,20,4,55
344339508,EnMasseProject/enmasse,25/08/18 03:57,spirals-bears,1af30014-1e98-49fd-8f17-d05bb441e6a6_02-18-week3-PASSING_AND_PASSING,27,0,88,1,1,80,0,1,198
341628071,INRIA/spoon,25/08/18 03:57,spirals-bears,1af30014-1e98-49fd-8f17-d05bb441e6a6_02-18-week3-PASSING_AND_PASSING,8,0,2,408,0,0,4,0,409,4,0,32,2,8,4,56,937
344202590,EnMasseProject/enmasse,25/08/18 03:58,spirals-bears,1af30014-1e98-49fd-8f17-d05bb441e6a6_02-18-week3-PASSING_AND_PASSING,27,3,30
344202514,EnMasseProject/enmasse,25/08/18 03:58,spirals-bears,1af30014-1e98-49fd-8f17-d05bb441e6a6_02-18-week3-PASSING_AND_PASSING,33,0,33
344318134,EnMasseProject/enmasse,25/08/18 03:59,spirals-bears,1af30014-1e98-49fd-8f17-d05bb441e6a6_02-18-week3-PASSING_AND_PASSING,24,0,91,2,1,80,0,0,198
344273830,EnMasseProject/enmasse,25/08/18 04:00,spirals-bears,1af30014-1e98-49fd-8f17-d05bb441e6a6_02-18-week3-PASSING_AND_PASSING,27,0,1,1,82,1,112
344243498,EnMasseProject/enmasse,25/08/18 04:00,spirals-bears,1af30014-1e98-49fd-8f17-d05bb441e6a6_02-18-week3-PASSING_AND_PASSING,27,0,2,1,22,0,52
342036560,INRIA/spoon,25/08/18 04:01,spirals-bears,1af30014-1e98-49fd-8f17-d05bb441e6a6_02-18-week3-PASSING_AND_PASSING,6,0,0,402,0,0,4,0,425,0,0,33,0,8,4,54,936
344212006,EnMasseProject/enmasse,25/08/18 04:01,spirals-bears,1af30014-1e98-49fd-8f17-d05bb441e6a6_02-18-week3-PASSING_AND_PASSING,29,3,32
344018497,EnMasseProject/enmasse,25/08/18 04:01,spirals-bears,1af30014-1e98-49fd-8f17-d05bb441e6a6_02-18-week3-PASSING_AND_PASSING,45,3,48
344018443,EnMasseProject/enmasse,25/08/18 04:01,spirals-bears,1af30014-1e98-49fd-8f17-d05bb441e6a6_02-18-week3-PASSING_AND_PASSING,27,0,27
344033313,EnMasseProject/enmasse,25/08/18 04:01,spirals-bears,1af30014-1e98-49fd-8f17-d05bb441e6a6_02-18-week3-PASSING_AND_PASSING,28,2,30
343816704,EnMasseProject/enmasse,25/08/18 04:02,spirals-bears,1af30014-1e98-49fd-8f17-d05bb441e6a6_02-18-week3-PASSING_AND_PASSING,28,2,30
344243826,EnMasseProject/enmasse,25/08/18 04:02,spirals-bears,1af30014-1e98-49fd-8f17-d05bb441e6a6_02-18-week3-PASSING_AND_PASSING,28,0,95,2,1,86,0,1,213
343963569,EnMasseProject/enmasse,25/08/18 04:02,spirals-bears,1af30014-1e98-49fd-8f17-d05bb441e6a6_02-18-week3-PASSING_AND_PASSING,30,2,32
343872850,EnMasseProject/enmasse,25/08/18 04:02,spirals-bears,1af30014-1e98-49fd-8f17-d05bb441e6a6_02-18-week3-PASSING_AND_PASSING,31,0,3,0,0,34
343862694,EnMasseProject/enmasse,25/08/18 04:03,spirals-bears,1af30014-1e98-49fd-8f17-d05bb441e6a6_02-18-week3-PASSING_AND_PASSING,30,0,1,6,23,7,67
343780169,EnMasseProject/enmasse,25/08/18 04:03,spirals-bears,1af30014-1e98-49fd-8f17-d05bb441e6a6_02-18-week3-PASSING_AND_PASSING,28,0,1,6,25,4,64
343792773,EnMasseProject/enmasse,25/08/18 04:03,spirals-bears,1af30014-1e98-49fd-8f17-d05bb441e6a6_02-18-week3-PASSING_AND_PASSING,30,0,2,2,32,1,67
343782583,EnMasseProject/enmasse,25/08/18 04:04,spirals-bears,1af30014-1e98-49fd-8f17-d05bb441e6a6_02-18-week3-PASSING_AND_PASSING,30,0,30
343777151,EnMasseProject/enmasse,25/08/18 04:05,spirals-bears,1af30014-1e98-49fd-8f17-d05bb441e6a6_02-18-week3-PASSING_AND_PASSING,31,0,1,7,23,5,67
343862803,EnMasseProject/enmasse,25/08/18 04:06,spirals-bears,1af30014-1e98-49fd-8f17-d05bb441e6a6_02-18-week3-PASSING_AND_PASSING,29,0,126,1,1,83,0,2,242
343712515,EnMasseProject/enmasse,25/08/18 04:07,spirals-bears,1af30014-1e98-49fd-8f17-d05bb441e6a6_02-18-week3-PASSING_AND_PASSING,28,0,2,7,22,4,63
343778179,EnMasseProject/enmasse,25/08/18 04:07,spirals-bears,1af30014-1e98-49fd-8f17-d05bb441e6a6_02-18-week3-PASSING_AND_PASSING,31,0,127,2,1,78,0,0,239
343720904,EnMasseProject/enmasse,25/08/18 04:08,spirals-bears,1af30014-1e98-49fd-8f17-d05bb441e6a6_02-18-week3-PASSING_AND_PASSING,29,0,127,1,1,81,0,0,239
343520950,EnMasseProject/enmasse,25/08/18 04:09,spirals-bears,1af30014-1e98-49fd-8f17-d05bb441e6a6_02-18-week3-PASSING_AND_PASSING,28,0,28
343712507,EnMasseProject/enmasse,25/08/18 04:09,spirals-bears,1af30014-1e98-49fd-8f17-d05bb441e6a6_02-18-week3-PASSING_AND_PASSING,27,0,135,2,1,78,0,1,244
341957091,EnMasseProject/enmasse,25/08/18 04:10,spirals-bears,1af30014-1e98-49fd-8f17-d05bb441e6a6_02-18-week3-PASSING_AND_PASSING,27,3,30
343699582,EnMasseProject/enmasse,25/08/18 04:11,spirals-bears,1af30014-1e98-49fd-8f17-d05bb441e6a6_02-18-week3-PASSING_AND_PASSING,28,0,129,1,1,84,0,1,244
343698567,EnMasseProject/enmasse,25/08/18 04:12,spirals-bears,1af30014-1e98-49fd-8f17-d05bb441e6a6_02-18-week3-PASSING_AND_PASSING,30,0,126,2,1,83,0,1,243
343365677,EnMasseProject/enmasse,25/08/18 04:12,spirals-bears,1af30014-1e98-49fd-8f17-d05bb441e6a6_02-18-week3-PASSING_AND_PASSING,28,0,28
343455549,EnMasseProject/enmasse,25/08/18 04:12,spirals-bears,1af30014-1e98-49fd-8f17-d05bb441e6a6_02-18-week3-PASSING_AND_PASSING,26,0,97,2,1,85,0,1,212
341816383,EnMasseProject/enmasse,25/08/18 04:13,spirals-bears,1af30014-1e98-49fd-8f17-d05bb441e6a6_02-18-week3-PASSING_AND_PASSING,25,0,2,7,24,4,62
342427354,EnMasseProject/enmasse,25/08/18 04:13,spirals-bears,1af30014-1e98-49fd-8f17-d05bb441e6a6_02-18-week3-PASSING_AND_PASSING,30,0,1,0,1,32
343454555,EnMasseProject/enmasse,25/08/18 04:13,spirals-bears,1af30014-1e98-49fd-8f17-d05bb441e6a6_02-18-week3-PASSING_AND_PASSING,28,0,95,2,1,79,0,0,205
339223719,EnMasseProject/enmasse,25/08/18 04:14,spirals-bears,1af30014-1e98-49fd-8f17-d05bb441e6a6_02-18-week3-PASSING_AND_PASSING,29,3,32
339223620,EnMasseProject/enmasse,25/08/18 04:14,spirals-bears,1af30014-1e98-49fd-8f17-d05bb441e6a6_02-18-week3-PASSING_AND_PASSING,29,0,29
341340962,EnMasseProject/enmasse,25/08/18 04:15,spirals-bears,1af30014-1e98-49fd-8f17-d05bb441e6a6_02-18-week3-PASSING_AND_PASSING,28,3,31
342249470,EnMasseProject/enmasse,25/08/18 04:15,spirals-bears,1af30014-1e98-49fd-8f17-d05bb441e6a6_02-18-week3-PASSING_AND_PASSING,27,0,2,1,23,1,54
341321491,EnMasseProject/enmasse,25/08/18 04:15,spirals-bears,1af30014-1e98-49fd-8f17-d05bb441e6a6_02-18-week3-PASSING_AND_PASSING,28,0,28
343342568,EnMasseProject/enmasse,25/08/18 04:16,spirals-bears,1af30014-1e98-49fd-8f17-d05bb441e6a6_02-18-week3-PASSING_AND_PASSING,30,0,95,2,1,81,0,0,209
341480340,EnMasseProject/enmasse,25/08/18 04:16,spirals-bears,1af30014-1e98-49fd-8f17-d05bb441e6a6_02-18-week3-PASSING_AND_PASSING,26,3,29
341397449,EnMasseProject/enmasse,25/08/18 04:17,spirals-bears,1af30014-1e98-49fd-8f17-d05bb441e6a6_02-18-week3-PASSING_AND_PASSING,30,3,33
342330735,EnMasseProject/enmasse,25/08/18 04:17,spirals-bears,1af30014-1e98-49fd-8f17-d05bb441e6a6_02-18-week3-PASSING_AND_PASSING,27,0,95,2,1,81,0,0,206
341476871,EnMasseProject/enmasse,25/08/18 04:17,spirals-bears,1af30014-1e98-49fd-8f17-d05bb441e6a6_02-18-week3-PASSING_AND_PASSING,30,0,30
344443814,batfish/batfish,25/08/18 04:18,spirals-bears,1af30014-1e98-49fd-8f17-d05bb441e6a6_02-18-week3-PASSING_AND_PASSING,49,0,49
341954216,EnMasseProject/enmasse,25/08/18 04:19,spirals-bears,1af30014-1e98-49fd-8f17-d05bb441e6a6_02-18-week3-PASSING_AND_PASSING,27,0,130,1,1,83,0,1,243
344186286,batfish/batfish,25/08/18 04:20,spirals-bears,1af30014-1e98-49fd-8f17-d05bb441e6a6_02-18-week3-PASSING_AND_PASSING,59,0,0,0,47,2,108
344181003,batfish/batfish,25/08/18 04:20,spirals-bears,1af30014-1e98-49fd-8f17-d05bb441e6a6_02-18-week3-PASSING_AND_PASSING,49,0,49
344180224,batfish/batfish,25/08/18 04:21,spirals-bears,1af30014-1e98-49fd-8f17-d05bb441e6a6_02-18-week3-PASSING_AND_PASSING,53,3,56
344446047,batfish/batfish,25/08/18 04:21,spirals-bears,1af30014-1e98-49fd-8f17-d05bb441e6a6_02-18-week3-PASSING_AND_PASSING,53,0,1,0,185,1,240
344454039,batfish/batfish,25/08/18 04:21,spirals-bears,1af30014-1e98-49fd-8f17-d05bb441e6a6_02-18-week3-PASSING_AND_PASSING,56,0,0,0,187,2,245
344180211,batfish/batfish,25/08/18 04:21,spirals-bears,1af30014-1e98-49fd-8f17-d05bb441e6a6_02-18-week3-PASSING_AND_PASSING,53,0,53
343511913,batfish/batfish,25/08/18 04:22,spirals-bears,1af30014-1e98-49fd-8f17-d05bb441e6a6_02-18-week3-PASSING_AND_PASSING,47,4,51
344179868,batfish/batfish,25/08/18 04:22,spirals-bears,1af30014-1e98-49fd-8f17-d05bb441e6a6_02-18-week3-PASSING_AND_PASSING,64,3,67
344179826,batfish/batfish,25/08/18 04:22,spirals-bears,1af30014-1e98-49fd-8f17-d05bb441e6a6_02-18-week3-PASSING_AND_PASSING,61,0,61
343511896,batfish/batfish,25/08/18 04:22,spirals-bears,1af30014-1e98-49fd-8f17-d05bb441e6a6_02-18-week3-PASSING_AND_PASSING,64,0,64
344077614,batfish/batfish,25/08/18 04:23,spirals-bears,1af30014-1e98-49fd-8f17-d05bb441e6a6_02-18-week3-PASSING_AND_PASSING,50,2,52
344112182,batfish/batfish,25/08/18 04:23,spirals-bears,1af30014-1e98-49fd-8f17-d05bb441e6a6_02-18-week3-PASSING_AND_PASSING,58,2,60
343602559,batfish/batfish,25/08/18 04:24,spirals-bears,1af30014-1e98-49fd-8f17-d05bb441e6a6_02-18-week3-PASSING_AND_PASSING,51,3,54
343602555,batfish/batfish,25/08/18 04:24,spirals-bears,1af30014-1e98-49fd-8f17-d05bb441e6a6_02-18-week3-PASSING_AND_PASSING,56,0,56
343601820,batfish/batfish,25/08/18 04:25,spirals-bears,1af30014-1e98-49fd-8f17-d05bb441e6a6_02-18-week3-PASSING_AND_PASSING,52,4,56
343601798,batfish/batfish,25/08/18 04:25,spirals-bears,1af30014-1e98-49fd-8f17-d05bb441e6a6_02-18-week3-PASSING_AND_PASSING,49,0,49
342090848,batfish/batfish,25/08/18 04:26,spirals-bears,1af30014-1e98-49fd-8f17-d05bb441e6a6_02-18-week3-PASSING_AND_PASSING,53,3,56
343944915,batfish/batfish,25/08/18 04:26,spirals-bears,1af30014-1e98-49fd-8f17-d05bb441e6a6_02-18-week3-PASSING_AND_PASSING,53,0,0,1,192,1,247
343190285,batfish/batfish,25/08/18 04:26,spirals-bears,1af30014-1e98-49fd-8f17-d05bb441e6a6_02-18-week3-PASSING_AND_PASSING,51,0,1,0,44,1,97
342085480,batfish/batfish,25/08/18 04:27,spirals-bears,1af30014-1e98-49fd-8f17-d05bb441e6a6_02-18-week3-PASSING_AND_PASSING,50,0,50
343597446,batfish/batfish,25/08/18 04:27,spirals-bears,1af30014-1e98-49fd-8f17-d05bb441e6a6_02-18-week3-PASSING_AND_PASSING,57,0,0,1,180,1,239
342154242,batfish/batfish,25/08/18 04:27,spirals-bears,1af30014-1e98-49fd-8f17-d05bb441e6a6_02-18-week3-PASSING_AND_PASSING,53,0,53
342230667,batfish/batfish,25/08/18 04:28,spirals-bears,1af30014-1e98-49fd-8f17-d05bb441e6a6_02-18-week3-PASSING_AND_PASSING,55,0,1,0,2,58
342074653,batfish/batfish,25/08/18 04:28,spirals-bears,1af30014-1e98-49fd-8f17-d05bb441e6a6_02-18-week3-PASSING_AND_PASSING,51,3,54
342040798,batfish/batfish,25/08/18 04:28,spirals-bears,1af30014-1e98-49fd-8f17-d05bb441e6a6_02-18-week3-PASSING_AND_PASSING,47,0,47
342074621,batfish/batfish,25/08/18 04:29,spirals-bears,1af30014-1e98-49fd-8f17-d05bb441e6a6_02-18-week3-PASSING_AND_PASSING,51,0,51
342190417,batfish/batfish,25/08/18 04:29,spirals-bears,1af30014-1e98-49fd-8f17-d05bb441e6a6_02-18-week3-PASSING_AND_PASSING,75,0,0,4,39,5,123
342040891,batfish/batfish,25/08/18 04:29,spirals-bears,1af30014-1e98-49fd-8f17-d05bb441e6a6_02-18-week3-PASSING_AND_PASSING,52,3,55
341762342,batfish/batfish,25/08/18 04:30,spirals-bears,1af30014-1e98-49fd-8f17-d05bb441e6a6_02-18-week3-PASSING_AND_PASSING,53,0,53
341762380,batfish/batfish,25/08/18 04:30,spirals-bears,1af30014-1e98-49fd-8f17-d05bb441e6a6_02-18-week3-PASSING_AND_PASSING,60,3,63
341638503,batfish/batfish,25/08/18 04:31,spirals-bears,1af30014-1e98-49fd-8f17-d05bb441e6a6_02-18-week3-PASSING_AND_PASSING,55,0,55
341638531,batfish/batfish,25/08/18 04:31,spirals-bears,1af30014-1e98-49fd-8f17-d05bb441e6a6_02-18-week3-PASSING_AND_PASSING,56,4,60
341170742,batfish/batfish,25/08/18 04:32,spirals-bears,1af30014-1e98-49fd-8f17-d05bb441e6a6_02-18-week3-PASSING_AND_PASSING,48,0,0,0,92,2,142
341170780,batfish/batfish,25/08/18 04:33,spirals-bears,1af30014-1e98-49fd-8f17-d05bb441e6a6_02-18-week3-PASSING_AND_PASSING,85,0,0,6,88,8,187
342995772,matsim-org/matsim,25/08/18 04:34,spirals-bears,1af30014-1e98-49fd-8f17-d05bb441e6a6_02-18-week3-PASSING_AND_PASSING,158,0,0,2,19,1,180
344188733,apache/incubator-servicecomb-java-chassis,25/08/18 04:34,spirals-bears,1af30014-1e98-49fd-8f17-d05bb441e6a6_02-18-week3-PASSING_AND_PASSING,9,5,14
340330541,apache/incubator-servicecomb-java-chassis,25/08/18 04:35,spirals-bears,1af30014-1e98-49fd-8f17-d05bb441e6a6_02-18-week3-PASSING_AND_PASSING,9,5,14
344000547,runelite/runelite,25/08/18 04:35,spirals-bears,1af30014-1e98-49fd-8f17-d05bb441e6a6_02-18-week3-PASSING_AND_PASSING,11,13,24
343589462,runelite/runelite,25/08/18 04:35,spirals-bears,1af30014-1e98-49fd-8f17-d05bb441e6a6_02-18-week3-PASSING_AND_PASSING,9,0,9
343952826,runelite/runelite,25/08/18 04:36,spirals-bears,1af30014-1e98-49fd-8f17-d05bb441e6a6_02-18-week3-PASSING_AND_PASSING,12,13,25
344111828,runelite/runelite,25/08/18 04:36,spirals-bears,1af30014-1e98-49fd-8f17-d05bb441e6a6_02-18-week3-PASSING_AND_PASSING,11,0,11
342179975,runelite/runelite,25/08/18 04:37,spirals-bears,1af30014-1e98-49fd-8f17-d05bb441e6a6_02-18-week3-PASSING_AND_PASSING,11,0,11
341761687,matsim-org/matsim,25/08/18 04:37,spirals-bears,1af30014-1e98-49fd-8f17-d05bb441e6a6_02-18-week3-PASSING_AND_PASSING,166,0,2,1,68,1,238
343004209,runelite/runelite,25/08/18 04:37,spirals-bears,1af30014-1e98-49fd-8f17-d05bb441e6a6_02-18-week3-PASSING_AND_PASSING,11,0,11
342844421,runelite/runelite,25/08/18 04:37,spirals-bears,1af30014-1e98-49fd-8f17-d05bb441e6a6_02-18-week3-PASSING_AND_PASSING,11,0,11
344092578,runelite/runelite,25/08/18 04:37,spirals-bears,1af30014-1e98-49fd-8f17-d05bb441e6a6_02-18-week3-PASSING_AND_PASSING,12,0,12
342179333,runelite/runelite,25/08/18 04:38,spirals-bears,1af30014-1e98-49fd-8f17-d05bb441e6a6_02-18-week3-PASSING_AND_PASSING,10,0,10
343237404,runelite/runelite,25/08/18 04:38,spirals-bears,1af30014-1e98-49fd-8f17-d05bb441e6a6_02-18-week3-PASSING_AND_PASSING,10,0,10
342764056,runelite/runelite,25/08/18 04:38,spirals-bears,1af30014-1e98-49fd-8f17-d05bb441e6a6_02-18-week3-PASSING_AND_PASSING,12,12,24
342163336,runelite/runelite,25/08/18 04:38,spirals-bears,1af30014-1e98-49fd-8f17-d05bb441e6a6_02-18-week3-PASSING_AND_PASSING,11,0,11
342032950,runelite/runelite,25/08/18 04:39,spirals-bears,1af30014-1e98-49fd-8f17-d05bb441e6a6_02-18-week3-PASSING_AND_PASSING,10,14,24
342683111,runelite/runelite,25/08/18 04:39,spirals-bears,1af30014-1e98-49fd-8f17-d05bb441e6a6_02-18-week3-PASSING_AND_PASSING,12,0,12
342780672,runelite/runelite,25/08/18 04:39,spirals-bears,1af30014-1e98-49fd-8f17-d05bb441e6a6_02-18-week3-PASSING_AND_PASSING,12,0,12
342390981,runelite/runelite,25/08/18 04:39,spirals-bears,1af30014-1e98-49fd-8f17-d05bb441e6a6_02-18-week3-PASSING_AND_PASSING,12,14,26
342238838,runelite/runelite,25/08/18 04:39,spirals-bears,1af30014-1e98-49fd-8f17-d05bb441e6a6_02-18-week3-PASSING_AND_PASSING,10,13,23
342763353,runelite/runelite,25/08/18 04:40,spirals-bears,1af30014-1e98-49fd-8f17-d05bb441e6a6_02-18-week3-PASSING_AND_PASSING,11,0,11
342474948,runelite/runelite,25/08/18 04:40,spirals-bears,1af30014-1e98-49fd-8f17-d05bb441e6a6_02-18-week3-PASSING_AND_PASSING,11,0,11
342460560,runelite/runelite,25/08/18 04:40,spirals-bears,1af30014-1e98-49fd-8f17-d05bb441e6a6_02-18-week3-PASSING_AND_PASSING,12,0,12
341006787,runelite/runelite,25/08/18 04:40,spirals-bears,1af30014-1e98-49fd-8f17-d05bb441e6a6_02-18-week3-PASSING_AND_PASSING,12,14,26
342393480,runelite/runelite,25/08/18 04:41,spirals-bears,1af30014-1e98-49fd-8f17-d05bb441e6a6_02-18-week3-PASSING_AND_PASSING,11,0,11
337918094,runelite/runelite,25/08/18 04:41,spirals-bears,1af30014-1e98-49fd-8f17-d05bb441e6a6_02-18-week3-PASSING_AND_PASSING,12,0,12
337386219,runelite/runelite,25/08/18 04:41,spirals-bears,1af30014-1e98-49fd-8f17-d05bb441e6a6_02-18-week3-PASSING_AND_PASSING,11,0,11
341683082,runelite/runelite,25/08/18 04:41,spirals-bears,1af30014-1e98-49fd-8f17-d05bb441e6a6_02-18-week3-PASSING_AND_PASSING,11,0,11
342120432,runelite/runelite,25/08/18 04:41,spirals-bears,1af30014-1e98-49fd-8f17-d05bb441e6a6_02-18-week3-PASSING_AND_PASSING,10,0,10
341495543,runelite/runelite,25/08/18 04:41,spirals-bears,1af30014-1e98-49fd-8f17-d05bb441e6a6_02-18-week3-PASSING_AND_PASSING,12,14,26
344213197,terasolunaorg/tutorial-apps,25/08/18 04:42,spirals-bears,1af30014-1e98-49fd-8f17-d05bb441e6a6_02-18-week3-PASSING_AND_PASSING,4,1,0,5
344212544,terasolunaorg/tutorial-apps,25/08/18 04:42,spirals-bears,1af30014-1e98-49fd-8f17-d05bb441e6a6_02-18-week3-PASSING_AND_PASSING,4,0,0,4
344212093,terasolunaorg/tutorial-apps,25/08/18 04:42,spirals-bears,1af30014-1e98-49fd-8f17-d05bb441e6a6_02-18-week3-PASSING_AND_PASSING,3,1,0,4
344212017,terasolunaorg/tutorial-apps,25/08/18 04:42,spirals-bears,1af30014-1e98-49fd-8f17-d05bb441e6a6_02-18-week3-PASSING_AND_PASSING,4,0,0,4
344211790,terasolunaorg/tutorial-apps,25/08/18 04:42,spirals-bears,1af30014-1e98-49fd-8f17-d05bb441e6a6_02-18-week3-PASSING_AND_PASSING,4,0,0,4
339322848,terasolunaorg/tutorial-apps,25/08/18 04:42,spirals-bears,1af30014-1e98-49fd-8f17-d05bb441e6a6_02-18-week3-PASSING_AND_PASSING,4,0,0,4
344211408,terasolunaorg/tutorial-apps,25/08/18 04:42,spirals-bears,1af30014-1e98-49fd-8f17-d05bb441e6a6_02-18-week3-PASSING_AND_PASSING,4,0,0,4
339329502,terasolunaorg/tutorial-apps,25/08/18 04:42,spirals-bears,1af30014-1e98-49fd-8f17-d05bb441e6a6_02-18-week3-PASSING_AND_PASSING,3,0,0,3
342333660,terasolunaorg/tutorial-apps,25/08/18 04:42,spirals-bears,1af30014-1e98-49fd-8f17-d05bb441e6a6_02-18-week3-PASSING_AND_PASSING,4,0,0,4
342150989,CorfuDB/CorfuDB,25/08/18 04:47,spirals-bears,1af30014-1e98-49fd-8f17-d05bb441e6a6_02-18-week3-PASSING_AND_PASSING,246,3,249
342149111,CorfuDB/CorfuDB,25/08/18 04:47,spirals-bears,1af30014-1e98-49fd-8f17-d05bb441e6a6_02-18-week3-PASSING_AND_PASSING,256,0,256
342125342,CorfuDB/CorfuDB,25/08/18 04:51,spirals-bears,1af30014-1e98-49fd-8f17-d05bb441e6a6_02-18-week3-PASSING_AND_PASSING,248,3,251
342125296,CorfuDB/CorfuDB,25/08/18 04:52,spirals-bears,1af30014-1e98-49fd-8f17-d05bb441e6a6_02-18-week3-PASSING_AND_PASSING,279,0,279
342147960,CorfuDB/CorfuDB,25/08/18 04:56,spirals-bears,1af30014-1e98-49fd-8f17-d05bb441e6a6_02-18-week3-PASSING_AND_PASSING,256,0,256
339749189,CorfuDB/CorfuDB,25/08/18 04:56,spirals-bears,1af30014-1e98-49fd-8f17-d05bb441e6a6_02-18-week3-PASSING_AND_PASSING,244,0,244
339749191,CorfuDB/CorfuDB,25/08/18 05:00,spirals-bears,1af30014-1e98-49fd-8f17-d05bb441e6a6_02-18-week3-PASSING_AND_PASSING,243,4,247
340759714,CorfuDB/CorfuDB,25/08/18 05:00,spirals-bears,1af30014-1e98-49fd-8f17-d05bb441e6a6_02-18-week3-PASSING_AND_PASSING,240,0,240
343325676,matsim-org/matsim,25/08/18 05:00,spirals-bears,1af30014-1e98-49fd-8f17-d05bb441e6a6_02-18-week3-PASSING_AND_PASSING,164,0,0,7,1581,6,1758
343325631,matsim-org/matsim,25/08/18 05:01,spirals-bears,1af30014-1e98-49fd-8f17-d05bb441e6a6_02-18-week3-PASSING_AND_PASSING,143,0,0,2,1546,2,1693
343344019,spring-projects/spring-data-jpa,25/08/18 05:03,spirals-bears,1af30014-1e98-49fd-8f17-d05bb441e6a6_02-18-week3-PASSING_AND_PASSING,6,0,3,0,172,0,181
343297886,spring-projects/spring-data-jpa,25/08/18 05:04,spirals-bears,1af30014-1e98-49fd-8f17-d05bb441e6a6_02-18-week3-PASSING_AND_PASSING,6,0,1,0,166,0,173
340760255,CorfuDB/CorfuDB,25/08/18 05:05,spirals-bears,1af30014-1e98-49fd-8f17-d05bb441e6a6_02-18-week3-PASSING_AND_PASSING,288,3,291
343297900,spring-projects/spring-data-jpa,25/08/18 05:06,spirals-bears,1af30014-1e98-49fd-8f17-d05bb441e6a6_02-18-week3-PASSING_AND_PASSING,6,0,3,0,165,0,174
325192375,apache/storm,25/08/18 05:07,spirals-bears,1af30014-1e98-49fd-8f17-d05bb441e6a6_02-18-week3-PASSING_AND_PASSING,38,0,2,5,8,53
341944384,spring-projects/spring-data-jpa,25/08/18 05:08,spirals-bears,1af30014-1e98-49fd-8f17-d05bb441e6a6_02-18-week3-PASSING_AND_PASSING,5,0,2,0,166,0,173
343344047,spring-projects/spring-data-jpa,25/08/18 05:09,spirals-bears,1af30014-1e98-49fd-8f17-d05bb441e6a6_02-18-week3-PASSING_AND_PASSING,33,0,0,0,5,45,0,4,1,0,182,0,0,0,31,0,7,0,0,195,503
341944401,spring-projects/spring-data-jpa,25/08/18 05:12,spirals-bears,1af30014-1e98-49fd-8f17-d05bb441e6a6_02-18-week3-PASSING_AND_PASSING,32,0,0,0,4,46,0,2,1,0,188,0,0,0,29,0,6,0,0,182,490
344465320,apache/activemq-artemis,25/08/18 05:21,spirals-bears,1af30014-1e98-49fd-8f17-d05bb441e6a6_02-18-week3-PASSING_AND_PASSING,31,0,304,2,1,460,0,1,799
344403627,apache/activemq-artemis,25/08/18 05:21,spirals-bears,1af30014-1e98-49fd-8f17-d05bb441e6a6_02-18-week3-PASSING_AND_PASSING,28,0,297,2,1,451,0,1,780
344165791,apache/activemq-artemis,25/08/18 05:24,spirals-bears,1af30014-1e98-49fd-8f17-d05bb441e6a6_02-18-week3-PASSING_AND_PASSING,29,0,2,1,106,8,146
344350720,apache/activemq-artemis,25/08/18 05:34,spirals-bears,1af30014-1e98-49fd-8f17-d05bb441e6a6_02-18-week3-PASSING_AND_PASSING,9,0,0,295,2,1,25,0,350,1,0,351,1,27,19,441,1522
344166480,apache/activemq-artemis,25/08/18 05:40,spirals-bears,1af30014-1e98-49fd-8f17-d05bb441e6a6_02-18-week3-PASSING_AND_PASSING,8,0,0,306,0,1,24,0,335,1,0,437,0,27,23,458,1620
344007826,apache/activemq-artemis,25/08/18 05:50,spirals-bears,1af30014-1e98-49fd-8f17-d05bb441e6a6_02-18-week3-PASSING_AND_PASSING,10,0,9,340,1,1,39,0,358,1,0,408,1,32,20,491,1711
344017939,apache/activemq-artemis,25/08/18 05:54,spirals-bears,1af30014-1e98-49fd-8f17-d05bb441e6a6_02-18-week3-PASSING_AND_PASSING,10,0,9,336,0,1,42,0,330,9,2,445,3,28,21,530,1766
343527101,apache/activemq-artemis,25/08/18 05:55,spirals-bears,1af30014-1e98-49fd-8f17-d05bb441e6a6_02-18-week3-PASSING_AND_PASSING,27,5,32
343908644,apache/activemq-artemis,25/08/18 06:04,spirals-bears,1af30014-1e98-49fd-8f17-d05bb441e6a6_02-18-week3-PASSING_AND_PASSING,10,0,23,393,0,2,54,0,325,2,2,428,0,32,18,489,1778
343587810,apache/activemq-artemis,25/08/18 06:10,spirals-bears,1af30014-1e98-49fd-8f17-d05bb441e6a6_02-18-week3-PASSING_AND_PASSING,8,0,1,296,0,2,58,0,324,3,1,476,1,33,20,576,1799
342480967,apache/activemq-artemis,25/08/18 06:12,spirals-bears,1af30014-1e98-49fd-8f17-d05bb441e6a6_02-18-week3-PASSING_AND_PASSING,28,0,1,1,380,1,411
342483564,apache/activemq-artemis,25/08/18 06:12,spirals-bears,1af30014-1e98-49fd-8f17-d05bb441e6a6_02-18-week3-PASSING_AND_PASSING,40,0,1,6,11,58
342466887,linkedin/pinot,25/08/18 06:13,spirals-bears,1af30014-1e98-49fd-8f17-d05bb441e6a6_02-18-week3-PASSING_AND_PASSING,46,4,50
344433935,linkedin/pinot,25/08/18 06:13,spirals-bears,1af30014-1e98-49fd-8f17-d05bb441e6a6_02-18-week3-PASSING_AND_PASSING,66,5,71
339714117,linkedin/pinot,25/08/18 06:14,spirals-bears,1af30014-1e98-49fd-8f17-d05bb441e6a6_02-18-week3-PASSING_AND_PASSING,35,6,41
343446419,apache/activemq-artemis,25/08/18 06:19,spirals-bears,1af30014-1e98-49fd-8f17-d05bb441e6a6_02-18-week3-PASSING_AND_PASSING,9,0,11,355,0,2,73,0,263,1,5,418,0,40,18,475,1670
342479112,linkedin/pinot,25/08/18 06:19,spirals-bears,1af30014-1e98-49fd-8f17-d05bb441e6a6_02-18-week3-PASSING_AND_PASSING,36,0,0,1,232,1,270
342562380,linkedin/pinot,25/08/18 06:20,spirals-bears,1af30014-1e98-49fd-8f17-d05bb441e6a6_02-18-week3-PASSING_AND_PASSING,39,7,46
341708020,linkedin/pinot,25/08/18 06:21,spirals-bears,1af30014-1e98-49fd-8f17-d05bb441e6a6_02-18-week3-PASSING_AND_PASSING,36,4,40
343445428,apache/activemq-artemis,25/08/18 06:24,spirals-bears,1af30014-1e98-49fd-8f17-d05bb441e6a6_02-18-week3-PASSING_AND_PASSING,9,0,2,335,0,3,47,0,266,1,10,420,0,29,24,551,1697
342133978,linkedin/pinot,25/08/18 06:25,spirals-bears,1af30014-1e98-49fd-8f17-d05bb441e6a6_02-18-week3-PASSING_AND_PASSING,37,3,40
341657432,linkedin/pinot,25/08/18 06:26,spirals-bears,1af30014-1e98-49fd-8f17-d05bb441e6a6_02-18-week3-PASSING_AND_PASSING,42,8,50
341716049,linkedin/pinot,25/08/18 06:27,spirals-bears,1af30014-1e98-49fd-8f17-d05bb441e6a6_02-18-week3-PASSING_AND_PASSING,39,9,48
342143833,linkedin/pinot,25/08/18 06:28,spirals-bears,1af30014-1e98-49fd-8f17-d05bb441e6a6_02-18-week3-PASSING_AND_PASSING,39,0,0,1,393,1,434
341688489,linkedin/pinot,25/08/18 06:29,spirals-bears,1af30014-1e98-49fd-8f17-d05bb441e6a6_02-18-week3-PASSING_AND_PASSING,36,3,39
341196471,linkedin/pinot,25/08/18 06:30,spirals-bears,1af30014-1e98-49fd-8f17-d05bb441e6a6_02-18-week3-PASSING_AND_PASSING,36,7,43
342008293,linkedin/pinot,25/08/18 06:31,spirals-bears,1af30014-1e98-49fd-8f17-d05bb441e6a6_02-18-week3-PASSING_AND_PASSING,39,0,0,1,218,1,259
341331623,linkedin/pinot,25/08/18 06:32,spirals-bears,1af30014-1e98-49fd-8f17-d05bb441e6a6_02-18-week3-PASSING_AND_PASSING,34,3,37
343777864,graphhopper/graphhopper,25/08/18 06:33,spirals-bears,1af30014-1e98-49fd-8f17-d05bb441e6a6_02-18-week3-PASSING_AND_PASSING,18,0,0,5,51,4,78
343778480,graphhopper/graphhopper,25/08/18 06:35,spirals-bears,1af30014-1e98-49fd-8f17-d05bb441e6a6_02-18-week3-PASSING_AND_PASSING,18,0,0,0,46,0,64
343138029,graphhopper/graphhopper,25/08/18 06:36,spirals-bears,1af30014-1e98-49fd-8f17-d05bb441e6a6_02-18-week3-PASSING_AND_PASSING,22,0,0,0,47,0,69
341652459,linkedin/pinot,25/08/18 06:38,spirals-bears,1af30014-1e98-49fd-8f17-d05bb441e6a6_02-18-week3-PASSING_AND_PASSING,35,0,24,0,1,411,0,3,474
342988061,graphhopper/graphhopper,25/08/18 06:39,spirals-bears,1af30014-1e98-49fd-8f17-d05bb441e6a6_02-18-week3-PASSING_AND_PASSING,17,0,17,0,0,130,0,0,164
342103926,graphhopper/graphhopper,25/08/18 06:40,spirals-bears,1af30014-1e98-49fd-8f17-d05bb441e6a6_02-18-week3-PASSING_AND_PASSING,18,0,0,0,15,1,34
341738748,graphhopper/graphhopper,25/08/18 06:40,spirals-bears,1af30014-1e98-49fd-8f17-d05bb441e6a6_02-18-week3-PASSING_AND_PASSING,17,0,0,0,16,0,33
341621602,graphhopper/graphhopper,25/08/18 06:41,spirals-bears,1af30014-1e98-49fd-8f17-d05bb441e6a6_02-18-week3-PASSING_AND_PASSING,18,2,20
342449538,graphhopper/graphhopper,25/08/18 06:42,spirals-bears,1af30014-1e98-49fd-8f17-d05bb441e6a6_02-18-week3-PASSING_AND_PASSING,15,0,83,0,0,120,0,0,218
344349953,HubSpot/Singularity,25/08/18 06:44,spirals-bears,1af30014-1e98-49fd-8f17-d05bb441e6a6_02-18-week3-PASSING_AND_PASSING,16,0,2,0,179,0,197
344401887,HubSpot/Singularity,25/08/18 06:45,spirals-bears,1af30014-1e98-49fd-8f17-d05bb441e6a6_02-18-week3-PASSING_AND_PASSING,22,0,1,4,155,2,184
344401916,HubSpot/Singularity,25/08/18 06:47,spirals-bears,1af30014-1e98-49fd-8f17-d05bb441e6a6_02-18-week3-PASSING_AND_PASSING,18,0,1,0,143,0,162
343912289,HubSpot/Singularity,25/08/18 07:09,spirals-bears,1af30014-1e98-49fd-8f17-d05bb441e6a6_02-18-week3-PASSING_AND_PASSING,13,0,3,320,1,1,5,0,290,5,0,331,3,16,9,380,1377
343919926,HubSpot/Singularity,25/08/18 07:10,spirals-bears,1af30014-1e98-49fd-8f17-d05bb441e6a6_02-18-week3-PASSING_AND_PASSING,14,0,0,293,0,1,4,0,279,0,0,346,0,17,9,409,1372
333317666,HubSpot/Singularity,25/08/18 07:12,spirals-bears,1af30014-1e98-49fd-8f17-d05bb441e6a6_02-18-week3-PASSING_AND_PASSING,18,0,1,0,144,0,163
342334762,lettuce-io/lettuce-core,25/08/18 07:12,spirals-bears,1af30014-1e98-49fd-8f17-d05bb441e6a6_02-18-week3-PASSING_AND_PASSING,8,0,26,1,0,45,0,0,80
342295842,lettuce-io/lettuce-core,25/08/18 07:13,spirals-bears,1af30014-1e98-49fd-8f17-d05bb441e6a6_02-18-week3-PASSING_AND_PASSING,8,0,19,0,0,44,0,0,71
342295861,lettuce-io/lettuce-core,25/08/18 07:14,spirals-bears,1af30014-1e98-49fd-8f17-d05bb441e6a6_02-18-week3-PASSING_AND_PASSING,9,0,20,1,0,77,0,0,107
336973206,lettuce-io/lettuce-core,25/08/18 07:15,spirals-bears,1af30014-1e98-49fd-8f17-d05bb441e6a6_02-18-week3-PASSING_AND_PASSING,7,0,19,1,0,44,0,0,71
336973222,lettuce-io/lettuce-core,25/08/18 07:15,spirals-bears,1af30014-1e98-49fd-8f17-d05bb441e6a6_02-18-week3-PASSING_AND_PASSING,8,0,18,1,0,73,0,1,101
343995016,linkedin/pinot,25/08/18 07:17,spirals-bears,1af30014-1e98-49fd-8f17-d05bb441e6a6_02-18-week3-PASSING_AND_PASSING,42,0,3334,0,1,471,4,1,3853
343875744,magefree/mage,25/08/18 07:32,spirals-bears,1af30014-1e98-49fd-8f17-d05bb441e6a6_02-18-week3-PASSING_AND_PASSING,8,0,0,205,0,0,26,0,183,1,1,35,1,176,29,327,992
343583135,magefree/mage,25/08/18 07:33,spirals-bears,1af30014-1e98-49fd-8f17-d05bb441e6a6_02-18-week3-PASSING_AND_PASSING,7,0,1,208,0,0,27,0,178,1,1,38,1,219,28,317,1026
342900047,magefree/mage,25/08/18 07:34,spirals-bears,1af30014-1e98-49fd-8f17-d05bb441e6a6_02-18-week3-PASSING_AND_PASSING,8,0,0,202,0,0,30,0,175,2,1,34,0,164,22,327,965
342747803,molgenis/molgenis,25/08/18 07:40,spirals-bears,1af30014-1e98-49fd-8f17-d05bb441e6a6_02-18-week3-PASSING_AND_PASSING,40,0,1,0,381,1,423
342304944,molgenis/molgenis,25/08/18 07:41,spirals-bears,1af30014-1e98-49fd-8f17-d05bb441e6a6_02-18-week3-PASSING_AND_PASSING,38,0,1,0,374,1,414
342290157,molgenis/molgenis,25/08/18 07:41,spirals-bears,1af30014-1e98-49fd-8f17-d05bb441e6a6_02-18-week3-PASSING_AND_PASSING,42,0,2,5,10,59
342275702,molgenis/molgenis,25/08/18 07:43,spirals-bears,1af30014-1e98-49fd-8f17-d05bb441e6a6_02-18-week3-PASSING_AND_PASSING,42,10,52
341933413,molgenis/molgenis,25/08/18 07:43,spirals-bears,1af30014-1e98-49fd-8f17-d05bb441e6a6_02-18-week3-PASSING_AND_PASSING,48,0,1,2,48,3,102
342188288,linkedin/pinot,25/08/18 07:43,spirals-bears,1af30014-1e98-49fd-8f17-d05bb441e6a6_02-18-week3-PASSING_AND_PASSING,10,33,0,0,19,845,1,0,22,0,3444,0,7,0,98,0,57,68,34,422,5060
341432246,molgenis/molgenis,25/08/18 07:44,spirals-bears,1af30014-1e98-49fd-8f17-d05bb441e6a6_02-18-week3-PASSING_AND_PASSING,39,0,1,5,8,53
341798064,molgenis/molgenis,25/08/18 07:47,spirals-bears,1af30014-1e98-49fd-8f17-d05bb441e6a6_02-18-week3-PASSING_AND_PASSING,39,0,5,0,151,4,199
341786023,molgenis/molgenis,25/08/18 07:48,spirals-bears,1af30014-1e98-49fd-8f17-d05bb441e6a6_02-18-week3-PASSING_AND_PASSING,47,0,1,1,149,1,199
344334028,visallo/vertexium,25/08/18 07:48,spirals-bears,1af30014-1e98-49fd-8f17-d05bb441e6a6_02-18-week3-PASSING_AND_PASSING,8,2,10
342871646,magefree/mage,25/08/18 07:49,spirals-bears,1af30014-1e98-49fd-8f17-d05bb441e6a6_02-18-week3-PASSING_AND_PASSING,10,0,0,182,0,1,33,0,179,1,1,30,0,179,26,332,974
341869801,molgenis/molgenis,25/08/18 07:50,spirals-bears,1af30014-1e98-49fd-8f17-d05bb441e6a6_02-18-week3-PASSING_AND_PASSING,40,0,1,0,376,2,419
340764868,visallo/vertexium,25/08/18 07:50,spirals-bears,1af30014-1e98-49fd-8f17-d05bb441e6a6_02-18-week3-PASSING_AND_PASSING,7,0,0,0,52,0,59
342092676,visallo/vertexium,25/08/18 07:51,spirals-bears,1af30014-1e98-49fd-8f17-d05bb441e6a6_02-18-week3-PASSING_AND_PASSING,8,2,10
343033940,StuPro-TOSCAna/TOSCAna,25/08/18 07:51,spirals-bears,1af30014-1e98-49fd-8f17-d05bb441e6a6_02-18-week3-PASSING_AND_PASSING,17,3,20
342507067,visallo/vertexium,25/08/18 07:51,spirals-bears,1af30014-1e98-49fd-8f17-d05bb441e6a6_02-18-week3-PASSING_AND_PASSING,9,0,12,1,0,157,0,0,179
343033918,StuPro-TOSCAna/TOSCAna,25/08/18 07:52,spirals-bears,1af30014-1e98-49fd-8f17-d05bb441e6a6_02-18-week3-PASSING_AND_PASSING,21,0,21
342919247,StuPro-TOSCAna/TOSCAna,25/08/18 07:52,spirals-bears,1af30014-1e98-49fd-8f17-d05bb441e6a6_02-18-week3-PASSING_AND_PASSING,18,0,18
342919742,StuPro-TOSCAna/TOSCAna,25/08/18 07:52,spirals-bears,1af30014-1e98-49fd-8f17-d05bb441e6a6_02-18-week3-PASSING_AND_PASSING,22,2,24
341899236,StuPro-TOSCAna/TOSCAna,25/08/18 07:53,spirals-bears,1af30014-1e98-49fd-8f17-d05bb441e6a6_02-18-week3-PASSING_AND_PASSING,14,2,16
341899137,StuPro-TOSCAna/TOSCAna,25/08/18 07:53,spirals-bears,1af30014-1e98-49fd-8f17-d05bb441e6a6_02-18-week3-PASSING_AND_PASSING,22,0,22
343042958,StuPro-TOSCAna/TOSCAna,25/08/18 07:53,spirals-bears,1af30014-1e98-49fd-8f17-d05bb441e6a6_02-18-week3-PASSING_AND_PASSING,13,0,13
343046862,StuPro-TOSCAna/TOSCAna,25/08/18 07:53,spirals-bears,1af30014-1e98-49fd-8f17-d05bb441e6a6_02-18-week3-PASSING_AND_PASSING,12,0,12
343046870,StuPro-TOSCAna/TOSCAna,25/08/18 07:53,spirals-bears,1af30014-1e98-49fd-8f17-d05bb441e6a6_02-18-week3-PASSING_AND_PASSING,17,2,19
341943274,StuPro-TOSCAna/TOSCAna,25/08/18 07:54,spirals-bears,1af30014-1e98-49fd-8f17-d05bb441e6a6_02-18-week3-PASSING_AND_PASSING,19,2,21
342921862,StuPro-TOSCAna/TOSCAna,25/08/18 07:54,spirals-bears,1af30014-1e98-49fd-8f17-d05bb441e6a6_02-18-week3-PASSING_AND_PASSING,16,0,16
342921870,StuPro-TOSCAna/TOSCAna,25/08/18 07:54,spirals-bears,1af30014-1e98-49fd-8f17-d05bb441e6a6_02-18-week3-PASSING_AND_PASSING,17,2,19
342915203,StuPro-TOSCAna/TOSCAna,25/08/18 07:54,spirals-bears,1af30014-1e98-49fd-8f17-d05bb441e6a6_02-18-week3-PASSING_AND_PASSING,17,0,17
342638193,StuPro-TOSCAna/TOSCAna,25/08/18 07:54,spirals-bears,1af30014-1e98-49fd-8f17-d05bb441e6a6_02-18-week3-PASSING_AND_PASSING,17,0,17
341385090,molgenis/molgenis,25/08/18 07:55,spirals-bears,1af30014-1e98-49fd-8f17-d05bb441e6a6_02-18-week3-PASSING_AND_PASSING,40,0,1,0,399,1,441
342638203,StuPro-TOSCAna/TOSCAna,25/08/18 07:55,spirals-bears,1af30014-1e98-49fd-8f17-d05bb441e6a6_02-18-week3-PASSING_AND_PASSING,28,2,30
342564299,StuPro-TOSCAna/TOSCAna,25/08/18 07:55,spirals-bears,1af30014-1e98-49fd-8f17-d05bb441e6a6_02-18-week3-PASSING_AND_PASSING,25,0,25
342342243,StuPro-TOSCAna/TOSCAna,25/08/18 07:55,spirals-bears,1af30014-1e98-49fd-8f17-d05bb441e6a6_02-18-week3-PASSING_AND_PASSING,13,2,15
342342230,StuPro-TOSCAna/TOSCAna,25/08/18 07:56,spirals-bears,1af30014-1e98-49fd-8f17-d05bb441e6a6_02-18-week3-PASSING_AND_PASSING,25,0,25
341575844,StuPro-TOSCAna/TOSCAna,25/08/18 07:56,spirals-bears,1af30014-1e98-49fd-8f17-d05bb441e6a6_02-18-week3-PASSING_AND_PASSING,24,0,24
341575887,StuPro-TOSCAna/TOSCAna,25/08/18 07:57,spirals-bears,1af30014-1e98-49fd-8f17-d05bb441e6a6_02-18-week3-PASSING_AND_PASSING,13,2,15
341567169,StuPro-TOSCAna/TOSCAna,25/08/18 07:57,spirals-bears,1af30014-1e98-49fd-8f17-d05bb441e6a6_02-18-week3-PASSING_AND_PASSING,18,2,20
341567247,StuPro-TOSCAna/TOSCAna,25/08/18 07:57,spirals-bears,1af30014-1e98-49fd-8f17-d05bb441e6a6_02-18-week3-PASSING_AND_PASSING,21,0,21
342735198,StuPro-TOSCAna/TOSCAna,25/08/18 08:01,spirals-bears,1af30014-1e98-49fd-8f17-d05bb441e6a6_02-18-week3-PASSING_AND_PASSING,17,0,2,0,358,1,378
344277197,languagetool-org/languagetool,25/08/18 08:03,spirals-bears,1af30014-1e98-49fd-8f17-d05bb441e6a6_02-18-week3-PASSING_AND_PASSING,282,0,1,9,22,7,321
343063625,StuPro-TOSCAna/TOSCAna,25/08/18 08:06,spirals-bears,1af30014-1e98-49fd-8f17-d05bb441e6a6_02-18-week3-PASSING_AND_PASSING,8,0,0,252,0,2,8,0,214,0,0,116,0,15,15,284,914
342953965,languagetool-org/languagetool,25/08/18 08:06,spirals-bears,1af30014-1e98-49fd-8f17-d05bb441e6a6_02-18-week3-PASSING_AND_PASSING,273,0,1,1,34,1,310
344278448,languagetool-org/languagetool,25/08/18 08:17,spirals-bears,1af30014-1e98-49fd-8f17-d05bb441e6a6_02-18-week3-PASSING_AND_PASSING,284,0,775,0,9,113,0,13,1194
344069074,ga4gh/dockstore,25/08/18 08:17,spirals-bears,1af30014-1e98-49fd-8f17-d05bb441e6a6_02-18-week3-PASSING_AND_PASSING,15,2,17
344068543,ga4gh/dockstore,25/08/18 08:18,spirals-bears,1af30014-1e98-49fd-8f17-d05bb441e6a6_02-18-week3-PASSING_AND_PASSING,9,0,9
342767856,languagetool-org/languagetool,25/08/18 08:22,spirals-bears,1af30014-1e98-49fd-8f17-d05bb441e6a6_02-18-week3-PASSING_AND_PASSING,289,0,781,1,1,98,1,5,1176
342006182,languagetool-org/languagetool,25/08/18 08:33,spirals-bears,1af30014-1e98-49fd-8f17-d05bb441e6a6_02-18-week3-PASSING_AND_PASSING,9,37,0,0,26,196,0,1,31,0,757,0,0,0,63,0,274,36,36,112,1578
342743349,languagetool-org/languagetool,25/08/18 08:38,spirals-bears,1af30014-1e98-49fd-8f17-d05bb441e6a6_02-18-week3-PASSING_AND_PASSING,14,35,0,0,27,524,0,0,30,0,784,0,0,0,57,0,278,34,36,110,1929
340922193,ga4gh/dockstore,25/08/18 08:42,spirals-bears,1af30014-1e98-49fd-8f17-d05bb441e6a6_02-18-week3-PASSING_AND_PASSING,8,0,0,0,1471,0,1479
335207006,apache/jackrabbit-oak,25/08/18 09:35,spirals-bears,1af30014-1e98-49fd-8f17-d05bb441e6a6_02-18-week3-PASSING_AND_PASSING,8,0,0,1557,0,1,7,0,1606,0,1,171,0,43,14,270,3678
342298528,apache/jackrabbit-oak,25/08/18 09:36,spirals-bears,1af30014-1e98-49fd-8f17-d05bb441e6a6_02-18-week3-PASSING_AND_PASSING,8,13,0,0,8,2005,0,0,7,0,2051,0,0,1,97,0,45,14,10,157,4416
338456654,apache/jackrabbit-oak,25/08/18 09:45,spirals-bears,1af30014-1e98-49fd-8f17-d05bb441e6a6_02-18-week3-PASSING_AND_PASSING,8,0,0,1822,0,1,12,0,1588,1,1,197,0,38,15,314,3997
342760762,atomix/atomix,25/08/18 09:46,spirals-bears,1af30014-1e98-49fd-8f17-d05bb441e6a6_02-18-week3-PASSING_AND_PASSING,11,0,0,4,3,18
342760264,atomix/atomix,25/08/18 09:46,spirals-bears,1af30014-1e98-49fd-8f17-d05bb441e6a6_02-18-week3-PASSING_AND_PASSING,11,2,13
337624836,dropwizard/metrics,25/08/18 09:51,spirals-bears,1af30014-1e98-49fd-8f17-d05bb441e6a6_02-18-week3-PASSING_AND_PASSING,11,3,0,15,0,4,1,0,18,0,0,81,0,6,0,127,266
342556432,openzipkin/zipkin,25/08/18 09:52,spirals-bears,1af30014-1e98-49fd-8f17-d05bb441e6a6_02-18-week3-PASSING_AND_PASSING,24,0,24
341919988,openzipkin/zipkin,25/08/18 09:55,spirals-bears,1af30014-1e98-49fd-8f17-d05bb441e6a6_02-18-week3-PASSING_AND_PASSING,23,0,2,0,159,0,184
342951949,openzipkin/zipkin,25/08/18 09:55,spirals-bears,1af30014-1e98-49fd-8f17-d05bb441e6a6_02-18-week3-PASSING_AND_PASSING,24,3,27
344258855,apache/jackrabbit-oak,25/08/18 09:57,spirals-bears,1af30014-1e98-49fd-8f17-d05bb441e6a6_02-18-week3-PASSING_AND_PASSING,10,0,0,1776,1,2,13,0,1690,6,1,404,0,39,18,474,4434
341790959,openzipkin/zipkin,25/08/18 09:57,spirals-bears,1af30014-1e98-49fd-8f17-d05bb441e6a6_02-18-week3-PASSING_AND_PASSING,26,2,28
341744686,openzipkin/zipkin,25/08/18 09:58,spirals-bears,1af30014-1e98-49fd-8f17-d05bb441e6a6_02-18-week3-PASSING_AND_PASSING,25,0,2,0,98,0,125
341790943,openzipkin/zipkin,25/08/18 09:58,spirals-bears,1af30014-1e98-49fd-8f17-d05bb441e6a6_02-18-week3-PASSING_AND_PASSING,25,0,25
344359315,resteasy/Resteasy,25/08/18 09:58,spirals-bears,1af30014-1e98-49fd-8f17-d05bb441e6a6_02-18-week3-PASSING_AND_PASSING,17,2,1,20
344263659,resteasy/Resteasy,25/08/18 09:58,spirals-bears,1af30014-1e98-49fd-8f17-d05bb441e6a6_02-18-week3-PASSING_AND_PASSING,19,2,1,22
344313684,resteasy/Resteasy,25/08/18 09:59,spirals-bears,1af30014-1e98-49fd-8f17-d05bb441e6a6_02-18-week3-PASSING_AND_PASSING,19,2,2,23
343809835,resteasy/Resteasy,25/08/18 09:59,spirals-bears,1af30014-1e98-49fd-8f17-d05bb441e6a6_02-18-week3-PASSING_AND_PASSING,18,2,1,21
343809718,resteasy/Resteasy,25/08/18 09:59,spirals-bears,1af30014-1e98-49fd-8f17-d05bb441e6a6_02-18-week3-PASSING_AND_PASSING,19,2,1,22
343822384,resteasy/Resteasy,25/08/18 10:00,spirals-bears,1af30014-1e98-49fd-8f17-d05bb441e6a6_02-18-week3-PASSING_AND_PASSING,17,2,6,25
343310265,resteasy/Resteasy,25/08/18 10:00,spirals-bears,1af30014-1e98-49fd-8f17-d05bb441e6a6_02-18-week3-PASSING_AND_PASSING,18,2,1,21
343310587,resteasy/Resteasy,25/08/18 10:00,spirals-bears,1af30014-1e98-49fd-8f17-d05bb441e6a6_02-18-week3-PASSING_AND_PASSING,19,2,1,22
342413204,resteasy/Resteasy,25/08/18 10:00,spirals-bears,1af30014-1e98-49fd-8f17-d05bb441e6a6_02-18-week3-PASSING_AND_PASSING,18,3,1,22
342411752,resteasy/Resteasy,25/08/18 10:01,spirals-bears,1af30014-1e98-49fd-8f17-d05bb441e6a6_02-18-week3-PASSING_AND_PASSING,18,2,1,21
342258562,resteasy/Resteasy,25/08/18 10:01,spirals-bears,1af30014-1e98-49fd-8f17-d05bb441e6a6_02-18-week3-PASSING_AND_PASSING,19,2,1,22
342116284,resteasy/Resteasy,25/08/18 10:01,spirals-bears,1af30014-1e98-49fd-8f17-d05bb441e6a6_02-18-week3-PASSING_AND_PASSING,20,2,1,23
342116684,resteasy/Resteasy,25/08/18 10:01,spirals-bears,1af30014-1e98-49fd-8f17-d05bb441e6a6_02-18-week3-PASSING_AND_PASSING,18,2,2,22
341916384,resteasy/Resteasy,25/08/18 10:02,spirals-bears,1af30014-1e98-49fd-8f17-d05bb441e6a6_02-18-week3-PASSING_AND_PASSING,21,2,1,24
341917068,resteasy/Resteasy,25/08/18 10:02,spirals-bears,1af30014-1e98-49fd-8f17-d05bb441e6a6_02-18-week3-PASSING_AND_PASSING,19,2,1,22
341841925,resteasy/Resteasy,25/08/18 10:02,spirals-bears,1af30014-1e98-49fd-8f17-d05bb441e6a6_02-18-week3-PASSING_AND_PASSING,19,2,1,22
341421887,resteasy/Resteasy,25/08/18 10:03,spirals-bears,1af30014-1e98-49fd-8f17-d05bb441e6a6_02-18-week3-PASSING_AND_PASSING,19,2,2,23
341529797,resteasy/Resteasy,25/08/18 10:03,spirals-bears,1af30014-1e98-49fd-8f17-d05bb441e6a6_02-18-week3-PASSING_AND_PASSING,20,2,1,23
285857376,pgjdbc/pgjdbc,25/08/18 10:03,spirals-bears,1af30014-1e98-49fd-8f17-d05bb441e6a6_02-18-week3-PASSING_AND_PASSING,9,3,12
342779378,pgjdbc/pgjdbc,25/08/18 10:03,spirals-bears,1af30014-1e98-49fd-8f17-d05bb441e6a6_02-18-week3-PASSING_AND_PASSING,8,0,1,4,4,17
342062075,pgjdbc/pgjdbc,25/08/18 10:06,spirals-bears,1af30014-1e98-49fd-8f17-d05bb441e6a6_02-18-week3-PASSING_AND_PASSING,10,0,0,39,2,0,3,0,34,0,3,18,0,9,3,42,163
343789990,geoserver/geoserver,25/08/18 10:07,spirals-bears,1af30014-1e98-49fd-8f17-d05bb441e6a6_02-18-week3-PASSING_AND_PASSING,52,8,60
342979799,geoserver/geoserver,25/08/18 10:15,spirals-bears,1af30014-1e98-49fd-8f17-d05bb441e6a6_02-18-week3-PASSING_AND_PASSING,58,0,1,3,432,4,498
342948961,geoserver/geoserver,25/08/18 10:31,spirals-bears,1af30014-1e98-49fd-8f17-d05bb441e6a6_02-18-week3-PASSING_AND_PASSING,14,0,0,446,0,1,26,0,404,1,0,29,1,63,27,600,1612
342466404,geoserver/geoserver,25/08/18 10:41,spirals-bears,1af30014-1e98-49fd-8f17-d05bb441e6a6_02-18-week3-PASSING_AND_PASSING,12,0,0,418,0,0,29,0,436,2,0,43,0,52,27,498,1517
342036538,apache/jackrabbit-oak,25/08/18 10:48,spirals-bears,1af30014-1e98-49fd-8f17-d05bb441e6a6_02-18-week3-PASSING_AND_PASSING,8,0,0,1722,1,2,15,0,1694,1,2,384,0,39,21,471,4360
341523288,apache/jackrabbit-oak,25/08/18 10:51,spirals-bears,1af30014-1e98-49fd-8f17-d05bb441e6a6_02-18-week3-PASSING_AND_PASSING,8,0,0,1779,0,2,20,0,1717,1,1,371,1,35,21,468,4424
342462889,geoserver/geoserver,25/08/18 10:58,spirals-bears,1af30014-1e98-49fd-8f17-d05bb441e6a6_02-18-week3-PASSING_AND_PASSING,12,0,1,459,0,1,34,0,443,1,1,43,1,53,32,533,1614
343440869,isopov/tarantool-java-driver,25/08/18 10:59,spirals-bears,1af30014-1e98-49fd-8f17-d05bb441e6a6_02-18-week3-PASSING_AND_PASSING,9,0,0,8,0,0,0,0,7,0,0,9,0,2,0,22,57
342754064,isopov/tarantool-java-driver,25/08/18 11:00,spirals-bears,1af30014-1e98-49fd-8f17-d05bb441e6a6_02-18-week3-PASSING_AND_PASSING,10,0,0,8,0,0,0,0,12,0,0,9,0,2,0,22,63
342752670,isopov/tarantool-java-driver,25/08/18 11:01,spirals-bears,1af30014-1e98-49fd-8f17-d05bb441e6a6_02-18-week3-PASSING_AND_PASSING,2,0,0,0,0,2
342727447,isopov/tarantool-java-driver,25/08/18 11:01,spirals-bears,1af30014-1e98-49fd-8f17-d05bb441e6a6_02-18-week3-PASSING_AND_PASSING,2,0,2
341971341,geoserver/geoserver,25/08/18 11:10,spirals-bears,1af30014-1e98-49fd-8f17-d05bb441e6a6_02-18-week3-PASSING_AND_PASSING,10,0,1,459,0,1,40,0,459,1,0,39,0,54,34,586,1684
338980807,geoserver/geoserver,25/08/18 11:14,spirals-bears,1af30014-1e98-49fd-8f17-d05bb441e6a6_02-18-week3-PASSING_AND_PASSING,10,0,0,438,0,1,30,0,405,2,0,36,0,59,27,535,1543
341828490,geoserver/geoserver,25/08/18 11:17,spirals-bears,1af30014-1e98-49fd-8f17-d05bb441e6a6_02-18-week3-PASSING_AND_PASSING,11,0,0,446,0,1,30,0,424,1,0,40,1,54,32,514,1554
343778584,aicis/fresco,25/08/18 11:19,spirals-bears,1af30014-1e98-49fd-8f17-d05bb441e6a6_02-18-week3-PASSING_AND_PASSING,8,0,0,0,125,0,133
343358498,aicis/fresco,25/08/18 11:22,spirals-bears,1af30014-1e98-49fd-8f17-d05bb441e6a6_02-18-week3-PASSING_AND_PASSING,10,0,0,0,118,1,129
343724648,aicis/fresco,25/08/18 11:23,spirals-bears,1af30014-1e98-49fd-8f17-d05bb441e6a6_02-18-week3-PASSING_AND_PASSING,9,0,0,0,29,0,38
343724646,aicis/fresco,25/08/18 11:23,spirals-bears,1af30014-1e98-49fd-8f17-d05bb441e6a6_02-18-week3-PASSING_AND_PASSING,8,0,0,4,27,3,42
344333568,aicis/fresco,25/08/18 11:27,spirals-bears,1af30014-1e98-49fd-8f17-d05bb441e6a6_02-18-week3-PASSING_AND_PASSING,13,0,1432,0,0,90,0,0,1535
341855096,aicis/fresco,25/08/18 11:28,spirals-bears,1af30014-1e98-49fd-8f17-d05bb441e6a6_02-18-week3-PASSING_AND_PASSING,8,0,0,4,27,4,43
341853273,aicis/fresco,25/08/18 11:28,spirals-bears,1af30014-1e98-49fd-8f17-d05bb441e6a6_02-18-week3-PASSING_AND_PASSING,8,0,0,0,28,0,36
343710479,aicis/fresco,25/08/18 11:29,spirals-bears,1af30014-1e98-49fd-8f17-d05bb441e6a6_02-18-week3-PASSING_AND_PASSING,8,0,0,0,27,0,35
338961166,aicis/fresco,25/08/18 11:30,spirals-bears,1af30014-1e98-49fd-8f17-d05bb441e6a6_02-18-week3-PASSING_AND_PASSING,8,0,0,0,32,0,40
342360702,aicis/fresco,25/08/18 11:31,spirals-bears,1af30014-1e98-49fd-8f17-d05bb441e6a6_02-18-week3-PASSING_AND_PASSING,8,0,0,0,24,0,32
344239724,aicis/fresco,25/08/18 11:38,spirals-bears,1af30014-1e98-49fd-8f17-d05bb441e6a6_02-18-week3-PASSING_AND_PASSING,9,0,1585,0,0,82,0,0,1676
342354414,aicis/fresco,25/08/18 11:39,spirals-bears,1af30014-1e98-49fd-8f17-d05bb441e6a6_02-18-week3-PASSING_AND_PASSING,9,0,0,0,42,0,51
344320169,aicis/fresco,25/08/18 11:42,spirals-bears,1af30014-1e98-49fd-8f17-d05bb441e6a6_02-18-week3-PASSING_AND_PASSING,8,0,1598,0,0,84,0,0,1690
341897887,aicis/fresco,25/08/18 11:43,spirals-bears,1af30014-1e98-49fd-8f17-d05bb441e6a6_02-18-week3-PASSING_AND_PASSING,8,0,0,0,43,0,51
343715688,aicis/fresco,25/08/18 11:52,spirals-bears,1af30014-1e98-49fd-8f17-d05bb441e6a6_02-18-week3-PASSING_AND_PASSING,9,0,1575,0,4,118,0,3,1709
343347821,aicis/fresco,25/08/18 11:58,spirals-bears,1af30014-1e98-49fd-8f17-d05bb441e6a6_02-18-week3-PASSING_AND_PASSING,8,0,1513,0,0,130,0,0,1651
341813528,aicis/fresco,25/08/18 12:01,spirals-bears,1af30014-1e98-49fd-8f17-d05bb441e6a6_02-18-week3-PASSING_AND_PASSING,9,0,0,0,122,0,131
341864183,aicis/fresco,25/08/18 12:02,spirals-bears,1af30014-1e98-49fd-8f17-d05bb441e6a6_02-18-week3-PASSING_AND_PASSING,8,0,0,0,42,0,50
341860316,aicis/fresco,25/08/18 12:03,spirals-bears,1af30014-1e98-49fd-8f17-d05bb441e6a6_02-18-week3-PASSING_AND_PASSING,8,0,0,0,41,0,49
341827700,aicis/fresco,25/08/18 12:03,spirals-bears,1af30014-1e98-49fd-8f17-d05bb441e6a6_02-18-week3-PASSING_AND_PASSING,9,0,0,0,27,0,36
341793313,aicis/fresco,25/08/18 12:04,spirals-bears,1af30014-1e98-49fd-8f17-d05bb441e6a6_02-18-week3-PASSING_AND_PASSING,9,0,0,0,29,0,38
341934400,aicis/fresco,25/08/18 12:06,spirals-bears,1af30014-1e98-49fd-8f17-d05bb441e6a6_02-18-week3-PASSING_AND_PASSING,8,0,1488,0,0,130,0,0,1626
341937555,swagger-api/swagger-codegen,25/08/18 12:07,spirals-bears,1af30014-1e98-49fd-8f17-d05bb441e6a6_02-18-week3-PASSING_AND_PASSING,32,5,37
341891782,swagger-api/swagger-codegen,25/08/18 12:08,spirals-bears,1af30014-1e98-49fd-8f17-d05bb441e6a6_02-18-week3-PASSING_AND_PASSING,37,4,41
338058624,swagger-api/swagger-codegen,25/08/18 12:09,spirals-bears,1af30014-1e98-49fd-8f17-d05bb441e6a6_02-18-week3-PASSING_AND_PASSING,32,0,0,7,8,47
344329770,junit-team/junit5-samples,25/08/18 12:09,spirals-bears,1af30014-1e98-49fd-8f17-d05bb441e6a6_02-18-week3-PASSING_AND_PASSING,2,0,2
344329812,junit-team/junit5-samples,25/08/18 12:09,spirals-bears,1af30014-1e98-49fd-8f17-d05bb441e6a6_02-18-week3-PASSING_AND_PASSING,3,2,5
342311918,swagger-api/swagger-codegen,25/08/18 12:09,spirals-bears,1af30014-1e98-49fd-8f17-d05bb441e6a6_02-18-week3-PASSING_AND_PASSING,32,0,52,0,8,204,0,8,304
344307381,junit-team/junit5-samples,25/08/18 12:10,spirals-bears,1af30014-1e98-49fd-8f17-d05bb441e6a6_02-18-week3-PASSING_AND_PASSING,4,0,4
344307479,junit-team/junit5-samples,25/08/18 12:10,spirals-bears,1af30014-1e98-49fd-8f17-d05bb441e6a6_02-18-week3-PASSING_AND_PASSING,3,1,4
343793108,junit-team/junit5-samples,25/08/18 12:10,spirals-bears,1af30014-1e98-49fd-8f17-d05bb441e6a6_02-18-week3-PASSING_AND_PASSING,3,1,4
343570817,junit-team/junit5-samples,25/08/18 12:10,spirals-bears,1af30014-1e98-49fd-8f17-d05bb441e6a6_02-18-week3-PASSING_AND_PASSING,3,0,3
343523864,junit-team/junit5-samples,25/08/18 12:10,spirals-bears,1af30014-1e98-49fd-8f17-d05bb441e6a6_02-18-week3-PASSING_AND_PASSING,2,0,2
343305965,junit-team/junit5-samples,25/08/18 12:10,spirals-bears,1af30014-1e98-49fd-8f17-d05bb441e6a6_02-18-week3-PASSING_AND_PASSING,3,0,3
343293890,junit-team/junit5-samples,25/08/18 12:10,spirals-bears,1af30014-1e98-49fd-8f17-d05bb441e6a6_02-18-week3-PASSING_AND_PASSING,3,0,3
343293901,junit-team/junit5-samples,25/08/18 12:10,spirals-bears,1af30014-1e98-49fd-8f17-d05bb441e6a6_02-18-week3-PASSING_AND_PASSING,2,2,4
343153122,junit-team/junit5-samples,25/08/18 12:10,spirals-bears,1af30014-1e98-49fd-8f17-d05bb441e6a6_02-18-week3-PASSING_AND_PASSING,2,0,2
342606900,Blazebit/blaze-persistence,25/08/18 12:11,spirals-bears,1af30014-1e98-49fd-8f17-d05bb441e6a6_02-18-week3-PASSING_AND_PASSING,12,0,3,5,6,26
341895019,aicis/fresco,25/08/18 12:11,spirals-bears,1af30014-1e98-49fd-8f17-d05bb441e6a6_02-18-week3-PASSING_AND_PASSING,8,0,1540,0,0,122,0,0,1670
344019946,spring-cloud/spring-cloud-gcp,25/08/18 12:12,spirals-bears,1af30014-1e98-49fd-8f17-d05bb441e6a6_02-18-week3-PASSING_AND_PASSING,4,2,6
342540509,spring-cloud/spring-cloud-gcp,25/08/18 12:12,spirals-bears,1af30014-1e98-49fd-8f17-d05bb441e6a6_02-18-week3-PASSING_AND_PASSING,4,2,6
341651112,spring-cloud/spring-cloud-gcp,25/08/18 12:12,spirals-bears,1af30014-1e98-49fd-8f17-d05bb441e6a6_02-18-week3-PASSING_AND_PASSING,4,2,6
344060519,datastax/java-driver,25/08/18 12:14,spirals-bears,1af30014-1e98-49fd-8f17-d05bb441e6a6_02-18-week3-PASSING_AND_PASSING,16,0,0,0,93,0,109
343425986,datastax/java-driver,25/08/18 12:14,spirals-bears,1af30014-1e98-49fd-8f17-d05bb441e6a6_02-18-week3-PASSING_AND_PASSING,15,0,15
342801330,datastax/java-driver,25/08/18 12:15,spirals-bears,1af30014-1e98-49fd-8f17-d05bb441e6a6_02-18-week3-PASSING_AND_PASSING,16,2,18
342718893,SzFMV2018-Tavasz/AutomatedCar,25/08/18 12:15,spirals-bears,1af30014-1e98-49fd-8f17-d05bb441e6a6_02-18-week3-PASSING_AND_PASSING,8,0,0,0,15,0,23
343770539,Activiti/activiti-cloud-service-common,25/08/18 12:17,spirals-bears,1af30014-1e98-49fd-8f17-d05bb441e6a6_02-18-week3-PASSING_AND_PASSING,3,12,15,0,33,0,63
344355122,cpesch/RouteConverter,25/08/18 12:21,spirals-bears,1af30014-1e98-49fd-8f17-d05bb441e6a6_02-18-week3-PASSING_AND_PASSING,21,0,52,1,1,166,0,0,241
344012347,spring-cloud/spring-cloud-gcp,25/08/18 12:21,spirals-bears,1af30014-1e98-49fd-8f17-d05bb441e6a6_02-18-week3-PASSING_AND_PASSING,4,105,97,0,387,0,593
343339433,cpesch/RouteConverter,25/08/18 12:25,spirals-bears,1af30014-1e98-49fd-8f17-d05bb441e6a6_02-18-week3-PASSING_AND_PASSING,22,0,52,0,0,158,0,0,232
343333760,cpesch/RouteConverter,25/08/18 12:25,spirals-bears,1af30014-1e98-49fd-8f17-d05bb441e6a6_02-18-week3-PASSING_AND_PASSING,19,0,51,1,0,157,0,0,228
339962044,Blazebit/blaze-persistence,25/08/18 12:29,spirals-bears,1af30014-1e98-49fd-8f17-d05bb441e6a6_02-18-week3-PASSING_AND_PASSING,12,0,896,3,0,164,0,1,1076
341881950,danglotb/dspot,25/08/18 12:40,spirals-bears,1af30014-1e98-49fd-8f17-d05bb441e6a6_02-18-week3-PASSING_AND_PASSING,9,0,0,427,0,0,1,0,7,0,0,45,0,5,1,177,672
343876210,dhis2/dhis2-core,25/08/18 12:49,spirals-bears,1af30014-1e98-49fd-8f17-d05bb441e6a6_02-18-week3-PASSING_AND_PASSING,12,0,0,112,0,0,7,0,178,0,0,14,0,21,6,151,501
341881313,aicis/fresco,25/08/18 12:49,spirals-bears,1af30014-1e98-49fd-8f17-d05bb441e6a6_02-18-week3-PASSING_AND_PASSING,9,7,0,0,7,1589,0,0,7,0,1592,0,0,0,76,0,8,5,6,123,3429
343876076,dhis2/dhis2-core,25/08/18 12:58,spirals-bears,1af30014-1e98-49fd-8f17-d05bb441e6a6_02-18-week3-PASSING_AND_PASSING,11,0,0,122,0,0,8,0,198,0,0,14,0,23,6,160,542
343345670,dhis2/dhis2-core,25/08/18 12:59,spirals-bears,1af30014-1e98-49fd-8f17-d05bb441e6a6_02-18-week3-PASSING_AND_PASSING,12,0,0,118,0,0,8,0,194,1,0,14,0,22,6,161,536
343251881,dhis2/dhis2-core,25/08/18 13:00,spirals-bears,1af30014-1e98-49fd-8f17-d05bb441e6a6_02-18-week3-PASSING_AND_PASSING,24,0,0,1,39,2,66
343230435,dhis2/dhis2-core,25/08/18 13:02,spirals-bears,1af30014-1e98-49fd-8f17-d05bb441e6a6_02-18-week3-PASSING_AND_PASSING,22,0,1,1,79,2,105
343102479,dhis2/dhis2-core,25/08/18 13:04,spirals-bears,1af30014-1e98-49fd-8f17-d05bb441e6a6_02-18-week3-PASSING_AND_PASSING,21,0,0,6,76,7,110
343101510,dhis2/dhis2-core,25/08/18 13:06,spirals-bears,1af30014-1e98-49fd-8f17-d05bb441e6a6_02-18-week3-PASSING_AND_PASSING,22,0,1,6,75,6,110
343340727,dhis2/dhis2-core,25/08/18 13:07,spirals-bears,1af30014-1e98-49fd-8f17-d05bb441e6a6_02-18-week3-PASSING_AND_PASSING,12,0,0,117,0,1,9,0,182,1,0,15,0,21,7,162,527
343101297,dhis2/dhis2-core,25/08/18 13:08,spirals-bears,1af30014-1e98-49fd-8f17-d05bb441e6a6_02-18-week3-PASSING_AND_PASSING,22,0,1,6,81,6,116
343100804,dhis2/dhis2-core,25/08/18 13:09,spirals-bears,1af30014-1e98-49fd-8f17-d05bb441e6a6_02-18-week3-PASSING_AND_PASSING,24,0,0,7,83,5,119
343098378,dhis2/dhis2-core,25/08/18 13:10,spirals-bears,1af30014-1e98-49fd-8f17-d05bb441e6a6_02-18-week3-PASSING_AND_PASSING,21,0,0,6,85,6,118
343077071,dhis2/dhis2-core,25/08/18 13:12,spirals-bears,1af30014-1e98-49fd-8f17-d05bb441e6a6_02-18-week3-PASSING_AND_PASSING,22,0,0,7,81,6,116
342713637,dhis2/dhis2-core,25/08/18 13:12,spirals-bears,1af30014-1e98-49fd-8f17-d05bb441e6a6_02-18-week3-PASSING_AND_PASSING,22,0,0,7,80,6,115
342406774,dhis2/dhis2-core,25/08/18 13:13,spirals-bears,1af30014-1e98-49fd-8f17-d05bb441e6a6_02-18-week3-PASSING_AND_PASSING,23,0,0,7,34,6,70
342943301,dhis2/dhis2-core,25/08/18 13:14,spirals-bears,1af30014-1e98-49fd-8f17-d05bb441e6a6_02-18-week3-PASSING_AND_PASSING,24,0,1,1,79,2,107
342712830,dhis2/dhis2-core,25/08/18 13:15,spirals-bears,1af30014-1e98-49fd-8f17-d05bb441e6a6_02-18-week3-PASSING_AND_PASSING,22,0,0,6,80,5,113
342498636,dhis2/dhis2-core,25/08/18 13:17,spirals-bears,1af30014-1e98-49fd-8f17-d05bb441e6a6_02-18-week3-PASSING_AND_PASSING,22,0,0,7,79,8,116
342047059,dhis2/dhis2-core,25/08/18 13:17,spirals-bears,1af30014-1e98-49fd-8f17-d05bb441e6a6_02-18-week3-PASSING_AND_PASSING,24,0,0,7,79,6,116
342369139,dhis2/dhis2-core,25/08/18 13:19,spirals-bears,1af30014-1e98-49fd-8f17-d05bb441e6a6_02-18-week3-PASSING_AND_PASSING,22,0,1,1,82,2,108
342438448,dhis2/dhis2-core,25/08/18 13:19,spirals-bears,1af30014-1e98-49fd-8f17-d05bb441e6a6_02-18-week3-PASSING_AND_PASSING,23,0,0,6,82,6,117
338456087,dhis2/dhis2-core,25/08/18 13:21,spirals-bears,1af30014-1e98-49fd-8f17-d05bb441e6a6_02-18-week3-PASSING_AND_PASSING,22,0,0,6,35,6,69
342429555,dhis2/dhis2-core,25/08/18 13:21,spirals-bears,1af30014-1e98-49fd-8f17-d05bb441e6a6_02-18-week3-PASSING_AND_PASSING,24,0,0,7,80,5,116
341779424,dhis2/dhis2-core,25/08/18 13:21,spirals-bears,1af30014-1e98-49fd-8f17-d05bb441e6a6_02-18-week3-PASSING_AND_PASSING,22,4,26
342292224,dhis2/dhis2-core,25/08/18 13:23,spirals-bears,1af30014-1e98-49fd-8f17-d05bb441e6a6_02-18-week3-PASSING_AND_PASSING,23,0,0,1,82,2,108
343790057,debezium/debezium,25/08/18 13:23,spirals-bears,1af30014-1e98-49fd-8f17-d05bb441e6a6_02-18-week3-PASSING_AND_PASSING,6,4,10
343741612,debezium/debezium,25/08/18 13:24,spirals-bears,1af30014-1e98-49fd-8f17-d05bb441e6a6_02-18-week3-PASSING_AND_PASSING,6,0,0,0,112,0,118
343714620,debezium/debezium,25/08/18 13:25,spirals-bears,1af30014-1e98-49fd-8f17-d05bb441e6a6_02-18-week3-PASSING_AND_PASSING,6,0,1,0,53,0,60
343558752,debezium/debezium,25/08/18 13:25,spirals-bears,1af30014-1e98-49fd-8f17-d05bb441e6a6_02-18-week3-PASSING_AND_PASSING,6,4,10
343722495,debezium/debezium,25/08/18 13:26,spirals-bears,1af30014-1e98-49fd-8f17-d05bb441e6a6_02-18-week3-PASSING_AND_PASSING,6,0,49,1,0,96,0,0,152
320177860,MariaDB/mariadb-connector-j,25/08/18 13:27,spirals-bears,1af30014-1e98-49fd-8f17-d05bb441e6a6_02-18-week3-PASSING_AND_PASSING,12,0,0,1788,0,0,1,0,1791,0,0,36,0,8,1,58,3695
343273012,MariaDB/mariadb-connector-j,25/08/18 13:27,spirals-bears,1af30014-1e98-49fd-8f17-d05bb441e6a6_02-18-week3-PASSING_AND_PASSING,13,0,0,1789,0,0,1,0,1790,0,0,37,0,7,0,58,3695
343714390,debezium/debezium,25/08/18 13:28,spirals-bears,1af30014-1e98-49fd-8f17-d05bb441e6a6_02-18-week3-PASSING_AND_PASSING,6,0,47,1,0,92,0,0,146
343321369,debezium/debezium,25/08/18 13:28,spirals-bears,1af30014-1e98-49fd-8f17-d05bb441e6a6_02-18-week3-PASSING_AND_PASSING,7,3,10
343288599,debezium/debezium,25/08/18 13:28,spirals-bears,1af30014-1e98-49fd-8f17-d05bb441e6a6_02-18-week3-PASSING_AND_PASSING,6,3,9
341732843,debezium/debezium,25/08/18 13:29,spirals-bears,1af30014-1e98-49fd-8f17-d05bb441e6a6_02-18-week3-PASSING_AND_PASSING,6,0,0,0,55,0,61
343712961,debezium/debezium,25/08/18 13:30,spirals-bears,1af30014-1e98-49fd-8f17-d05bb441e6a6_02-18-week3-PASSING_AND_PASSING,11,1,0,0,6,42,0,0,2,0,46,0,0,0,18,0,6,1,1,93,227
341880678,debezium/debezium,25/08/18 13:30,spirals-bears,1af30014-1e98-49fd-8f17-d05bb441e6a6_02-18-week3-PASSING_AND_PASSING,6,3,9
343686635,debezium/debezium,25/08/18 13:30,spirals-bears,1af30014-1e98-49fd-8f17-d05bb441e6a6_02-18-week3-PASSING_AND_PASSING,6,0,47,0,0,117,0,0,170
343703078,debezium/debezium,25/08/18 13:30,spirals-bears,1af30014-1e98-49fd-8f17-d05bb441e6a6_02-18-week3-PASSING_AND_PASSING,6,0,51,1,0,120,0,0,178
332496481,debezium/debezium,25/08/18 13:30,spirals-bears,1af30014-1e98-49fd-8f17-d05bb441e6a6_02-18-week3-PASSING_AND_PASSING,7,0,1,3,4,15
342331444,MyCoRe-Org/mycore,25/08/18 13:31,spirals-bears,1af30014-1e98-49fd-8f17-d05bb441e6a6_02-18-week3-PASSING_AND_PASSING,53,0,53
342331456,MyCoRe-Org/mycore,25/08/18 13:31,spirals-bears,1af30014-1e98-49fd-8f17-d05bb441e6a6_02-18-week3-PASSING_AND_PASSING,58,3,61
340927086,MyCoRe-Org/mycore,25/08/18 13:31,spirals-bears,1af30014-1e98-49fd-8f17-d05bb441e6a6_02-18-week3-PASSING_AND_PASSING,48,0,48
343702023,fabric8io/fabric8-maven-plugin,25/08/18 13:32,spirals-bears,1af30014-1e98-49fd-8f17-d05bb441e6a6_02-18-week3-PASSING_AND_PASSING,29,5,34
340927104,MyCoRe-Org/mycore,25/08/18 13:32,spirals-bears,1af30014-1e98-49fd-8f17-d05bb441e6a6_02-18-week3-PASSING_AND_PASSING,52,2,54
330364917,MyCoRe-Org/mycore,25/08/18 13:32,spirals-bears,1af30014-1e98-49fd-8f17-d05bb441e6a6_02-18-week3-PASSING_AND_PASSING,55,0,55
344167389,jdbi/jdbi,25/08/18 13:32,spirals-bears,1af30014-1e98-49fd-8f17-d05bb441e6a6_02-18-week3-PASSING_AND_PASSING,8,0,1,0,0,9
340280629,zalando/zalenium,25/08/18 13:33,spirals-bears,1af30014-1e98-49fd-8f17-d05bb441e6a6_02-18-week3-PASSING_AND_PASSING,6,0,0,0,26,0,32
342386738,eugenp/learn-spring-security,25/08/18 13:35,spirals-bears,1af30014-1e98-49fd-8f17-d05bb441e6a6_02-18-week3-PASSING_AND_PASSING,2,0,51,1,0,28,0,0,82
342300290,MyCoRe-Org/mycore,25/08/18 13:38,spirals-bears,1af30014-1e98-49fd-8f17-d05bb441e6a6_02-18-week3-PASSING_AND_PASSING,51,28,30,3,378,2,492
343716956,jnidzwetzki/bboxdb,25/08/18 13:40,spirals-bears,1af30014-1e98-49fd-8f17-d05bb441e6a6_02-18-week3-PASSING_AND_PASSING,6,0,0,37,0,0,1,0,36,0,0,68,0,8,4,131,291
343352523,jnidzwetzki/bboxdb,25/08/18 13:41,spirals-bears,1af30014-1e98-49fd-8f17-d05bb441e6a6_02-18-week3-PASSING_AND_PASSING,8,0,0,0,30,0,38
338622795,Activiti/Activiti,25/08/18 13:41,spirals-bears,1af30014-1e98-49fd-8f17-d05bb441e6a6_02-18-week3-PASSING_AND_PASSING,32,0,425,3,1,57,0,6,524
342368147,jnidzwetzki/bboxdb,25/08/18 13:41,spirals-bears,1af30014-1e98-49fd-8f17-d05bb441e6a6_02-18-week3-PASSING_AND_PASSING,9,0,0,0,31,0,40
343434221,jnidzwetzki/bboxdb,25/08/18 13:43,spirals-bears,1af30014-1e98-49fd-8f17-d05bb441e6a6_02-18-week3-PASSING_AND_PASSING,6,0,0,37,0,0,1,0,36,0,0,72,0,8,1,129,290
341859754,jnidzwetzki/bboxdb,25/08/18 13:44,spirals-bears,1af30014-1e98-49fd-8f17-d05bb441e6a6_02-18-week3-PASSING_AND_PASSING,9,0,0,0,30,0,39
341811215,jnidzwetzki/bboxdb,25/08/18 13:45,spirals-bears,1af30014-1e98-49fd-8f17-d05bb441e6a6_02-18-week3-PASSING_AND_PASSING,8,0,0,0,31,0,39
341892461,jnidzwetzki/bboxdb,25/08/18 13:46,spirals-bears,1af30014-1e98-49fd-8f17-d05bb441e6a6_02-18-week3-PASSING_AND_PASSING,7,0,0,38,0,0,2,0,37,0,0,66,0,8,2,109,269
342059183,jnidzwetzki/bboxdb,25/08/18 13:46,spirals-bears,1af30014-1e98-49fd-8f17-d05bb441e6a6_02-18-week3-PASSING_AND_PASSING,6,0,0,37,0,0,3,0,36,0,0,67,0,8,0,138,295
344129788,Activiti/Activiti,25/08/18 13:47,spirals-bears,1af30014-1e98-49fd-8f17-d05bb441e6a6_02-18-week3-PASSING_AND_PASSING,12,9,0,0,10,350,0,3,7,0,343,0,0,0,23,0,35,8,7,57,864
