1c2dcf8c-1783-41b0-9cdb-5cb8478a1ab9_01-18-week1-PASSING_AND_PASSING,dockerPool,spirals-bears,16,487961768,506462208
1c2dcf8c-1783-41b0-9cdb-5cb8478a1ab9_01-18-week1-PASSING_AND_PASSING,325439701,spirals-bears,16,458889856,506462208
1c2dcf8c-1783-41b0-9cdb-5cb8478a1ab9_01-18-week1-PASSING_AND_PASSING,324728475,spirals-bears,16,458889840,506462208
1c2dcf8c-1783-41b0-9cdb-5cb8478a1ab9_01-18-week1-PASSING_AND_PASSING,325532519,spirals-bears,16,458889872,506462208
1c2dcf8c-1783-41b0-9cdb-5cb8478a1ab9_01-18-week1-PASSING_AND_PASSING,312909676,spirals-bears,16,458889848,506462208
1c2dcf8c-1783-41b0-9cdb-5cb8478a1ab9_01-18-week1-PASSING_AND_PASSING,324152047,spirals-bears,16,458890080,506462208
1c2dcf8c-1783-41b0-9cdb-5cb8478a1ab9_01-18-week1-PASSING_AND_PASSING,322619787,spirals-bears,16,458890376,506462208
1c2dcf8c-1783-41b0-9cdb-5cb8478a1ab9_01-18-week1-PASSING_AND_PASSING,317431843,spirals-bears,16,458889968,506462208
1c2dcf8c-1783-41b0-9cdb-5cb8478a1ab9_01-18-week1-PASSING_AND_PASSING,322586296,spirals-bears,16,458890152,506462208
1c2dcf8c-1783-41b0-9cdb-5cb8478a1ab9_01-18-week1-PASSING_AND_PASSING,317938017,spirals-bears,16,458884248,506462208
1c2dcf8c-1783-41b0-9cdb-5cb8478a1ab9_01-18-week1-PASSING_AND_PASSING,320341096,spirals-bears,16,458884336,506462208
1c2dcf8c-1783-41b0-9cdb-5cb8478a1ab9_01-18-week1-PASSING_AND_PASSING,319241785,spirals-bears,16,458884056,506462208
1c2dcf8c-1783-41b0-9cdb-5cb8478a1ab9_01-18-week1-PASSING_AND_PASSING,318013793,spirals-bears,16,458884360,506462208
1c2dcf8c-1783-41b0-9cdb-5cb8478a1ab9_01-18-week1-PASSING_AND_PASSING,318079574,spirals-bears,16,458890096,506462208
1c2dcf8c-1783-41b0-9cdb-5cb8478a1ab9_01-18-week1-PASSING_AND_PASSING,313801862,spirals-bears,16,458889872,506462208
1c2dcf8c-1783-41b0-9cdb-5cb8478a1ab9_01-18-week1-PASSING_AND_PASSING,325211307,spirals-bears,16,458896224,506462208
1c2dcf8c-1783-41b0-9cdb-5cb8478a1ab9_01-18-week1-PASSING_AND_PASSING,325408687,spirals-bears,16,458890328,506462208
1c2dcf8c-1783-41b0-9cdb-5cb8478a1ab9_01-18-week1-PASSING_AND_PASSING,325185317,spirals-bears,16,458889224,506462208
1c2dcf8c-1783-41b0-9cdb-5cb8478a1ab9_01-18-week1-PASSING_AND_PASSING,325368310,spirals-bears,16,458889064,506462208
1c2dcf8c-1783-41b0-9cdb-5cb8478a1ab9_01-18-week1-PASSING_AND_PASSING,325185222,spirals-bears,16,458884280,506462208
1c2dcf8c-1783-41b0-9cdb-5cb8478a1ab9_01-18-week1-PASSING_AND_PASSING,325089237,spirals-bears,16,458889968,506462208
1c2dcf8c-1783-41b0-9cdb-5cb8478a1ab9_01-18-week1-PASSING_AND_PASSING,324294155,spirals-bears,16,458884080,506462208
1c2dcf8c-1783-41b0-9cdb-5cb8478a1ab9_01-18-week1-PASSING_AND_PASSING,325026827,spirals-bears,16,458884248,506462208
1c2dcf8c-1783-41b0-9cdb-5cb8478a1ab9_01-18-week1-PASSING_AND_PASSING,324430352,spirals-bears,16,458890024,506462208
1c2dcf8c-1783-41b0-9cdb-5cb8478a1ab9_01-18-week1-PASSING_AND_PASSING,325025955,spirals-bears,16,458890080,506462208
1c2dcf8c-1783-41b0-9cdb-5cb8478a1ab9_01-18-week1-PASSING_AND_PASSING,324174051,spirals-bears,16,458890040,506462208
1c2dcf8c-1783-41b0-9cdb-5cb8478a1ab9_01-18-week1-PASSING_AND_PASSING,324148571,spirals-bears,16,458890000,506462208
1c2dcf8c-1783-41b0-9cdb-5cb8478a1ab9_01-18-week1-PASSING_AND_PASSING,324741626,spirals-bears,16,458887768,506462208
1c2dcf8c-1783-41b0-9cdb-5cb8478a1ab9_01-18-week1-PASSING_AND_PASSING,320394844,spirals-bears,16,458889896,506462208
1c2dcf8c-1783-41b0-9cdb-5cb8478a1ab9_01-18-week1-PASSING_AND_PASSING,324225083,spirals-bears,16,458884336,506462208
1c2dcf8c-1783-41b0-9cdb-5cb8478a1ab9_01-18-week1-PASSING_AND_PASSING,324066691,spirals-bears,16,458884120,506462208
1c2dcf8c-1783-41b0-9cdb-5cb8478a1ab9_01-18-week1-PASSING_AND_PASSING,323929828,spirals-bears,16,458884096,506462208
1c2dcf8c-1783-41b0-9cdb-5cb8478a1ab9_01-18-week1-PASSING_AND_PASSING,323674489,spirals-bears,16,458889832,506462208
1c2dcf8c-1783-41b0-9cdb-5cb8478a1ab9_01-18-week1-PASSING_AND_PASSING,325249032,spirals-bears,16,458883832,506462208
1c2dcf8c-1783-41b0-9cdb-5cb8478a1ab9_01-18-week1-PASSING_AND_PASSING,324350797,spirals-bears,16,458884424,506462208
1c2dcf8c-1783-41b0-9cdb-5cb8478a1ab9_01-18-week1-PASSING_AND_PASSING,324525248,spirals-bears,16,458889192,506462208
1c2dcf8c-1783-41b0-9cdb-5cb8478a1ab9_01-18-week1-PASSING_AND_PASSING,324414735,spirals-bears,16,458896216,506462208
1c2dcf8c-1783-41b0-9cdb-5cb8478a1ab9_01-18-week1-PASSING_AND_PASSING,325767541,spirals-bears,16,458884520,506462208
1c2dcf8c-1783-41b0-9cdb-5cb8478a1ab9_01-18-week1-PASSING_AND_PASSING,324971662,spirals-bears,16,458884024,506462208
1c2dcf8c-1783-41b0-9cdb-5cb8478a1ab9_01-18-week1-PASSING_AND_PASSING,325806424,spirals-bears,16,458888496,506462208
1c2dcf8c-1783-41b0-9cdb-5cb8478a1ab9_01-18-week1-PASSING_AND_PASSING,325707273,spirals-bears,16,458890040,506462208
1c2dcf8c-1783-41b0-9cdb-5cb8478a1ab9_01-18-week1-PASSING_AND_PASSING,325703367,spirals-bears,16,458888480,506462208
1c2dcf8c-1783-41b0-9cdb-5cb8478a1ab9_01-18-week1-PASSING_AND_PASSING,325430740,spirals-bears,16,458889896,506462208
1c2dcf8c-1783-41b0-9cdb-5cb8478a1ab9_01-18-week1-PASSING_AND_PASSING,324085059,spirals-bears,16,458889936,506462208
1c2dcf8c-1783-41b0-9cdb-5cb8478a1ab9_01-18-week1-PASSING_AND_PASSING,325018846,spirals-bears,16,458883784,506462208
1c2dcf8c-1783-41b0-9cdb-5cb8478a1ab9_01-18-week1-PASSING_AND_PASSING,324645386,spirals-bears,16,458883784,506462208
1c2dcf8c-1783-41b0-9cdb-5cb8478a1ab9_01-18-week1-PASSING_AND_PASSING,324874291,spirals-bears,16,458889936,506462208
1c2dcf8c-1783-41b0-9cdb-5cb8478a1ab9_01-18-week1-PASSING_AND_PASSING,323977418,spirals-bears,16,458888912,506462208
1c2dcf8c-1783-41b0-9cdb-5cb8478a1ab9_01-18-week1-PASSING_AND_PASSING,322959806,spirals-bears,16,458890032,506462208
1c2dcf8c-1783-41b0-9cdb-5cb8478a1ab9_01-18-week1-PASSING_AND_PASSING,322596091,spirals-bears,16,458890152,506462208
1c2dcf8c-1783-41b0-9cdb-5cb8478a1ab9_01-18-week1-PASSING_AND_PASSING,323523488,spirals-bears,16,458890280,506462208
1c2dcf8c-1783-41b0-9cdb-5cb8478a1ab9_01-18-week1-PASSING_AND_PASSING,322832097,spirals-bears,16,458883800,506462208
1c2dcf8c-1783-41b0-9cdb-5cb8478a1ab9_01-18-week1-PASSING_AND_PASSING,325522012,spirals-bears,16,458890088,506462208
1c2dcf8c-1783-41b0-9cdb-5cb8478a1ab9_01-18-week1-PASSING_AND_PASSING,325505806,spirals-bears,16,458890040,506462208
1c2dcf8c-1783-41b0-9cdb-5cb8478a1ab9_01-18-week1-PASSING_AND_PASSING,325553468,spirals-bears,16,458890000,506462208
1c2dcf8c-1783-41b0-9cdb-5cb8478a1ab9_01-18-week1-PASSING_AND_PASSING,325490842,spirals-bears,16,458884320,506462208
1c2dcf8c-1783-41b0-9cdb-5cb8478a1ab9_01-18-week1-PASSING_AND_PASSING,325473366,spirals-bears,16,458884120,506462208
1c2dcf8c-1783-41b0-9cdb-5cb8478a1ab9_01-18-week1-PASSING_AND_PASSING,325141031,spirals-bears,16,458884064,506462208
1c2dcf8c-1783-41b0-9cdb-5cb8478a1ab9_01-18-week1-PASSING_AND_PASSING,324869129,spirals-bears,16,458889936,506462208
1c2dcf8c-1783-41b0-9cdb-5cb8478a1ab9_01-18-week1-PASSING_AND_PASSING,314830554,spirals-bears,16,458884336,506462208
1c2dcf8c-1783-41b0-9cdb-5cb8478a1ab9_01-18-week1-PASSING_AND_PASSING,325043145,spirals-bears,16,458889808,506462208
1c2dcf8c-1783-41b0-9cdb-5cb8478a1ab9_01-18-week1-PASSING_AND_PASSING,324651526,spirals-bears,16,458889576,506462208
1c2dcf8c-1783-41b0-9cdb-5cb8478a1ab9_01-18-week1-PASSING_AND_PASSING,324803426,spirals-bears,16,458890432,506462208
1c2dcf8c-1783-41b0-9cdb-5cb8478a1ab9_01-18-week1-PASSING_AND_PASSING,324634327,spirals-bears,16,458884056,506462208
1c2dcf8c-1783-41b0-9cdb-5cb8478a1ab9_01-18-week1-PASSING_AND_PASSING,324647626,spirals-bears,16,458883712,506462208
1c2dcf8c-1783-41b0-9cdb-5cb8478a1ab9_01-18-week1-PASSING_AND_PASSING,324638337,spirals-bears,16,458884208,506462208
1c2dcf8c-1783-41b0-9cdb-5cb8478a1ab9_01-18-week1-PASSING_AND_PASSING,324445126,spirals-bears,16,458889952,506462208
1c2dcf8c-1783-41b0-9cdb-5cb8478a1ab9_01-18-week1-PASSING_AND_PASSING,324231630,spirals-bears,16,458884520,506462208
1c2dcf8c-1783-41b0-9cdb-5cb8478a1ab9_01-18-week1-PASSING_AND_PASSING,324417246,spirals-bears,16,458890184,506462208
1c2dcf8c-1783-41b0-9cdb-5cb8478a1ab9_01-18-week1-PASSING_AND_PASSING,324158907,spirals-bears,16,458883992,506462208
1c2dcf8c-1783-41b0-9cdb-5cb8478a1ab9_01-18-week1-PASSING_AND_PASSING,324250765,spirals-bears,16,458889936,506462208
1c2dcf8c-1783-41b0-9cdb-5cb8478a1ab9_01-18-week1-PASSING_AND_PASSING,319887051,spirals-bears,16,458884384,506462208
1c2dcf8c-1783-41b0-9cdb-5cb8478a1ab9_01-18-week1-PASSING_AND_PASSING,324237923,spirals-bears,16,458889984,506462208
1c2dcf8c-1783-41b0-9cdb-5cb8478a1ab9_01-18-week1-PASSING_AND_PASSING,324168763,spirals-bears,16,458884024,506462208
1c2dcf8c-1783-41b0-9cdb-5cb8478a1ab9_01-18-week1-PASSING_AND_PASSING,325572977,spirals-bears,16,458896232,506462208
1c2dcf8c-1783-41b0-9cdb-5cb8478a1ab9_01-18-week1-PASSING_AND_PASSING,324711014,spirals-bears,16,458889960,506462208
1c2dcf8c-1783-41b0-9cdb-5cb8478a1ab9_01-18-week1-PASSING_AND_PASSING,325213747,spirals-bears,16,458890304,506462208
1c2dcf8c-1783-41b0-9cdb-5cb8478a1ab9_01-18-week1-PASSING_AND_PASSING,325213560,spirals-bears,16,458889912,506462208
1c2dcf8c-1783-41b0-9cdb-5cb8478a1ab9_01-18-week1-PASSING_AND_PASSING,325000994,spirals-bears,16,458888928,506462208
1c2dcf8c-1783-41b0-9cdb-5cb8478a1ab9_01-18-week1-PASSING_AND_PASSING,324691049,spirals-bears,16,458890088,506462208
1c2dcf8c-1783-41b0-9cdb-5cb8478a1ab9_01-18-week1-PASSING_AND_PASSING,323960549,spirals-bears,16,458884168,506462208
1c2dcf8c-1783-41b0-9cdb-5cb8478a1ab9_01-18-week1-PASSING_AND_PASSING,323764674,spirals-bears,16,458890128,506462208
1c2dcf8c-1783-41b0-9cdb-5cb8478a1ab9_01-18-week1-PASSING_AND_PASSING,323835270,spirals-bears,16,458884216,506462208
1c2dcf8c-1783-41b0-9cdb-5cb8478a1ab9_01-18-week1-PASSING_AND_PASSING,324508124,spirals-bears,16,458889864,506462208
1c2dcf8c-1783-41b0-9cdb-5cb8478a1ab9_01-18-week1-PASSING_AND_PASSING,319089971,spirals-bears,16,458883840,506462208
1c2dcf8c-1783-41b0-9cdb-5cb8478a1ab9_01-18-week1-PASSING_AND_PASSING,323877804,spirals-bears,16,458890392,506462208
1c2dcf8c-1783-41b0-9cdb-5cb8478a1ab9_01-18-week1-PASSING_AND_PASSING,323824749,spirals-bears,16,458888320,506462208
1c2dcf8c-1783-41b0-9cdb-5cb8478a1ab9_01-18-week1-PASSING_AND_PASSING,323775769,spirals-bears,16,458888224,506462208
1c2dcf8c-1783-41b0-9cdb-5cb8478a1ab9_01-18-week1-PASSING_AND_PASSING,323812777,spirals-bears,16,458890672,506462208
1c2dcf8c-1783-41b0-9cdb-5cb8478a1ab9_01-18-week1-PASSING_AND_PASSING,323824126,spirals-bears,16,458889608,506462208
1c2dcf8c-1783-41b0-9cdb-5cb8478a1ab9_01-18-week1-PASSING_AND_PASSING,323802157,spirals-bears,16,458889640,506462208
1c2dcf8c-1783-41b0-9cdb-5cb8478a1ab9_01-18-week1-PASSING_AND_PASSING,323783675,spirals-bears,16,458884256,506462208
1c2dcf8c-1783-41b0-9cdb-5cb8478a1ab9_01-18-week1-PASSING_AND_PASSING,323797043,spirals-bears,16,458884000,506462208
1c2dcf8c-1783-41b0-9cdb-5cb8478a1ab9_01-18-week1-PASSING_AND_PASSING,323801837,spirals-bears,16,458883816,506462208
1c2dcf8c-1783-41b0-9cdb-5cb8478a1ab9_01-18-week1-PASSING_AND_PASSING,323799952,spirals-bears,16,458884216,506462208
1c2dcf8c-1783-41b0-9cdb-5cb8478a1ab9_01-18-week1-PASSING_AND_PASSING,323772844,spirals-bears,16,458890272,506462208
1c2dcf8c-1783-41b0-9cdb-5cb8478a1ab9_01-18-week1-PASSING_AND_PASSING,326062667,spirals-bears,16,458883608,506462208
1c2dcf8c-1783-41b0-9cdb-5cb8478a1ab9_01-18-week1-PASSING_AND_PASSING,319116549,spirals-bears,16,458889832,506462208
1c2dcf8c-1783-41b0-9cdb-5cb8478a1ab9_01-18-week1-PASSING_AND_PASSING,319116396,spirals-bears,16,458884600,506462208
1c2dcf8c-1783-41b0-9cdb-5cb8478a1ab9_01-18-week1-PASSING_AND_PASSING,324319257,spirals-bears,16,458883816,506462208
1c2dcf8c-1783-41b0-9cdb-5cb8478a1ab9_01-18-week1-PASSING_AND_PASSING,323700635,spirals-bears,16,458890320,506462208
1c2dcf8c-1783-41b0-9cdb-5cb8478a1ab9_01-18-week1-PASSING_AND_PASSING,320324774,spirals-bears,16,458889192,506462208
1c2dcf8c-1783-41b0-9cdb-5cb8478a1ab9_01-18-week1-PASSING_AND_PASSING,324098340,spirals-bears,16,458883808,506462208
1c2dcf8c-1783-41b0-9cdb-5cb8478a1ab9_01-18-week1-PASSING_AND_PASSING,325717317,spirals-bears,16,458884056,506462208
1c2dcf8c-1783-41b0-9cdb-5cb8478a1ab9_01-18-week1-PASSING_AND_PASSING,324940989,spirals-bears,16,458889600,506462208
1c2dcf8c-1783-41b0-9cdb-5cb8478a1ab9_01-18-week1-PASSING_AND_PASSING,324942418,spirals-bears,16,458889872,506462208
1c2dcf8c-1783-41b0-9cdb-5cb8478a1ab9_01-18-week1-PASSING_AND_PASSING,324031199,spirals-bears,16,458883808,506462208
1c2dcf8c-1783-41b0-9cdb-5cb8478a1ab9_01-18-week1-PASSING_AND_PASSING,324864618,spirals-bears,16,458887752,506462208
1c2dcf8c-1783-41b0-9cdb-5cb8478a1ab9_01-18-week1-PASSING_AND_PASSING,324940006,spirals-bears,16,458889968,506462208
1c2dcf8c-1783-41b0-9cdb-5cb8478a1ab9_01-18-week1-PASSING_AND_PASSING,324873069,spirals-bears,16,458890440,506462208
1c2dcf8c-1783-41b0-9cdb-5cb8478a1ab9_01-18-week1-PASSING_AND_PASSING,324083718,spirals-bears,16,458890072,506462208
1c2dcf8c-1783-41b0-9cdb-5cb8478a1ab9_01-18-week1-PASSING_AND_PASSING,324922805,spirals-bears,16,458884424,506462208
1c2dcf8c-1783-41b0-9cdb-5cb8478a1ab9_01-18-week1-PASSING_AND_PASSING,324534322,spirals-bears,16,458888832,506462208
1c2dcf8c-1783-41b0-9cdb-5cb8478a1ab9_01-18-week1-PASSING_AND_PASSING,324079805,spirals-bears,16,458896552,506462208
1c2dcf8c-1783-41b0-9cdb-5cb8478a1ab9_01-18-week1-PASSING_AND_PASSING,324143809,spirals-bears,16,458889976,506462208
1c2dcf8c-1783-41b0-9cdb-5cb8478a1ab9_01-18-week1-PASSING_AND_PASSING,324079577,spirals-bears,16,458890136,506462208
1c2dcf8c-1783-41b0-9cdb-5cb8478a1ab9_01-18-week1-PASSING_AND_PASSING,324079054,spirals-bears,16,458896520,506462208
1c2dcf8c-1783-41b0-9cdb-5cb8478a1ab9_01-18-week1-PASSING_AND_PASSING,323978020,spirals-bears,16,458884248,506462208
1c2dcf8c-1783-41b0-9cdb-5cb8478a1ab9_01-18-week1-PASSING_AND_PASSING,324040949,spirals-bears,16,458889896,506462208
1c2dcf8c-1783-41b0-9cdb-5cb8478a1ab9_01-18-week1-PASSING_AND_PASSING,324010692,spirals-bears,16,458889928,506462208
1c2dcf8c-1783-41b0-9cdb-5cb8478a1ab9_01-18-week1-PASSING_AND_PASSING,321358599,spirals-bears,16,458887984,506462208
1c2dcf8c-1783-41b0-9cdb-5cb8478a1ab9_01-18-week1-PASSING_AND_PASSING,322813629,spirals-bears,16,458883840,506462208
1c2dcf8c-1783-41b0-9cdb-5cb8478a1ab9_01-18-week1-PASSING_AND_PASSING,323170611,spirals-bears,16,458889976,506462208
1c2dcf8c-1783-41b0-9cdb-5cb8478a1ab9_01-18-week1-PASSING_AND_PASSING,325947791,spirals-bears,16,458884288,506462208
1c2dcf8c-1783-41b0-9cdb-5cb8478a1ab9_01-18-week1-PASSING_AND_PASSING,325928215,spirals-bears,16,458883928,506462208
1c2dcf8c-1783-41b0-9cdb-5cb8478a1ab9_01-18-week1-PASSING_AND_PASSING,324462287,spirals-bears,16,458883792,506462208
1c2dcf8c-1783-41b0-9cdb-5cb8478a1ab9_01-18-week1-PASSING_AND_PASSING,325774163,spirals-bears,16,458891896,506462208
1c2dcf8c-1783-41b0-9cdb-5cb8478a1ab9_01-18-week1-PASSING_AND_PASSING,325927842,spirals-bears,16,458888936,506462208
1c2dcf8c-1783-41b0-9cdb-5cb8478a1ab9_01-18-week1-PASSING_AND_PASSING,325920879,spirals-bears,16,458883760,506462208
1c2dcf8c-1783-41b0-9cdb-5cb8478a1ab9_01-18-week1-PASSING_AND_PASSING,324466880,spirals-bears,16,458884096,506462208
1c2dcf8c-1783-41b0-9cdb-5cb8478a1ab9_01-18-week1-PASSING_AND_PASSING,324702086,spirals-bears,16,458884448,506462208
1c2dcf8c-1783-41b0-9cdb-5cb8478a1ab9_01-18-week1-PASSING_AND_PASSING,314900009,spirals-bears,16,458883952,506462208
1c2dcf8c-1783-41b0-9cdb-5cb8478a1ab9_01-18-week1-PASSING_AND_PASSING,323046288,spirals-bears,16,458883968,506462208
1c2dcf8c-1783-41b0-9cdb-5cb8478a1ab9_01-18-week1-PASSING_AND_PASSING,323825797,spirals-bears,16,458889928,506462208
1c2dcf8c-1783-41b0-9cdb-5cb8478a1ab9_01-18-week1-PASSING_AND_PASSING,324122858,spirals-bears,16,458884216,506462208
1c2dcf8c-1783-41b0-9cdb-5cb8478a1ab9_01-18-week1-PASSING_AND_PASSING,325283718,spirals-bears,16,458890376,506462208
1c2dcf8c-1783-41b0-9cdb-5cb8478a1ab9_01-18-week1-PASSING_AND_PASSING,325283766,spirals-bears,16,458890352,506462208
1c2dcf8c-1783-41b0-9cdb-5cb8478a1ab9_01-18-week1-PASSING_AND_PASSING,324952609,spirals-bears,16,458884048,506462208
1c2dcf8c-1783-41b0-9cdb-5cb8478a1ab9_01-18-week1-PASSING_AND_PASSING,324952622,spirals-bears,16,458890000,506462208
1c2dcf8c-1783-41b0-9cdb-5cb8478a1ab9_01-18-week1-PASSING_AND_PASSING,262946185,spirals-bears,16,458890152,506462208
1c2dcf8c-1783-41b0-9cdb-5cb8478a1ab9_01-18-week1-PASSING_AND_PASSING,323013371,spirals-bears,16,458890064,506462208
1c2dcf8c-1783-41b0-9cdb-5cb8478a1ab9_01-18-week1-PASSING_AND_PASSING,324327208,spirals-bears,16,458890000,506462208
1c2dcf8c-1783-41b0-9cdb-5cb8478a1ab9_01-18-week1-PASSING_AND_PASSING,322757929,spirals-bears,16,458883840,506462208
1c2dcf8c-1783-41b0-9cdb-5cb8478a1ab9_01-18-week1-PASSING_AND_PASSING,325561192,spirals-bears,16,458890080,506462208
1c2dcf8c-1783-41b0-9cdb-5cb8478a1ab9_01-18-week1-PASSING_AND_PASSING,324768142,spirals-bears,16,458889912,506462208
1c2dcf8c-1783-41b0-9cdb-5cb8478a1ab9_01-18-week1-PASSING_AND_PASSING,324753150,spirals-bears,16,458890184,506462208
1c2dcf8c-1783-41b0-9cdb-5cb8478a1ab9_01-18-week1-PASSING_AND_PASSING,324422002,spirals-bears,16,458892440,506462208
1c2dcf8c-1783-41b0-9cdb-5cb8478a1ab9_01-18-week1-PASSING_AND_PASSING,324413263,spirals-bears,16,458896512,506462208
1c2dcf8c-1783-41b0-9cdb-5cb8478a1ab9_01-18-week1-PASSING_AND_PASSING,324256322,spirals-bears,16,458896208,506462208
1c2dcf8c-1783-41b0-9cdb-5cb8478a1ab9_01-18-week1-PASSING_AND_PASSING,324855779,spirals-bears,16,458884432,506462208
1c2dcf8c-1783-41b0-9cdb-5cb8478a1ab9_01-18-week1-PASSING_AND_PASSING,324850297,spirals-bears,16,458889808,506462208
1c2dcf8c-1783-41b0-9cdb-5cb8478a1ab9_01-18-week1-PASSING_AND_PASSING,325220252,spirals-bears,16,458896272,506462208
1c2dcf8c-1783-41b0-9cdb-5cb8478a1ab9_01-18-week1-PASSING_AND_PASSING,324714769,spirals-bears,16,458884128,506462208
1c2dcf8c-1783-41b0-9cdb-5cb8478a1ab9_01-18-week1-PASSING_AND_PASSING,324206384,spirals-bears,16,458884192,506462208
1c2dcf8c-1783-41b0-9cdb-5cb8478a1ab9_01-18-week1-PASSING_AND_PASSING,323777409,spirals-bears,16,458883800,506462208
1c2dcf8c-1783-41b0-9cdb-5cb8478a1ab9_01-18-week1-PASSING_AND_PASSING,325348484,spirals-bears,16,458884568,506462208
1c2dcf8c-1783-41b0-9cdb-5cb8478a1ab9_01-18-week1-PASSING_AND_PASSING,325072128,spirals-bears,16,458889864,506462208
1c2dcf8c-1783-41b0-9cdb-5cb8478a1ab9_01-18-week1-PASSING_AND_PASSING,325067979,spirals-bears,16,458883984,506462208
1c2dcf8c-1783-41b0-9cdb-5cb8478a1ab9_01-18-week1-PASSING_AND_PASSING,323565091,spirals-bears,16,458883808,506462208
1c2dcf8c-1783-41b0-9cdb-5cb8478a1ab9_01-18-week1-PASSING_AND_PASSING,322923940,spirals-bears,16,458890104,506462208
1c2dcf8c-1783-41b0-9cdb-5cb8478a1ab9_01-18-week1-PASSING_AND_PASSING,324507995,spirals-bears,16,458884152,506462208
1c2dcf8c-1783-41b0-9cdb-5cb8478a1ab9_01-18-week1-PASSING_AND_PASSING,324507951,spirals-bears,16,458884056,506462208
1c2dcf8c-1783-41b0-9cdb-5cb8478a1ab9_01-18-week1-PASSING_AND_PASSING,324881843,spirals-bears,16,458884336,506462208
1c2dcf8c-1783-41b0-9cdb-5cb8478a1ab9_01-18-week1-PASSING_AND_PASSING,324829138,spirals-bears,16,458884440,506462208
1c2dcf8c-1783-41b0-9cdb-5cb8478a1ab9_01-18-week1-PASSING_AND_PASSING,324684873,spirals-bears,16,458889984,506462208
1c2dcf8c-1783-41b0-9cdb-5cb8478a1ab9_01-18-week1-PASSING_AND_PASSING,323478417,spirals-bears,16,458884392,506462208
1c2dcf8c-1783-41b0-9cdb-5cb8478a1ab9_01-18-week1-PASSING_AND_PASSING,323476221,spirals-bears,16,458889952,506462208
1c2dcf8c-1783-41b0-9cdb-5cb8478a1ab9_01-18-week1-PASSING_AND_PASSING,318632363,spirals-bears,16,458890088,506462208
1c2dcf8c-1783-41b0-9cdb-5cb8478a1ab9_01-18-week1-PASSING_AND_PASSING,326088161,spirals-bears,16,458889944,506462208
1c2dcf8c-1783-41b0-9cdb-5cb8478a1ab9_01-18-week1-PASSING_AND_PASSING,326074391,spirals-bears,16,458889864,506462208
1c2dcf8c-1783-41b0-9cdb-5cb8478a1ab9_01-18-week1-PASSING_AND_PASSING,326072494,spirals-bears,16,458890408,506462208
1c2dcf8c-1783-41b0-9cdb-5cb8478a1ab9_01-18-week1-PASSING_AND_PASSING,326072496,spirals-bears,16,458896224,506462208
1c2dcf8c-1783-41b0-9cdb-5cb8478a1ab9_01-18-week1-PASSING_AND_PASSING,325828725,spirals-bears,16,458884040,506462208
1c2dcf8c-1783-41b0-9cdb-5cb8478a1ab9_01-18-week1-PASSING_AND_PASSING,325205895,spirals-bears,16,458884024,506462208
1c2dcf8c-1783-41b0-9cdb-5cb8478a1ab9_01-18-week1-PASSING_AND_PASSING,325205881,spirals-bears,16,458889824,506462208
1c2dcf8c-1783-41b0-9cdb-5cb8478a1ab9_01-18-week1-PASSING_AND_PASSING,324962286,spirals-bears,16,458889968,506462208
1c2dcf8c-1783-41b0-9cdb-5cb8478a1ab9_01-18-week1-PASSING_AND_PASSING,324962273,spirals-bears,16,458884152,506462208
1c2dcf8c-1783-41b0-9cdb-5cb8478a1ab9_01-18-week1-PASSING_AND_PASSING,324848225,spirals-bears,16,458889920,506462208
1c2dcf8c-1783-41b0-9cdb-5cb8478a1ab9_01-18-week1-PASSING_AND_PASSING,322632316,spirals-bears,16,458890352,506462208
1c2dcf8c-1783-41b0-9cdb-5cb8478a1ab9_01-18-week1-PASSING_AND_PASSING,322632309,spirals-bears,16,458884136,506462208
1c2dcf8c-1783-41b0-9cdb-5cb8478a1ab9_01-18-week1-PASSING_AND_PASSING,324935251,spirals-bears,16,458884304,506462208
1c2dcf8c-1783-41b0-9cdb-5cb8478a1ab9_01-18-week1-PASSING_AND_PASSING,324935241,spirals-bears,16,458889112,506462208
1c2dcf8c-1783-41b0-9cdb-5cb8478a1ab9_01-18-week1-PASSING_AND_PASSING,324931704,spirals-bears,16,458890408,506462208
1c2dcf8c-1783-41b0-9cdb-5cb8478a1ab9_01-18-week1-PASSING_AND_PASSING,324754998,spirals-bears,16,458889896,506462208
1c2dcf8c-1783-41b0-9cdb-5cb8478a1ab9_01-18-week1-PASSING_AND_PASSING,324754979,spirals-bears,16,458889624,506462208
1c2dcf8c-1783-41b0-9cdb-5cb8478a1ab9_01-18-week1-PASSING_AND_PASSING,324329810,spirals-bears,16,458890040,506462208
1c2dcf8c-1783-41b0-9cdb-5cb8478a1ab9_01-18-week1-PASSING_AND_PASSING,324846059,spirals-bears,16,458890080,506462208
1c2dcf8c-1783-41b0-9cdb-5cb8478a1ab9_01-18-week1-PASSING_AND_PASSING,324845036,spirals-bears,16,458889936,506462208
1c2dcf8c-1783-41b0-9cdb-5cb8478a1ab9_01-18-week1-PASSING_AND_PASSING,324603712,spirals-bears,16,458883672,506462208
1c2dcf8c-1783-41b0-9cdb-5cb8478a1ab9_01-18-week1-PASSING_AND_PASSING,324603726,spirals-bears,16,458884472,506462208
1c2dcf8c-1783-41b0-9cdb-5cb8478a1ab9_01-18-week1-PASSING_AND_PASSING,324541900,spirals-bears,16,458884560,506462208
1c2dcf8c-1783-41b0-9cdb-5cb8478a1ab9_01-18-week1-PASSING_AND_PASSING,324541898,spirals-bears,16,458890096,506462208
1c2dcf8c-1783-41b0-9cdb-5cb8478a1ab9_01-18-week1-PASSING_AND_PASSING,324502613,spirals-bears,16,458890040,506462208
1c2dcf8c-1783-41b0-9cdb-5cb8478a1ab9_01-18-week1-PASSING_AND_PASSING,324502560,spirals-bears,16,458890120,506462208
1c2dcf8c-1783-41b0-9cdb-5cb8478a1ab9_01-18-week1-PASSING_AND_PASSING,318260458,spirals-bears,16,458890352,506462208
1c2dcf8c-1783-41b0-9cdb-5cb8478a1ab9_01-18-week1-PASSING_AND_PASSING,323198045,spirals-bears,16,458889920,506462208
1c2dcf8c-1783-41b0-9cdb-5cb8478a1ab9_01-18-week1-PASSING_AND_PASSING,322517875,spirals-bears,16,458890000,506462208
1c2dcf8c-1783-41b0-9cdb-5cb8478a1ab9_01-18-week1-PASSING_AND_PASSING,326056891,spirals-bears,16,458890368,506462208
1c2dcf8c-1783-41b0-9cdb-5cb8478a1ab9_01-18-week1-PASSING_AND_PASSING,324911459,spirals-bears,16,458889720,506462208
1c2dcf8c-1783-41b0-9cdb-5cb8478a1ab9_01-18-week1-PASSING_AND_PASSING,324911006,spirals-bears,16,458883736,506462208
1c2dcf8c-1783-41b0-9cdb-5cb8478a1ab9_01-18-week1-PASSING_AND_PASSING,324906112,spirals-bears,16,458884280,506462208
1c2dcf8c-1783-41b0-9cdb-5cb8478a1ab9_01-18-week1-PASSING_AND_PASSING,324888913,spirals-bears,16,458889000,506462208
1c2dcf8c-1783-41b0-9cdb-5cb8478a1ab9_01-18-week1-PASSING_AND_PASSING,324048974,spirals-bears,16,458889968,506462208
1c2dcf8c-1783-41b0-9cdb-5cb8478a1ab9_01-18-week1-PASSING_AND_PASSING,322845507,spirals-bears,16,458888584,506462208
1c2dcf8c-1783-41b0-9cdb-5cb8478a1ab9_01-18-week1-PASSING_AND_PASSING,324048405,spirals-bears,16,458884280,506462208
1c2dcf8c-1783-41b0-9cdb-5cb8478a1ab9_01-18-week1-PASSING_AND_PASSING,322136371,spirals-bears,16,458896288,506462208
1c2dcf8c-1783-41b0-9cdb-5cb8478a1ab9_01-18-week1-PASSING_AND_PASSING,321360163,spirals-bears,16,458883800,506462208
1c2dcf8c-1783-41b0-9cdb-5cb8478a1ab9_01-18-week1-PASSING_AND_PASSING,324714646,spirals-bears,16,458883880,506462208
1c2dcf8c-1783-41b0-9cdb-5cb8478a1ab9_01-18-week1-PASSING_AND_PASSING,324715428,spirals-bears,16,458890072,506462208
1c2dcf8c-1783-41b0-9cdb-5cb8478a1ab9_01-18-week1-PASSING_AND_PASSING,324707935,spirals-bears,16,458884024,506462208
1c2dcf8c-1783-41b0-9cdb-5cb8478a1ab9_01-18-week1-PASSING_AND_PASSING,324649735,spirals-bears,16,458890080,506462208
1c2dcf8c-1783-41b0-9cdb-5cb8478a1ab9_01-18-week1-PASSING_AND_PASSING,324406088,spirals-bears,16,458890376,506462208
1c2dcf8c-1783-41b0-9cdb-5cb8478a1ab9_01-18-week1-PASSING_AND_PASSING,317062484,spirals-bears,16,458883872,506462208
1c2dcf8c-1783-41b0-9cdb-5cb8478a1ab9_01-18-week1-PASSING_AND_PASSING,319319393,spirals-bears,16,458890000,506462208
1c2dcf8c-1783-41b0-9cdb-5cb8478a1ab9_01-18-week1-PASSING_AND_PASSING,319315023,spirals-bears,16,458889840,506462208
1c2dcf8c-1783-41b0-9cdb-5cb8478a1ab9_01-18-week1-PASSING_AND_PASSING,324424874,spirals-bears,16,458890024,506462208
1c2dcf8c-1783-41b0-9cdb-5cb8478a1ab9_01-18-week1-PASSING_AND_PASSING,325576871,spirals-bears,16,458889976,506462208
1c2dcf8c-1783-41b0-9cdb-5cb8478a1ab9_01-18-week1-PASSING_AND_PASSING,325512995,spirals-bears,16,458892184,506462208
1c2dcf8c-1783-41b0-9cdb-5cb8478a1ab9_01-18-week1-PASSING_AND_PASSING,324664367,spirals-bears,16,458884488,506462208
1c2dcf8c-1783-41b0-9cdb-5cb8478a1ab9_01-18-week1-PASSING_AND_PASSING,325462460,spirals-bears,16,458883816,506462208
1c2dcf8c-1783-41b0-9cdb-5cb8478a1ab9_01-18-week1-PASSING_AND_PASSING,325229788,spirals-bears,16,458883968,506462208
1c2dcf8c-1783-41b0-9cdb-5cb8478a1ab9_01-18-week1-PASSING_AND_PASSING,325228789,spirals-bears,16,458889768,506462208
1c2dcf8c-1783-41b0-9cdb-5cb8478a1ab9_01-18-week1-PASSING_AND_PASSING,325032009,spirals-bears,16,458884096,506462208
1c2dcf8c-1783-41b0-9cdb-5cb8478a1ab9_01-18-week1-PASSING_AND_PASSING,324727805,spirals-bears,16,458890152,506462208
1c2dcf8c-1783-41b0-9cdb-5cb8478a1ab9_01-18-week1-PASSING_AND_PASSING,317503857,spirals-bears,16,458884216,506462208
1c2dcf8c-1783-41b0-9cdb-5cb8478a1ab9_01-18-week1-PASSING_AND_PASSING,213340160,spirals-bears,16,458890376,506462208
1c2dcf8c-1783-41b0-9cdb-5cb8478a1ab9_01-18-week1-PASSING_AND_PASSING,323394270,spirals-bears,16,458890096,506462208
1c2dcf8c-1783-41b0-9cdb-5cb8478a1ab9_01-18-week1-PASSING_AND_PASSING,325544460,spirals-bears,16,458884200,506462208
1c2dcf8c-1783-41b0-9cdb-5cb8478a1ab9_01-18-week1-PASSING_AND_PASSING,325528488,spirals-bears,16,458884672,506462208
1c2dcf8c-1783-41b0-9cdb-5cb8478a1ab9_01-18-week1-PASSING_AND_PASSING,325471627,spirals-bears,16,458883696,506462208
1c2dcf8c-1783-41b0-9cdb-5cb8478a1ab9_01-18-week1-PASSING_AND_PASSING,325456454,spirals-bears,16,458889832,506462208
1c2dcf8c-1783-41b0-9cdb-5cb8478a1ab9_01-18-week1-PASSING_AND_PASSING,325112966,spirals-bears,16,458888192,506462208
1c2dcf8c-1783-41b0-9cdb-5cb8478a1ab9_01-18-week1-PASSING_AND_PASSING,325400484,spirals-bears,16,458890152,506462208
1c2dcf8c-1783-41b0-9cdb-5cb8478a1ab9_01-18-week1-PASSING_AND_PASSING,324594942,spirals-bears,16,458884264,506462208
1c2dcf8c-1783-41b0-9cdb-5cb8478a1ab9_01-18-week1-PASSING_AND_PASSING,323379913,spirals-bears,16,458886056,506462208
1c2dcf8c-1783-41b0-9cdb-5cb8478a1ab9_01-18-week1-PASSING_AND_PASSING,324563122,spirals-bears,16,458889256,506462208
1c2dcf8c-1783-41b0-9cdb-5cb8478a1ab9_01-18-week1-PASSING_AND_PASSING,324409519,spirals-bears,16,458884560,506462208
1c2dcf8c-1783-41b0-9cdb-5cb8478a1ab9_01-18-week1-PASSING_AND_PASSING,321020642,spirals-bears,16,458884096,506462208
1c2dcf8c-1783-41b0-9cdb-5cb8478a1ab9_01-18-week1-PASSING_AND_PASSING,324211527,spirals-bears,16,458890352,506462208
1c2dcf8c-1783-41b0-9cdb-5cb8478a1ab9_01-18-week1-PASSING_AND_PASSING,319370150,spirals-bears,16,458884088,506462208
1c2dcf8c-1783-41b0-9cdb-5cb8478a1ab9_01-18-week1-PASSING_AND_PASSING,320670242,spirals-bears,16,458890296,506462208
1c2dcf8c-1783-41b0-9cdb-5cb8478a1ab9_01-18-week1-PASSING_AND_PASSING,326073383,spirals-bears,16,458888720,506462208
1c2dcf8c-1783-41b0-9cdb-5cb8478a1ab9_01-18-week1-PASSING_AND_PASSING,297346396,spirals-bears,16,458883968,506462208
1c2dcf8c-1783-41b0-9cdb-5cb8478a1ab9_01-18-week1-PASSING_AND_PASSING,325994538,spirals-bears,16,458884504,506462208
1c2dcf8c-1783-41b0-9cdb-5cb8478a1ab9_01-18-week1-PASSING_AND_PASSING,325952284,spirals-bears,16,458883904,506462208
1c2dcf8c-1783-41b0-9cdb-5cb8478a1ab9_01-18-week1-PASSING_AND_PASSING,325939006,spirals-bears,16,458890248,506462208
1c2dcf8c-1783-41b0-9cdb-5cb8478a1ab9_01-18-week1-PASSING_AND_PASSING,324676992,spirals-bears,16,458884584,506462208
1c2dcf8c-1783-41b0-9cdb-5cb8478a1ab9_01-18-week1-PASSING_AND_PASSING,320270283,spirals-bears,16,458889968,506462208
1c2dcf8c-1783-41b0-9cdb-5cb8478a1ab9_01-18-week1-PASSING_AND_PASSING,320293221,spirals-bears,16,458880736,506462208
1c2dcf8c-1783-41b0-9cdb-5cb8478a1ab9_01-18-week1-PASSING_AND_PASSING,324714049,spirals-bears,16,458889888,506462208
1c2dcf8c-1783-41b0-9cdb-5cb8478a1ab9_01-18-week1-PASSING_AND_PASSING,318040142,spirals-bears,16,458890432,506462208
1c2dcf8c-1783-41b0-9cdb-5cb8478a1ab9_01-18-week1-PASSING_AND_PASSING,322661318,spirals-bears,16,458889864,506462208
1c2dcf8c-1783-41b0-9cdb-5cb8478a1ab9_01-18-week1-PASSING_AND_PASSING,325854063,spirals-bears,16,458883856,506462208
1c2dcf8c-1783-41b0-9cdb-5cb8478a1ab9_01-18-week1-PASSING_AND_PASSING,325831311,spirals-bears,16,458889936,506462208
1c2dcf8c-1783-41b0-9cdb-5cb8478a1ab9_01-18-week1-PASSING_AND_PASSING,322836554,spirals-bears,16,458889976,506462208
1c2dcf8c-1783-41b0-9cdb-5cb8478a1ab9_01-18-week1-PASSING_AND_PASSING,325785981,spirals-bears,16,458889856,506462208
1c2dcf8c-1783-41b0-9cdb-5cb8478a1ab9_01-18-week1-PASSING_AND_PASSING,325757729,spirals-bears,16,458889896,506462208
1c2dcf8c-1783-41b0-9cdb-5cb8478a1ab9_01-18-week1-PASSING_AND_PASSING,325378251,spirals-bears,16,458884216,506462208
1c2dcf8c-1783-41b0-9cdb-5cb8478a1ab9_01-18-week1-PASSING_AND_PASSING,325279579,spirals-bears,16,458890208,506462208
1c2dcf8c-1783-41b0-9cdb-5cb8478a1ab9_01-18-week1-PASSING_AND_PASSING,324911462,spirals-bears,16,458890184,506462208
1c2dcf8c-1783-41b0-9cdb-5cb8478a1ab9_01-18-week1-PASSING_AND_PASSING,324466442,spirals-bears,16,458896136,506462208
1c2dcf8c-1783-41b0-9cdb-5cb8478a1ab9_01-18-week1-PASSING_AND_PASSING,324867230,spirals-bears,16,458889736,506462208
1c2dcf8c-1783-41b0-9cdb-5cb8478a1ab9_01-18-week1-PASSING_AND_PASSING,324533869,spirals-bears,16,458888824,506462208
1c2dcf8c-1783-41b0-9cdb-5cb8478a1ab9_01-18-week1-PASSING_AND_PASSING,324476973,spirals-bears,16,458884368,506462208
1c2dcf8c-1783-41b0-9cdb-5cb8478a1ab9_01-18-week1-PASSING_AND_PASSING,324194254,spirals-bears,16,458884168,506462208
1c2dcf8c-1783-41b0-9cdb-5cb8478a1ab9_01-18-week1-PASSING_AND_PASSING,324123617,spirals-bears,16,458890040,506462208
1c2dcf8c-1783-41b0-9cdb-5cb8478a1ab9_01-18-week1-PASSING_AND_PASSING,324114462,spirals-bears,16,458889952,506462208
1c2dcf8c-1783-41b0-9cdb-5cb8478a1ab9_01-18-week1-PASSING_AND_PASSING,324130944,spirals-bears,16,458888896,506462208
1c2dcf8c-1783-41b0-9cdb-5cb8478a1ab9_01-18-week1-PASSING_AND_PASSING,324123383,spirals-bears,16,458883616,506462208
1c2dcf8c-1783-41b0-9cdb-5cb8478a1ab9_01-18-week1-PASSING_AND_PASSING,324081392,spirals-bears,16,458890152,506462208
1c2dcf8c-1783-41b0-9cdb-5cb8478a1ab9_01-18-week1-PASSING_AND_PASSING,324034918,spirals-bears,16,458883928,506462208
1c2dcf8c-1783-41b0-9cdb-5cb8478a1ab9_01-18-week1-PASSING_AND_PASSING,324053013,spirals-bears,16,458896232,506462208
1c2dcf8c-1783-41b0-9cdb-5cb8478a1ab9_01-18-week1-PASSING_AND_PASSING,324048692,spirals-bears,16,458883896,506462208
1c2dcf8c-1783-41b0-9cdb-5cb8478a1ab9_01-18-week1-PASSING_AND_PASSING,323995597,spirals-bears,16,458889912,506462208
1c2dcf8c-1783-41b0-9cdb-5cb8478a1ab9_01-18-week1-PASSING_AND_PASSING,325108794,spirals-bears,16,458884144,506462208
1c2dcf8c-1783-41b0-9cdb-5cb8478a1ab9_01-18-week1-PASSING_AND_PASSING,323995546,spirals-bears,16,458889976,506462208
1c2dcf8c-1783-41b0-9cdb-5cb8478a1ab9_01-18-week1-PASSING_AND_PASSING,325108842,spirals-bears,16,458883640,506462208
1c2dcf8c-1783-41b0-9cdb-5cb8478a1ab9_01-18-week1-PASSING_AND_PASSING,325165971,spirals-bears,16,458884128,506462208
1c2dcf8c-1783-41b0-9cdb-5cb8478a1ab9_01-18-week1-PASSING_AND_PASSING,324241348,spirals-bears,16,458888184,506462208
1c2dcf8c-1783-41b0-9cdb-5cb8478a1ab9_01-18-week1-PASSING_AND_PASSING,325163352,spirals-bears,16,458896240,506462208
1c2dcf8c-1783-41b0-9cdb-5cb8478a1ab9_01-18-week1-PASSING_AND_PASSING,324218868,spirals-bears,16,458884176,506462208
1c2dcf8c-1783-41b0-9cdb-5cb8478a1ab9_01-18-week1-PASSING_AND_PASSING,309118904,spirals-bears,16,458896600,506462208
1c2dcf8c-1783-41b0-9cdb-5cb8478a1ab9_01-18-week1-PASSING_AND_PASSING,324240936,spirals-bears,16,458889816,506462208
1c2dcf8c-1783-41b0-9cdb-5cb8478a1ab9_01-18-week1-PASSING_AND_PASSING,322092255,spirals-bears,16,458890232,506462208
1c2dcf8c-1783-41b0-9cdb-5cb8478a1ab9_01-18-week1-PASSING_AND_PASSING,321220523,spirals-bears,16,458883816,506462208
1c2dcf8c-1783-41b0-9cdb-5cb8478a1ab9_01-18-week1-PASSING_AND_PASSING,324188769,spirals-bears,16,458890136,506462208
1c2dcf8c-1783-41b0-9cdb-5cb8478a1ab9_01-18-week1-PASSING_AND_PASSING,324068668,spirals-bears,16,458884080,506462208
1c2dcf8c-1783-41b0-9cdb-5cb8478a1ab9_01-18-week1-PASSING_AND_PASSING,323204319,spirals-bears,16,458888216,506462208
1c2dcf8c-1783-41b0-9cdb-5cb8478a1ab9_01-18-week1-PASSING_AND_PASSING,325312231,spirals-bears,16,458889896,506462208
1c2dcf8c-1783-41b0-9cdb-5cb8478a1ab9_01-18-week1-PASSING_AND_PASSING,325282869,spirals-bears,16,458889936,506462208
1c2dcf8c-1783-41b0-9cdb-5cb8478a1ab9_01-18-week1-PASSING_AND_PASSING,324047191,spirals-bears,16,458884152,506462208
1c2dcf8c-1783-41b0-9cdb-5cb8478a1ab9_01-18-week1-PASSING_AND_PASSING,324066628,spirals-bears,16,458890120,506462208
1c2dcf8c-1783-41b0-9cdb-5cb8478a1ab9_01-18-week1-PASSING_AND_PASSING,324040188,spirals-bears,16,458884128,506462208
1c2dcf8c-1783-41b0-9cdb-5cb8478a1ab9_01-18-week1-PASSING_AND_PASSING,324021438,spirals-bears,16,458884248,506462208
1c2dcf8c-1783-41b0-9cdb-5cb8478a1ab9_01-18-week1-PASSING_AND_PASSING,324087285,spirals-bears,16,458891984,506462208
1c2dcf8c-1783-41b0-9cdb-5cb8478a1ab9_01-18-week1-PASSING_AND_PASSING,324069675,spirals-bears,16,458896168,506462208
1c2dcf8c-1783-41b0-9cdb-5cb8478a1ab9_01-18-week1-PASSING_AND_PASSING,322543877,spirals-bears,16,458884152,506462208
1c2dcf8c-1783-41b0-9cdb-5cb8478a1ab9_01-18-week1-PASSING_AND_PASSING,322199285,spirals-bears,16,458884520,506462208
1c2dcf8c-1783-41b0-9cdb-5cb8478a1ab9_01-18-week1-PASSING_AND_PASSING,325147074,spirals-bears,16,458890152,506462208
1c2dcf8c-1783-41b0-9cdb-5cb8478a1ab9_01-18-week1-PASSING_AND_PASSING,320472185,spirals-bears,16,458890104,506462208
1c2dcf8c-1783-41b0-9cdb-5cb8478a1ab9_01-18-week1-PASSING_AND_PASSING,325073301,spirals-bears,16,458889576,506462208
1c2dcf8c-1783-41b0-9cdb-5cb8478a1ab9_01-18-week1-PASSING_AND_PASSING,324842206,spirals-bears,16,458884656,506462208
1c2dcf8c-1783-41b0-9cdb-5cb8478a1ab9_01-18-week1-PASSING_AND_PASSING,324630052,spirals-bears,16,458884280,506462208
1c2dcf8c-1783-41b0-9cdb-5cb8478a1ab9_01-18-week1-PASSING_AND_PASSING,323253647,spirals-bears,16,458890288,506462208
1c2dcf8c-1783-41b0-9cdb-5cb8478a1ab9_01-18-week1-PASSING_AND_PASSING,324576979,spirals-bears,16,458889808,506462208
1c2dcf8c-1783-41b0-9cdb-5cb8478a1ab9_01-18-week1-PASSING_AND_PASSING,324558013,spirals-bears,16,458884368,506462208
1c2dcf8c-1783-41b0-9cdb-5cb8478a1ab9_01-18-week1-PASSING_AND_PASSING,324552908,spirals-bears,16,458896192,506462208
1c2dcf8c-1783-41b0-9cdb-5cb8478a1ab9_01-18-week1-PASSING_AND_PASSING,324551883,spirals-bears,16,458889824,506462208
1c2dcf8c-1783-41b0-9cdb-5cb8478a1ab9_01-18-week1-PASSING_AND_PASSING,323950165,spirals-bears,16,458888960,506462208
1c2dcf8c-1783-41b0-9cdb-5cb8478a1ab9_01-18-week1-PASSING_AND_PASSING,188639297,spirals-bears,16,458883768,506462208
1c2dcf8c-1783-41b0-9cdb-5cb8478a1ab9_01-18-week1-PASSING_AND_PASSING,322728011,spirals-bears,16,458883744,506462208
