1c2dcf8c-1783-41b0-9cdb-5cb8478a1ab9_01-18-week1-PASSING_AND_PASSING,324728475,N/A,17/08/18 13:58,17/08/2018,spirals-bears,DETECTED
1c2dcf8c-1783-41b0-9cdb-5cb8478a1ab9_01-18-week1-PASSING_AND_PASSING,325439701,N/A,17/08/18 13:58,17/08/2018,spirals-bears,DETECTED
1c2dcf8c-1783-41b0-9cdb-5cb8478a1ab9_01-18-week1-PASSING_AND_PASSING,312909676,N/A,17/08/18 13:58,17/08/2018,spirals-bears,DETECTED
1c2dcf8c-1783-41b0-9cdb-5cb8478a1ab9_01-18-week1-PASSING_AND_PASSING,324152047,N/A,17/08/18 13:58,17/08/2018,spirals-bears,DETECTED
1c2dcf8c-1783-41b0-9cdb-5cb8478a1ab9_01-18-week1-PASSING_AND_PASSING,322619787,N/A,17/08/18 13:58,17/08/2018,spirals-bears,DETECTED
1c2dcf8c-1783-41b0-9cdb-5cb8478a1ab9_01-18-week1-PASSING_AND_PASSING,317431843,N/A,17/08/18 13:58,17/08/2018,spirals-bears,DETECTED
1c2dcf8c-1783-41b0-9cdb-5cb8478a1ab9_01-18-week1-PASSING_AND_PASSING,322586296,N/A,17/08/18 13:58,17/08/2018,spirals-bears,DETECTED
1c2dcf8c-1783-41b0-9cdb-5cb8478a1ab9_01-18-week1-PASSING_AND_PASSING,317938017,N/A,17/08/18 13:58,17/08/2018,spirals-bears,DETECTED
1c2dcf8c-1783-41b0-9cdb-5cb8478a1ab9_01-18-week1-PASSING_AND_PASSING,320341096,N/A,17/08/18 13:58,17/08/2018,spirals-bears,DETECTED
1c2dcf8c-1783-41b0-9cdb-5cb8478a1ab9_01-18-week1-PASSING_AND_PASSING,319241785,N/A,17/08/18 13:58,17/08/2018,spirals-bears,DETECTED
1c2dcf8c-1783-41b0-9cdb-5cb8478a1ab9_01-18-week1-PASSING_AND_PASSING,318013793,N/A,17/08/18 13:58,17/08/2018,spirals-bears,DETECTED
1c2dcf8c-1783-41b0-9cdb-5cb8478a1ab9_01-18-week1-PASSING_AND_PASSING,318079574,N/A,17/08/18 13:58,17/08/2018,spirals-bears,DETECTED
1c2dcf8c-1783-41b0-9cdb-5cb8478a1ab9_01-18-week1-PASSING_AND_PASSING,313801862,N/A,17/08/18 13:58,17/08/2018,spirals-bears,DETECTED
1c2dcf8c-1783-41b0-9cdb-5cb8478a1ab9_01-18-week1-PASSING_AND_PASSING,325211307,N/A,17/08/18 13:58,17/08/2018,spirals-bears,DETECTED
1c2dcf8c-1783-41b0-9cdb-5cb8478a1ab9_01-18-week1-PASSING_AND_PASSING,325408687,N/A,17/08/18 13:58,17/08/2018,spirals-bears,DETECTED
1c2dcf8c-1783-41b0-9cdb-5cb8478a1ab9_01-18-week1-PASSING_AND_PASSING,325185317,N/A,17/08/18 13:58,17/08/2018,spirals-bears,DETECTED
1c2dcf8c-1783-41b0-9cdb-5cb8478a1ab9_01-18-week1-PASSING_AND_PASSING,325368310,N/A,17/08/18 13:58,17/08/2018,spirals-bears,DETECTED
1c2dcf8c-1783-41b0-9cdb-5cb8478a1ab9_01-18-week1-PASSING_AND_PASSING,325185222,N/A,17/08/18 13:58,17/08/2018,spirals-bears,DETECTED
1c2dcf8c-1783-41b0-9cdb-5cb8478a1ab9_01-18-week1-PASSING_AND_PASSING,325089237,N/A,17/08/18 13:58,17/08/2018,spirals-bears,DETECTED
1c2dcf8c-1783-41b0-9cdb-5cb8478a1ab9_01-18-week1-PASSING_AND_PASSING,324294155,N/A,17/08/18 13:58,17/08/2018,spirals-bears,DETECTED
1c2dcf8c-1783-41b0-9cdb-5cb8478a1ab9_01-18-week1-PASSING_AND_PASSING,325026827,N/A,17/08/18 13:58,17/08/2018,spirals-bears,DETECTED
1c2dcf8c-1783-41b0-9cdb-5cb8478a1ab9_01-18-week1-PASSING_AND_PASSING,324430352,N/A,17/08/18 13:58,17/08/2018,spirals-bears,DETECTED
1c2dcf8c-1783-41b0-9cdb-5cb8478a1ab9_01-18-week1-PASSING_AND_PASSING,325025955,N/A,17/08/18 13:58,17/08/2018,spirals-bears,DETECTED
1c2dcf8c-1783-41b0-9cdb-5cb8478a1ab9_01-18-week1-PASSING_AND_PASSING,324174051,N/A,17/08/18 13:58,17/08/2018,spirals-bears,DETECTED
1c2dcf8c-1783-41b0-9cdb-5cb8478a1ab9_01-18-week1-PASSING_AND_PASSING,324148571,N/A,17/08/18 13:58,17/08/2018,spirals-bears,DETECTED
1c2dcf8c-1783-41b0-9cdb-5cb8478a1ab9_01-18-week1-PASSING_AND_PASSING,324741626,N/A,17/08/18 13:58,17/08/2018,spirals-bears,DETECTED
1c2dcf8c-1783-41b0-9cdb-5cb8478a1ab9_01-18-week1-PASSING_AND_PASSING,320394844,N/A,17/08/18 13:58,17/08/2018,spirals-bears,DETECTED
1c2dcf8c-1783-41b0-9cdb-5cb8478a1ab9_01-18-week1-PASSING_AND_PASSING,324225083,N/A,17/08/18 13:58,17/08/2018,spirals-bears,DETECTED
1c2dcf8c-1783-41b0-9cdb-5cb8478a1ab9_01-18-week1-PASSING_AND_PASSING,323929828,N/A,17/08/18 13:58,17/08/2018,spirals-bears,DETECTED
1c2dcf8c-1783-41b0-9cdb-5cb8478a1ab9_01-18-week1-PASSING_AND_PASSING,323674489,N/A,17/08/18 13:58,17/08/2018,spirals-bears,DETECTED
1c2dcf8c-1783-41b0-9cdb-5cb8478a1ab9_01-18-week1-PASSING_AND_PASSING,325249032,N/A,17/08/18 13:58,17/08/2018,spirals-bears,DETECTED
1c2dcf8c-1783-41b0-9cdb-5cb8478a1ab9_01-18-week1-PASSING_AND_PASSING,324350797,N/A,17/08/18 13:58,17/08/2018,spirals-bears,DETECTED
1c2dcf8c-1783-41b0-9cdb-5cb8478a1ab9_01-18-week1-PASSING_AND_PASSING,324525248,N/A,17/08/18 13:58,17/08/2018,spirals-bears,DETECTED
1c2dcf8c-1783-41b0-9cdb-5cb8478a1ab9_01-18-week1-PASSING_AND_PASSING,324414735,N/A,17/08/18 13:58,17/08/2018,spirals-bears,DETECTED
1c2dcf8c-1783-41b0-9cdb-5cb8478a1ab9_01-18-week1-PASSING_AND_PASSING,325767541,N/A,17/08/18 13:58,17/08/2018,spirals-bears,DETECTED
1c2dcf8c-1783-41b0-9cdb-5cb8478a1ab9_01-18-week1-PASSING_AND_PASSING,324971662,N/A,17/08/18 13:58,17/08/2018,spirals-bears,DETECTED
1c2dcf8c-1783-41b0-9cdb-5cb8478a1ab9_01-18-week1-PASSING_AND_PASSING,325806424,N/A,17/08/18 13:58,17/08/2018,spirals-bears,DETECTED
1c2dcf8c-1783-41b0-9cdb-5cb8478a1ab9_01-18-week1-PASSING_AND_PASSING,325707273,N/A,17/08/18 13:58,17/08/2018,spirals-bears,DETECTED
1c2dcf8c-1783-41b0-9cdb-5cb8478a1ab9_01-18-week1-PASSING_AND_PASSING,325703367,N/A,17/08/18 13:58,17/08/2018,spirals-bears,DETECTED
1c2dcf8c-1783-41b0-9cdb-5cb8478a1ab9_01-18-week1-PASSING_AND_PASSING,325430740,N/A,17/08/18 13:58,17/08/2018,spirals-bears,DETECTED
1c2dcf8c-1783-41b0-9cdb-5cb8478a1ab9_01-18-week1-PASSING_AND_PASSING,324085059,N/A,17/08/18 13:58,17/08/2018,spirals-bears,DETECTED
1c2dcf8c-1783-41b0-9cdb-5cb8478a1ab9_01-18-week1-PASSING_AND_PASSING,325018846,N/A,17/08/18 13:58,17/08/2018,spirals-bears,DETECTED
1c2dcf8c-1783-41b0-9cdb-5cb8478a1ab9_01-18-week1-PASSING_AND_PASSING,324645386,N/A,17/08/18 13:58,17/08/2018,spirals-bears,DETECTED
1c2dcf8c-1783-41b0-9cdb-5cb8478a1ab9_01-18-week1-PASSING_AND_PASSING,324083137,N/A,17/08/18 13:58,17/08/2018,spirals-bears,DETECTED
1c2dcf8c-1783-41b0-9cdb-5cb8478a1ab9_01-18-week1-PASSING_AND_PASSING,323977418,N/A,17/08/18 13:58,17/08/2018,spirals-bears,DETECTED
1c2dcf8c-1783-41b0-9cdb-5cb8478a1ab9_01-18-week1-PASSING_AND_PASSING,322959806,N/A,17/08/18 13:58,17/08/2018,spirals-bears,DETECTED
1c2dcf8c-1783-41b0-9cdb-5cb8478a1ab9_01-18-week1-PASSING_AND_PASSING,322596091,N/A,17/08/18 13:58,17/08/2018,spirals-bears,DETECTED
1c2dcf8c-1783-41b0-9cdb-5cb8478a1ab9_01-18-week1-PASSING_AND_PASSING,323523488,N/A,17/08/18 13:58,17/08/2018,spirals-bears,DETECTED
1c2dcf8c-1783-41b0-9cdb-5cb8478a1ab9_01-18-week1-PASSING_AND_PASSING,322832097,N/A,17/08/18 13:58,17/08/2018,spirals-bears,DETECTED
1c2dcf8c-1783-41b0-9cdb-5cb8478a1ab9_01-18-week1-PASSING_AND_PASSING,325522012,N/A,17/08/18 13:58,17/08/2018,spirals-bears,DETECTED
1c2dcf8c-1783-41b0-9cdb-5cb8478a1ab9_01-18-week1-PASSING_AND_PASSING,325505806,N/A,17/08/18 13:58,17/08/2018,spirals-bears,DETECTED
1c2dcf8c-1783-41b0-9cdb-5cb8478a1ab9_01-18-week1-PASSING_AND_PASSING,325553468,N/A,17/08/18 13:58,17/08/2018,spirals-bears,DETECTED
1c2dcf8c-1783-41b0-9cdb-5cb8478a1ab9_01-18-week1-PASSING_AND_PASSING,325490842,N/A,17/08/18 13:58,17/08/2018,spirals-bears,DETECTED
1c2dcf8c-1783-41b0-9cdb-5cb8478a1ab9_01-18-week1-PASSING_AND_PASSING,325473366,N/A,17/08/18 13:58,17/08/2018,spirals-bears,DETECTED
1c2dcf8c-1783-41b0-9cdb-5cb8478a1ab9_01-18-week1-PASSING_AND_PASSING,325141031,N/A,17/08/18 13:58,17/08/2018,spirals-bears,DETECTED
1c2dcf8c-1783-41b0-9cdb-5cb8478a1ab9_01-18-week1-PASSING_AND_PASSING,324869129,N/A,17/08/18 13:58,17/08/2018,spirals-bears,DETECTED
1c2dcf8c-1783-41b0-9cdb-5cb8478a1ab9_01-18-week1-PASSING_AND_PASSING,314830554,N/A,17/08/18 13:58,17/08/2018,spirals-bears,DETECTED
1c2dcf8c-1783-41b0-9cdb-5cb8478a1ab9_01-18-week1-PASSING_AND_PASSING,325043145,N/A,17/08/18 13:58,17/08/2018,spirals-bears,DETECTED
1c2dcf8c-1783-41b0-9cdb-5cb8478a1ab9_01-18-week1-PASSING_AND_PASSING,324651526,N/A,17/08/18 13:58,17/08/2018,spirals-bears,DETECTED
1c2dcf8c-1783-41b0-9cdb-5cb8478a1ab9_01-18-week1-PASSING_AND_PASSING,324803426,N/A,17/08/18 13:58,17/08/2018,spirals-bears,DETECTED
1c2dcf8c-1783-41b0-9cdb-5cb8478a1ab9_01-18-week1-PASSING_AND_PASSING,324634327,N/A,17/08/18 13:58,17/08/2018,spirals-bears,DETECTED
1c2dcf8c-1783-41b0-9cdb-5cb8478a1ab9_01-18-week1-PASSING_AND_PASSING,324647626,N/A,17/08/18 13:58,17/08/2018,spirals-bears,DETECTED
1c2dcf8c-1783-41b0-9cdb-5cb8478a1ab9_01-18-week1-PASSING_AND_PASSING,324638337,N/A,17/08/18 13:58,17/08/2018,spirals-bears,DETECTED
1c2dcf8c-1783-41b0-9cdb-5cb8478a1ab9_01-18-week1-PASSING_AND_PASSING,324445126,N/A,17/08/18 13:58,17/08/2018,spirals-bears,DETECTED
1c2dcf8c-1783-41b0-9cdb-5cb8478a1ab9_01-18-week1-PASSING_AND_PASSING,324231630,N/A,17/08/18 13:58,17/08/2018,spirals-bears,DETECTED
1c2dcf8c-1783-41b0-9cdb-5cb8478a1ab9_01-18-week1-PASSING_AND_PASSING,324417246,N/A,17/08/18 13:58,17/08/2018,spirals-bears,DETECTED
1c2dcf8c-1783-41b0-9cdb-5cb8478a1ab9_01-18-week1-PASSING_AND_PASSING,324158907,N/A,17/08/18 13:58,17/08/2018,spirals-bears,DETECTED
1c2dcf8c-1783-41b0-9cdb-5cb8478a1ab9_01-18-week1-PASSING_AND_PASSING,324250765,N/A,17/08/18 13:58,17/08/2018,spirals-bears,DETECTED
1c2dcf8c-1783-41b0-9cdb-5cb8478a1ab9_01-18-week1-PASSING_AND_PASSING,319887051,N/A,17/08/18 13:58,17/08/2018,spirals-bears,DETECTED
1c2dcf8c-1783-41b0-9cdb-5cb8478a1ab9_01-18-week1-PASSING_AND_PASSING,324237923,N/A,17/08/18 13:58,17/08/2018,spirals-bears,DETECTED
1c2dcf8c-1783-41b0-9cdb-5cb8478a1ab9_01-18-week1-PASSING_AND_PASSING,324168763,N/A,17/08/18 13:58,17/08/2018,spirals-bears,DETECTED
1c2dcf8c-1783-41b0-9cdb-5cb8478a1ab9_01-18-week1-PASSING_AND_PASSING,325572977,N/A,17/08/18 13:58,17/08/2018,spirals-bears,DETECTED
1c2dcf8c-1783-41b0-9cdb-5cb8478a1ab9_01-18-week1-PASSING_AND_PASSING,324711014,N/A,17/08/18 13:58,17/08/2018,spirals-bears,DETECTED
1c2dcf8c-1783-41b0-9cdb-5cb8478a1ab9_01-18-week1-PASSING_AND_PASSING,325213747,N/A,17/08/18 13:58,17/08/2018,spirals-bears,DETECTED
1c2dcf8c-1783-41b0-9cdb-5cb8478a1ab9_01-18-week1-PASSING_AND_PASSING,325213560,N/A,17/08/18 13:58,17/08/2018,spirals-bears,DETECTED
1c2dcf8c-1783-41b0-9cdb-5cb8478a1ab9_01-18-week1-PASSING_AND_PASSING,325000994,N/A,17/08/18 13:58,17/08/2018,spirals-bears,DETECTED
1c2dcf8c-1783-41b0-9cdb-5cb8478a1ab9_01-18-week1-PASSING_AND_PASSING,324691049,N/A,17/08/18 13:58,17/08/2018,spirals-bears,DETECTED
1c2dcf8c-1783-41b0-9cdb-5cb8478a1ab9_01-18-week1-PASSING_AND_PASSING,323960549,N/A,17/08/18 13:58,17/08/2018,spirals-bears,DETECTED
1c2dcf8c-1783-41b0-9cdb-5cb8478a1ab9_01-18-week1-PASSING_AND_PASSING,323764674,N/A,17/08/18 13:58,17/08/2018,spirals-bears,DETECTED
1c2dcf8c-1783-41b0-9cdb-5cb8478a1ab9_01-18-week1-PASSING_AND_PASSING,323835270,N/A,17/08/18 13:58,17/08/2018,spirals-bears,DETECTED
1c2dcf8c-1783-41b0-9cdb-5cb8478a1ab9_01-18-week1-PASSING_AND_PASSING,324508124,N/A,17/08/18 13:58,17/08/2018,spirals-bears,DETECTED
1c2dcf8c-1783-41b0-9cdb-5cb8478a1ab9_01-18-week1-PASSING_AND_PASSING,319089971,N/A,17/08/18 13:58,17/08/2018,spirals-bears,DETECTED
1c2dcf8c-1783-41b0-9cdb-5cb8478a1ab9_01-18-week1-PASSING_AND_PASSING,323877804,N/A,17/08/18 13:58,17/08/2018,spirals-bears,DETECTED
1c2dcf8c-1783-41b0-9cdb-5cb8478a1ab9_01-18-week1-PASSING_AND_PASSING,323824749,N/A,17/08/18 13:58,17/08/2018,spirals-bears,DETECTED
1c2dcf8c-1783-41b0-9cdb-5cb8478a1ab9_01-18-week1-PASSING_AND_PASSING,323775769,N/A,17/08/18 13:58,17/08/2018,spirals-bears,DETECTED
1c2dcf8c-1783-41b0-9cdb-5cb8478a1ab9_01-18-week1-PASSING_AND_PASSING,323812777,N/A,17/08/18 13:58,17/08/2018,spirals-bears,DETECTED
1c2dcf8c-1783-41b0-9cdb-5cb8478a1ab9_01-18-week1-PASSING_AND_PASSING,323824126,N/A,17/08/18 13:58,17/08/2018,spirals-bears,DETECTED
1c2dcf8c-1783-41b0-9cdb-5cb8478a1ab9_01-18-week1-PASSING_AND_PASSING,323783675,N/A,17/08/18 13:58,17/08/2018,spirals-bears,DETECTED
1c2dcf8c-1783-41b0-9cdb-5cb8478a1ab9_01-18-week1-PASSING_AND_PASSING,323797043,N/A,17/08/18 13:58,17/08/2018,spirals-bears,DETECTED
1c2dcf8c-1783-41b0-9cdb-5cb8478a1ab9_01-18-week1-PASSING_AND_PASSING,323801837,N/A,17/08/18 13:58,17/08/2018,spirals-bears,DETECTED
1c2dcf8c-1783-41b0-9cdb-5cb8478a1ab9_01-18-week1-PASSING_AND_PASSING,323799952,N/A,17/08/18 13:58,17/08/2018,spirals-bears,DETECTED
1c2dcf8c-1783-41b0-9cdb-5cb8478a1ab9_01-18-week1-PASSING_AND_PASSING,323772844,N/A,17/08/18 13:58,17/08/2018,spirals-bears,DETECTED
1c2dcf8c-1783-41b0-9cdb-5cb8478a1ab9_01-18-week1-PASSING_AND_PASSING,324319257,N/A,17/08/18 13:58,17/08/2018,spirals-bears,DETECTED
1c2dcf8c-1783-41b0-9cdb-5cb8478a1ab9_01-18-week1-PASSING_AND_PASSING,323700635,N/A,17/08/18 13:58,17/08/2018,spirals-bears,DETECTED
1c2dcf8c-1783-41b0-9cdb-5cb8478a1ab9_01-18-week1-PASSING_AND_PASSING,320324774,N/A,17/08/18 13:58,17/08/2018,spirals-bears,DETECTED
1c2dcf8c-1783-41b0-9cdb-5cb8478a1ab9_01-18-week1-PASSING_AND_PASSING,324098340,N/A,17/08/18 13:58,17/08/2018,spirals-bears,DETECTED
1c2dcf8c-1783-41b0-9cdb-5cb8478a1ab9_01-18-week1-PASSING_AND_PASSING,324940989,N/A,17/08/18 13:58,17/08/2018,spirals-bears,DETECTED
1c2dcf8c-1783-41b0-9cdb-5cb8478a1ab9_01-18-week1-PASSING_AND_PASSING,324942418,N/A,17/08/18 13:58,17/08/2018,spirals-bears,DETECTED
1c2dcf8c-1783-41b0-9cdb-5cb8478a1ab9_01-18-week1-PASSING_AND_PASSING,324031199,N/A,17/08/18 13:58,17/08/2018,spirals-bears,DETECTED
1c2dcf8c-1783-41b0-9cdb-5cb8478a1ab9_01-18-week1-PASSING_AND_PASSING,324864618,N/A,17/08/18 13:58,17/08/2018,spirals-bears,DETECTED
1c2dcf8c-1783-41b0-9cdb-5cb8478a1ab9_01-18-week1-PASSING_AND_PASSING,324940006,N/A,17/08/18 13:58,17/08/2018,spirals-bears,DETECTED
1c2dcf8c-1783-41b0-9cdb-5cb8478a1ab9_01-18-week1-PASSING_AND_PASSING,324873069,N/A,17/08/18 13:58,17/08/2018,spirals-bears,DETECTED
1c2dcf8c-1783-41b0-9cdb-5cb8478a1ab9_01-18-week1-PASSING_AND_PASSING,324083718,N/A,17/08/18 13:58,17/08/2018,spirals-bears,DETECTED
1c2dcf8c-1783-41b0-9cdb-5cb8478a1ab9_01-18-week1-PASSING_AND_PASSING,324922805,N/A,17/08/18 13:58,17/08/2018,spirals-bears,DETECTED
1c2dcf8c-1783-41b0-9cdb-5cb8478a1ab9_01-18-week1-PASSING_AND_PASSING,324534322,N/A,17/08/18 13:58,17/08/2018,spirals-bears,DETECTED
1c2dcf8c-1783-41b0-9cdb-5cb8478a1ab9_01-18-week1-PASSING_AND_PASSING,324079805,N/A,17/08/18 13:58,17/08/2018,spirals-bears,DETECTED
1c2dcf8c-1783-41b0-9cdb-5cb8478a1ab9_01-18-week1-PASSING_AND_PASSING,324143809,N/A,17/08/18 13:58,17/08/2018,spirals-bears,DETECTED
1c2dcf8c-1783-41b0-9cdb-5cb8478a1ab9_01-18-week1-PASSING_AND_PASSING,324079577,N/A,17/08/18 13:58,17/08/2018,spirals-bears,DETECTED
1c2dcf8c-1783-41b0-9cdb-5cb8478a1ab9_01-18-week1-PASSING_AND_PASSING,324079054,N/A,17/08/18 13:58,17/08/2018,spirals-bears,DETECTED
1c2dcf8c-1783-41b0-9cdb-5cb8478a1ab9_01-18-week1-PASSING_AND_PASSING,323978020,N/A,17/08/18 13:58,17/08/2018,spirals-bears,DETECTED
1c2dcf8c-1783-41b0-9cdb-5cb8478a1ab9_01-18-week1-PASSING_AND_PASSING,324040949,N/A,17/08/18 13:58,17/08/2018,spirals-bears,DETECTED
1c2dcf8c-1783-41b0-9cdb-5cb8478a1ab9_01-18-week1-PASSING_AND_PASSING,324010692,N/A,17/08/18 13:58,17/08/2018,spirals-bears,DETECTED
1c2dcf8c-1783-41b0-9cdb-5cb8478a1ab9_01-18-week1-PASSING_AND_PASSING,321358599,N/A,17/08/18 13:58,17/08/2018,spirals-bears,DETECTED
1c2dcf8c-1783-41b0-9cdb-5cb8478a1ab9_01-18-week1-PASSING_AND_PASSING,322813629,N/A,17/08/18 13:58,17/08/2018,spirals-bears,DETECTED
1c2dcf8c-1783-41b0-9cdb-5cb8478a1ab9_01-18-week1-PASSING_AND_PASSING,325947791,N/A,17/08/18 13:58,17/08/2018,spirals-bears,DETECTED
1c2dcf8c-1783-41b0-9cdb-5cb8478a1ab9_01-18-week1-PASSING_AND_PASSING,324462287,N/A,17/08/18 13:58,17/08/2018,spirals-bears,DETECTED
1c2dcf8c-1783-41b0-9cdb-5cb8478a1ab9_01-18-week1-PASSING_AND_PASSING,325774163,N/A,17/08/18 13:58,17/08/2018,spirals-bears,DETECTED
1c2dcf8c-1783-41b0-9cdb-5cb8478a1ab9_01-18-week1-PASSING_AND_PASSING,325927842,N/A,17/08/18 13:58,17/08/2018,spirals-bears,DETECTED
1c2dcf8c-1783-41b0-9cdb-5cb8478a1ab9_01-18-week1-PASSING_AND_PASSING,325920879,N/A,17/08/18 13:58,17/08/2018,spirals-bears,DETECTED
1c2dcf8c-1783-41b0-9cdb-5cb8478a1ab9_01-18-week1-PASSING_AND_PASSING,324466880,N/A,17/08/18 13:58,17/08/2018,spirals-bears,DETECTED
1c2dcf8c-1783-41b0-9cdb-5cb8478a1ab9_01-18-week1-PASSING_AND_PASSING,324702086,N/A,17/08/18 13:58,17/08/2018,spirals-bears,DETECTED
1c2dcf8c-1783-41b0-9cdb-5cb8478a1ab9_01-18-week1-PASSING_AND_PASSING,314900009,N/A,17/08/18 13:58,17/08/2018,spirals-bears,DETECTED
1c2dcf8c-1783-41b0-9cdb-5cb8478a1ab9_01-18-week1-PASSING_AND_PASSING,323046288,N/A,17/08/18 13:58,17/08/2018,spirals-bears,DETECTED
1c2dcf8c-1783-41b0-9cdb-5cb8478a1ab9_01-18-week1-PASSING_AND_PASSING,323825797,N/A,17/08/18 13:58,17/08/2018,spirals-bears,DETECTED
1c2dcf8c-1783-41b0-9cdb-5cb8478a1ab9_01-18-week1-PASSING_AND_PASSING,324122858,N/A,17/08/18 13:58,17/08/2018,spirals-bears,DETECTED
1c2dcf8c-1783-41b0-9cdb-5cb8478a1ab9_01-18-week1-PASSING_AND_PASSING,325283718,N/A,17/08/18 13:58,17/08/2018,spirals-bears,DETECTED
1c2dcf8c-1783-41b0-9cdb-5cb8478a1ab9_01-18-week1-PASSING_AND_PASSING,325283766,N/A,17/08/18 13:58,17/08/2018,spirals-bears,DETECTED
1c2dcf8c-1783-41b0-9cdb-5cb8478a1ab9_01-18-week1-PASSING_AND_PASSING,324952609,N/A,17/08/18 13:58,17/08/2018,spirals-bears,DETECTED
1c2dcf8c-1783-41b0-9cdb-5cb8478a1ab9_01-18-week1-PASSING_AND_PASSING,324952622,N/A,17/08/18 13:58,17/08/2018,spirals-bears,DETECTED
1c2dcf8c-1783-41b0-9cdb-5cb8478a1ab9_01-18-week1-PASSING_AND_PASSING,262946185,N/A,17/08/18 13:58,17/08/2018,spirals-bears,DETECTED
1c2dcf8c-1783-41b0-9cdb-5cb8478a1ab9_01-18-week1-PASSING_AND_PASSING,323013371,N/A,17/08/18 13:58,17/08/2018,spirals-bears,DETECTED
1c2dcf8c-1783-41b0-9cdb-5cb8478a1ab9_01-18-week1-PASSING_AND_PASSING,322757929,N/A,17/08/18 13:58,17/08/2018,spirals-bears,DETECTED
1c2dcf8c-1783-41b0-9cdb-5cb8478a1ab9_01-18-week1-PASSING_AND_PASSING,325561192,N/A,17/08/18 13:58,17/08/2018,spirals-bears,DETECTED
1c2dcf8c-1783-41b0-9cdb-5cb8478a1ab9_01-18-week1-PASSING_AND_PASSING,324768142,N/A,17/08/18 13:58,17/08/2018,spirals-bears,DETECTED
1c2dcf8c-1783-41b0-9cdb-5cb8478a1ab9_01-18-week1-PASSING_AND_PASSING,324753150,N/A,17/08/18 13:58,17/08/2018,spirals-bears,DETECTED
1c2dcf8c-1783-41b0-9cdb-5cb8478a1ab9_01-18-week1-PASSING_AND_PASSING,324422002,N/A,17/08/18 13:58,17/08/2018,spirals-bears,DETECTED
1c2dcf8c-1783-41b0-9cdb-5cb8478a1ab9_01-18-week1-PASSING_AND_PASSING,324413263,N/A,17/08/18 13:58,17/08/2018,spirals-bears,DETECTED
1c2dcf8c-1783-41b0-9cdb-5cb8478a1ab9_01-18-week1-PASSING_AND_PASSING,324256322,N/A,17/08/18 13:58,17/08/2018,spirals-bears,DETECTED
1c2dcf8c-1783-41b0-9cdb-5cb8478a1ab9_01-18-week1-PASSING_AND_PASSING,324855779,N/A,17/08/18 13:58,17/08/2018,spirals-bears,DETECTED
1c2dcf8c-1783-41b0-9cdb-5cb8478a1ab9_01-18-week1-PASSING_AND_PASSING,324850297,N/A,17/08/18 13:58,17/08/2018,spirals-bears,DETECTED
1c2dcf8c-1783-41b0-9cdb-5cb8478a1ab9_01-18-week1-PASSING_AND_PASSING,325220252,N/A,17/08/18 13:58,17/08/2018,spirals-bears,DETECTED
1c2dcf8c-1783-41b0-9cdb-5cb8478a1ab9_01-18-week1-PASSING_AND_PASSING,324714769,N/A,17/08/18 13:58,17/08/2018,spirals-bears,DETECTED
1c2dcf8c-1783-41b0-9cdb-5cb8478a1ab9_01-18-week1-PASSING_AND_PASSING,324206384,N/A,17/08/18 13:58,17/08/2018,spirals-bears,DETECTED
1c2dcf8c-1783-41b0-9cdb-5cb8478a1ab9_01-18-week1-PASSING_AND_PASSING,323777409,N/A,17/08/18 13:58,17/08/2018,spirals-bears,DETECTED
1c2dcf8c-1783-41b0-9cdb-5cb8478a1ab9_01-18-week1-PASSING_AND_PASSING,325348484,N/A,17/08/18 13:58,17/08/2018,spirals-bears,DETECTED
1c2dcf8c-1783-41b0-9cdb-5cb8478a1ab9_01-18-week1-PASSING_AND_PASSING,325072128,N/A,17/08/18 13:58,17/08/2018,spirals-bears,DETECTED
1c2dcf8c-1783-41b0-9cdb-5cb8478a1ab9_01-18-week1-PASSING_AND_PASSING,325067979,N/A,17/08/18 13:58,17/08/2018,spirals-bears,DETECTED
1c2dcf8c-1783-41b0-9cdb-5cb8478a1ab9_01-18-week1-PASSING_AND_PASSING,322923940,N/A,17/08/18 13:58,17/08/2018,spirals-bears,DETECTED
1c2dcf8c-1783-41b0-9cdb-5cb8478a1ab9_01-18-week1-PASSING_AND_PASSING,324507995,N/A,17/08/18 13:58,17/08/2018,spirals-bears,DETECTED
1c2dcf8c-1783-41b0-9cdb-5cb8478a1ab9_01-18-week1-PASSING_AND_PASSING,324507951,N/A,17/08/18 13:58,17/08/2018,spirals-bears,DETECTED
1c2dcf8c-1783-41b0-9cdb-5cb8478a1ab9_01-18-week1-PASSING_AND_PASSING,324881843,N/A,17/08/18 13:58,17/08/2018,spirals-bears,DETECTED
1c2dcf8c-1783-41b0-9cdb-5cb8478a1ab9_01-18-week1-PASSING_AND_PASSING,324829138,N/A,17/08/18 13:58,17/08/2018,spirals-bears,DETECTED
1c2dcf8c-1783-41b0-9cdb-5cb8478a1ab9_01-18-week1-PASSING_AND_PASSING,324684873,N/A,17/08/18 13:58,17/08/2018,spirals-bears,DETECTED
1c2dcf8c-1783-41b0-9cdb-5cb8478a1ab9_01-18-week1-PASSING_AND_PASSING,323478417,N/A,17/08/18 13:58,17/08/2018,spirals-bears,DETECTED
1c2dcf8c-1783-41b0-9cdb-5cb8478a1ab9_01-18-week1-PASSING_AND_PASSING,323476221,N/A,17/08/18 13:58,17/08/2018,spirals-bears,DETECTED
1c2dcf8c-1783-41b0-9cdb-5cb8478a1ab9_01-18-week1-PASSING_AND_PASSING,318632363,N/A,17/08/18 13:58,17/08/2018,spirals-bears,DETECTED
1c2dcf8c-1783-41b0-9cdb-5cb8478a1ab9_01-18-week1-PASSING_AND_PASSING,326088161,N/A,17/08/18 13:58,17/08/2018,spirals-bears,DETECTED
1c2dcf8c-1783-41b0-9cdb-5cb8478a1ab9_01-18-week1-PASSING_AND_PASSING,326074391,N/A,17/08/18 13:58,17/08/2018,spirals-bears,DETECTED
1c2dcf8c-1783-41b0-9cdb-5cb8478a1ab9_01-18-week1-PASSING_AND_PASSING,326072494,N/A,17/08/18 13:58,17/08/2018,spirals-bears,DETECTED
1c2dcf8c-1783-41b0-9cdb-5cb8478a1ab9_01-18-week1-PASSING_AND_PASSING,326072496,N/A,17/08/18 13:58,17/08/2018,spirals-bears,DETECTED
1c2dcf8c-1783-41b0-9cdb-5cb8478a1ab9_01-18-week1-PASSING_AND_PASSING,325828725,N/A,17/08/18 13:58,17/08/2018,spirals-bears,DETECTED
1c2dcf8c-1783-41b0-9cdb-5cb8478a1ab9_01-18-week1-PASSING_AND_PASSING,325205895,N/A,17/08/18 13:58,17/08/2018,spirals-bears,DETECTED
1c2dcf8c-1783-41b0-9cdb-5cb8478a1ab9_01-18-week1-PASSING_AND_PASSING,325205881,N/A,17/08/18 13:58,17/08/2018,spirals-bears,DETECTED
1c2dcf8c-1783-41b0-9cdb-5cb8478a1ab9_01-18-week1-PASSING_AND_PASSING,324962286,N/A,17/08/18 13:58,17/08/2018,spirals-bears,DETECTED
1c2dcf8c-1783-41b0-9cdb-5cb8478a1ab9_01-18-week1-PASSING_AND_PASSING,324962273,N/A,17/08/18 13:58,17/08/2018,spirals-bears,DETECTED
1c2dcf8c-1783-41b0-9cdb-5cb8478a1ab9_01-18-week1-PASSING_AND_PASSING,324848225,N/A,17/08/18 13:58,17/08/2018,spirals-bears,DETECTED
1c2dcf8c-1783-41b0-9cdb-5cb8478a1ab9_01-18-week1-PASSING_AND_PASSING,322632316,N/A,17/08/18 13:58,17/08/2018,spirals-bears,DETECTED
1c2dcf8c-1783-41b0-9cdb-5cb8478a1ab9_01-18-week1-PASSING_AND_PASSING,322632309,N/A,17/08/18 13:58,17/08/2018,spirals-bears,DETECTED
1c2dcf8c-1783-41b0-9cdb-5cb8478a1ab9_01-18-week1-PASSING_AND_PASSING,324935251,N/A,17/08/18 13:58,17/08/2018,spirals-bears,DETECTED
1c2dcf8c-1783-41b0-9cdb-5cb8478a1ab9_01-18-week1-PASSING_AND_PASSING,324935241,N/A,17/08/18 13:58,17/08/2018,spirals-bears,DETECTED
1c2dcf8c-1783-41b0-9cdb-5cb8478a1ab9_01-18-week1-PASSING_AND_PASSING,324931704,N/A,17/08/18 13:58,17/08/2018,spirals-bears,DETECTED
1c2dcf8c-1783-41b0-9cdb-5cb8478a1ab9_01-18-week1-PASSING_AND_PASSING,324754998,N/A,17/08/18 13:58,17/08/2018,spirals-bears,DETECTED
1c2dcf8c-1783-41b0-9cdb-5cb8478a1ab9_01-18-week1-PASSING_AND_PASSING,324754979,N/A,17/08/18 13:58,17/08/2018,spirals-bears,DETECTED
1c2dcf8c-1783-41b0-9cdb-5cb8478a1ab9_01-18-week1-PASSING_AND_PASSING,324329810,N/A,17/08/18 13:58,17/08/2018,spirals-bears,DETECTED
1c2dcf8c-1783-41b0-9cdb-5cb8478a1ab9_01-18-week1-PASSING_AND_PASSING,324846059,N/A,17/08/18 13:58,17/08/2018,spirals-bears,DETECTED
1c2dcf8c-1783-41b0-9cdb-5cb8478a1ab9_01-18-week1-PASSING_AND_PASSING,324845036,N/A,17/08/18 13:58,17/08/2018,spirals-bears,DETECTED
1c2dcf8c-1783-41b0-9cdb-5cb8478a1ab9_01-18-week1-PASSING_AND_PASSING,324603712,N/A,17/08/18 13:58,17/08/2018,spirals-bears,DETECTED
1c2dcf8c-1783-41b0-9cdb-5cb8478a1ab9_01-18-week1-PASSING_AND_PASSING,324603726,N/A,17/08/18 13:58,17/08/2018,spirals-bears,DETECTED
1c2dcf8c-1783-41b0-9cdb-5cb8478a1ab9_01-18-week1-PASSING_AND_PASSING,324541900,N/A,17/08/18 13:58,17/08/2018,spirals-bears,DETECTED
1c2dcf8c-1783-41b0-9cdb-5cb8478a1ab9_01-18-week1-PASSING_AND_PASSING,324541898,N/A,17/08/18 13:58,17/08/2018,spirals-bears,DETECTED
1c2dcf8c-1783-41b0-9cdb-5cb8478a1ab9_01-18-week1-PASSING_AND_PASSING,324502613,N/A,17/08/18 13:58,17/08/2018,spirals-bears,DETECTED
1c2dcf8c-1783-41b0-9cdb-5cb8478a1ab9_01-18-week1-PASSING_AND_PASSING,324502560,N/A,17/08/18 13:58,17/08/2018,spirals-bears,DETECTED
1c2dcf8c-1783-41b0-9cdb-5cb8478a1ab9_01-18-week1-PASSING_AND_PASSING,323198045,N/A,17/08/18 13:58,17/08/2018,spirals-bears,DETECTED
1c2dcf8c-1783-41b0-9cdb-5cb8478a1ab9_01-18-week1-PASSING_AND_PASSING,318260458,N/A,17/08/18 13:58,17/08/2018,spirals-bears,DETECTED
1c2dcf8c-1783-41b0-9cdb-5cb8478a1ab9_01-18-week1-PASSING_AND_PASSING,322517875,N/A,17/08/18 13:58,17/08/2018,spirals-bears,DETECTED
1c2dcf8c-1783-41b0-9cdb-5cb8478a1ab9_01-18-week1-PASSING_AND_PASSING,326056891,N/A,17/08/18 13:58,17/08/2018,spirals-bears,DETECTED
1c2dcf8c-1783-41b0-9cdb-5cb8478a1ab9_01-18-week1-PASSING_AND_PASSING,324911459,N/A,17/08/18 13:58,17/08/2018,spirals-bears,DETECTED
1c2dcf8c-1783-41b0-9cdb-5cb8478a1ab9_01-18-week1-PASSING_AND_PASSING,324911006,N/A,17/08/18 13:58,17/08/2018,spirals-bears,DETECTED
1c2dcf8c-1783-41b0-9cdb-5cb8478a1ab9_01-18-week1-PASSING_AND_PASSING,324906112,N/A,17/08/18 13:58,17/08/2018,spirals-bears,DETECTED
1c2dcf8c-1783-41b0-9cdb-5cb8478a1ab9_01-18-week1-PASSING_AND_PASSING,324888913,N/A,17/08/18 13:58,17/08/2018,spirals-bears,DETECTED
1c2dcf8c-1783-41b0-9cdb-5cb8478a1ab9_01-18-week1-PASSING_AND_PASSING,324048974,N/A,17/08/18 13:58,17/08/2018,spirals-bears,DETECTED
1c2dcf8c-1783-41b0-9cdb-5cb8478a1ab9_01-18-week1-PASSING_AND_PASSING,322845507,N/A,17/08/18 13:58,17/08/2018,spirals-bears,DETECTED
1c2dcf8c-1783-41b0-9cdb-5cb8478a1ab9_01-18-week1-PASSING_AND_PASSING,324048405,N/A,17/08/18 13:58,17/08/2018,spirals-bears,DETECTED
1c2dcf8c-1783-41b0-9cdb-5cb8478a1ab9_01-18-week1-PASSING_AND_PASSING,322136371,N/A,17/08/18 13:58,17/08/2018,spirals-bears,DETECTED
1c2dcf8c-1783-41b0-9cdb-5cb8478a1ab9_01-18-week1-PASSING_AND_PASSING,321360163,N/A,17/08/18 13:58,17/08/2018,spirals-bears,DETECTED
1c2dcf8c-1783-41b0-9cdb-5cb8478a1ab9_01-18-week1-PASSING_AND_PASSING,324714646,N/A,17/08/18 13:58,17/08/2018,spirals-bears,DETECTED
1c2dcf8c-1783-41b0-9cdb-5cb8478a1ab9_01-18-week1-PASSING_AND_PASSING,324715428,N/A,17/08/18 13:58,17/08/2018,spirals-bears,DETECTED
1c2dcf8c-1783-41b0-9cdb-5cb8478a1ab9_01-18-week1-PASSING_AND_PASSING,324707935,N/A,17/08/18 13:58,17/08/2018,spirals-bears,DETECTED
1c2dcf8c-1783-41b0-9cdb-5cb8478a1ab9_01-18-week1-PASSING_AND_PASSING,324649735,N/A,17/08/18 13:58,17/08/2018,spirals-bears,DETECTED
1c2dcf8c-1783-41b0-9cdb-5cb8478a1ab9_01-18-week1-PASSING_AND_PASSING,324406088,N/A,17/08/18 13:58,17/08/2018,spirals-bears,DETECTED
1c2dcf8c-1783-41b0-9cdb-5cb8478a1ab9_01-18-week1-PASSING_AND_PASSING,317062484,N/A,17/08/18 13:58,17/08/2018,spirals-bears,DETECTED
1c2dcf8c-1783-41b0-9cdb-5cb8478a1ab9_01-18-week1-PASSING_AND_PASSING,319319393,N/A,17/08/18 13:58,17/08/2018,spirals-bears,DETECTED
1c2dcf8c-1783-41b0-9cdb-5cb8478a1ab9_01-18-week1-PASSING_AND_PASSING,319315023,N/A,17/08/18 13:58,17/08/2018,spirals-bears,DETECTED
1c2dcf8c-1783-41b0-9cdb-5cb8478a1ab9_01-18-week1-PASSING_AND_PASSING,324424874,N/A,17/08/18 13:58,17/08/2018,spirals-bears,DETECTED
1c2dcf8c-1783-41b0-9cdb-5cb8478a1ab9_01-18-week1-PASSING_AND_PASSING,325512995,N/A,17/08/18 13:58,17/08/2018,spirals-bears,DETECTED
1c2dcf8c-1783-41b0-9cdb-5cb8478a1ab9_01-18-week1-PASSING_AND_PASSING,324664367,N/A,17/08/18 13:58,17/08/2018,spirals-bears,DETECTED
1c2dcf8c-1783-41b0-9cdb-5cb8478a1ab9_01-18-week1-PASSING_AND_PASSING,325462460,N/A,17/08/18 13:58,17/08/2018,spirals-bears,DETECTED
1c2dcf8c-1783-41b0-9cdb-5cb8478a1ab9_01-18-week1-PASSING_AND_PASSING,325229788,N/A,17/08/18 13:58,17/08/2018,spirals-bears,DETECTED
1c2dcf8c-1783-41b0-9cdb-5cb8478a1ab9_01-18-week1-PASSING_AND_PASSING,325228789,N/A,17/08/18 13:58,17/08/2018,spirals-bears,DETECTED
1c2dcf8c-1783-41b0-9cdb-5cb8478a1ab9_01-18-week1-PASSING_AND_PASSING,324727805,N/A,17/08/18 13:58,17/08/2018,spirals-bears,DETECTED
1c2dcf8c-1783-41b0-9cdb-5cb8478a1ab9_01-18-week1-PASSING_AND_PASSING,317503857,N/A,17/08/18 13:58,17/08/2018,spirals-bears,DETECTED
1c2dcf8c-1783-41b0-9cdb-5cb8478a1ab9_01-18-week1-PASSING_AND_PASSING,213340160,N/A,17/08/18 13:58,17/08/2018,spirals-bears,DETECTED
1c2dcf8c-1783-41b0-9cdb-5cb8478a1ab9_01-18-week1-PASSING_AND_PASSING,323394270,N/A,17/08/18 13:58,17/08/2018,spirals-bears,DETECTED
1c2dcf8c-1783-41b0-9cdb-5cb8478a1ab9_01-18-week1-PASSING_AND_PASSING,325544460,N/A,17/08/18 13:58,17/08/2018,spirals-bears,DETECTED
1c2dcf8c-1783-41b0-9cdb-5cb8478a1ab9_01-18-week1-PASSING_AND_PASSING,325528488,N/A,17/08/18 13:58,17/08/2018,spirals-bears,DETECTED
1c2dcf8c-1783-41b0-9cdb-5cb8478a1ab9_01-18-week1-PASSING_AND_PASSING,325112966,N/A,17/08/18 13:58,17/08/2018,spirals-bears,DETECTED
1c2dcf8c-1783-41b0-9cdb-5cb8478a1ab9_01-18-week1-PASSING_AND_PASSING,324594942,N/A,17/08/18 13:58,17/08/2018,spirals-bears,DETECTED
1c2dcf8c-1783-41b0-9cdb-5cb8478a1ab9_01-18-week1-PASSING_AND_PASSING,323379913,N/A,17/08/18 13:58,17/08/2018,spirals-bears,DETECTED
1c2dcf8c-1783-41b0-9cdb-5cb8478a1ab9_01-18-week1-PASSING_AND_PASSING,324409519,N/A,17/08/18 13:58,17/08/2018,spirals-bears,DETECTED
1c2dcf8c-1783-41b0-9cdb-5cb8478a1ab9_01-18-week1-PASSING_AND_PASSING,321020642,N/A,17/08/18 13:58,17/08/2018,spirals-bears,DETECTED
1c2dcf8c-1783-41b0-9cdb-5cb8478a1ab9_01-18-week1-PASSING_AND_PASSING,324211527,N/A,17/08/18 13:58,17/08/2018,spirals-bears,DETECTED
1c2dcf8c-1783-41b0-9cdb-5cb8478a1ab9_01-18-week1-PASSING_AND_PASSING,319370150,N/A,17/08/18 13:58,17/08/2018,spirals-bears,DETECTED
1c2dcf8c-1783-41b0-9cdb-5cb8478a1ab9_01-18-week1-PASSING_AND_PASSING,320670242,N/A,17/08/18 13:58,17/08/2018,spirals-bears,DETECTED
1c2dcf8c-1783-41b0-9cdb-5cb8478a1ab9_01-18-week1-PASSING_AND_PASSING,326073383,N/A,17/08/18 13:58,17/08/2018,spirals-bears,DETECTED
1c2dcf8c-1783-41b0-9cdb-5cb8478a1ab9_01-18-week1-PASSING_AND_PASSING,297346396,N/A,17/08/18 13:58,17/08/2018,spirals-bears,DETECTED
1c2dcf8c-1783-41b0-9cdb-5cb8478a1ab9_01-18-week1-PASSING_AND_PASSING,325994538,N/A,17/08/18 13:58,17/08/2018,spirals-bears,DETECTED
1c2dcf8c-1783-41b0-9cdb-5cb8478a1ab9_01-18-week1-PASSING_AND_PASSING,325952284,N/A,17/08/18 13:58,17/08/2018,spirals-bears,DETECTED
1c2dcf8c-1783-41b0-9cdb-5cb8478a1ab9_01-18-week1-PASSING_AND_PASSING,324676992,N/A,17/08/18 13:58,17/08/2018,spirals-bears,DETECTED
1c2dcf8c-1783-41b0-9cdb-5cb8478a1ab9_01-18-week1-PASSING_AND_PASSING,320293221,N/A,17/08/18 13:58,17/08/2018,spirals-bears,DETECTED
1c2dcf8c-1783-41b0-9cdb-5cb8478a1ab9_01-18-week1-PASSING_AND_PASSING,324714049,N/A,17/08/18 13:58,17/08/2018,spirals-bears,DETECTED
1c2dcf8c-1783-41b0-9cdb-5cb8478a1ab9_01-18-week1-PASSING_AND_PASSING,318040142,N/A,17/08/18 13:58,17/08/2018,spirals-bears,DETECTED
1c2dcf8c-1783-41b0-9cdb-5cb8478a1ab9_01-18-week1-PASSING_AND_PASSING,322661318,N/A,17/08/18 13:58,17/08/2018,spirals-bears,DETECTED
1c2dcf8c-1783-41b0-9cdb-5cb8478a1ab9_01-18-week1-PASSING_AND_PASSING,325854063,N/A,17/08/18 13:58,17/08/2018,spirals-bears,DETECTED
1c2dcf8c-1783-41b0-9cdb-5cb8478a1ab9_01-18-week1-PASSING_AND_PASSING,325831311,N/A,17/08/18 13:58,17/08/2018,spirals-bears,DETECTED
1c2dcf8c-1783-41b0-9cdb-5cb8478a1ab9_01-18-week1-PASSING_AND_PASSING,322836554,N/A,17/08/18 13:58,17/08/2018,spirals-bears,DETECTED
1c2dcf8c-1783-41b0-9cdb-5cb8478a1ab9_01-18-week1-PASSING_AND_PASSING,325785981,N/A,17/08/18 13:58,17/08/2018,spirals-bears,DETECTED
1c2dcf8c-1783-41b0-9cdb-5cb8478a1ab9_01-18-week1-PASSING_AND_PASSING,325378251,N/A,17/08/18 13:58,17/08/2018,spirals-bears,DETECTED
1c2dcf8c-1783-41b0-9cdb-5cb8478a1ab9_01-18-week1-PASSING_AND_PASSING,325279579,N/A,17/08/18 13:58,17/08/2018,spirals-bears,DETECTED
1c2dcf8c-1783-41b0-9cdb-5cb8478a1ab9_01-18-week1-PASSING_AND_PASSING,324911462,N/A,17/08/18 13:58,17/08/2018,spirals-bears,DETECTED
1c2dcf8c-1783-41b0-9cdb-5cb8478a1ab9_01-18-week1-PASSING_AND_PASSING,324466442,N/A,17/08/18 13:58,17/08/2018,spirals-bears,DETECTED
1c2dcf8c-1783-41b0-9cdb-5cb8478a1ab9_01-18-week1-PASSING_AND_PASSING,324867230,N/A,17/08/18 13:58,17/08/2018,spirals-bears,DETECTED
1c2dcf8c-1783-41b0-9cdb-5cb8478a1ab9_01-18-week1-PASSING_AND_PASSING,324533869,N/A,17/08/18 13:58,17/08/2018,spirals-bears,DETECTED
1c2dcf8c-1783-41b0-9cdb-5cb8478a1ab9_01-18-week1-PASSING_AND_PASSING,324476973,N/A,17/08/18 13:58,17/08/2018,spirals-bears,DETECTED
1c2dcf8c-1783-41b0-9cdb-5cb8478a1ab9_01-18-week1-PASSING_AND_PASSING,324194254,N/A,17/08/18 13:58,17/08/2018,spirals-bears,DETECTED
1c2dcf8c-1783-41b0-9cdb-5cb8478a1ab9_01-18-week1-PASSING_AND_PASSING,324114462,N/A,17/08/18 13:58,17/08/2018,spirals-bears,DETECTED
1c2dcf8c-1783-41b0-9cdb-5cb8478a1ab9_01-18-week1-PASSING_AND_PASSING,324123617,N/A,17/08/18 13:58,17/08/2018,spirals-bears,DETECTED
1c2dcf8c-1783-41b0-9cdb-5cb8478a1ab9_01-18-week1-PASSING_AND_PASSING,324130944,N/A,17/08/18 13:58,17/08/2018,spirals-bears,DETECTED
1c2dcf8c-1783-41b0-9cdb-5cb8478a1ab9_01-18-week1-PASSING_AND_PASSING,324123383,N/A,17/08/18 13:58,17/08/2018,spirals-bears,DETECTED
1c2dcf8c-1783-41b0-9cdb-5cb8478a1ab9_01-18-week1-PASSING_AND_PASSING,324081392,N/A,17/08/18 13:58,17/08/2018,spirals-bears,DETECTED
1c2dcf8c-1783-41b0-9cdb-5cb8478a1ab9_01-18-week1-PASSING_AND_PASSING,324034918,N/A,17/08/18 13:58,17/08/2018,spirals-bears,DETECTED
1c2dcf8c-1783-41b0-9cdb-5cb8478a1ab9_01-18-week1-PASSING_AND_PASSING,324053013,N/A,17/08/18 13:58,17/08/2018,spirals-bears,DETECTED
1c2dcf8c-1783-41b0-9cdb-5cb8478a1ab9_01-18-week1-PASSING_AND_PASSING,324048692,N/A,17/08/18 13:58,17/08/2018,spirals-bears,DETECTED
1c2dcf8c-1783-41b0-9cdb-5cb8478a1ab9_01-18-week1-PASSING_AND_PASSING,323995597,N/A,17/08/18 13:58,17/08/2018,spirals-bears,DETECTED
1c2dcf8c-1783-41b0-9cdb-5cb8478a1ab9_01-18-week1-PASSING_AND_PASSING,323995546,N/A,17/08/18 13:58,17/08/2018,spirals-bears,DETECTED
1c2dcf8c-1783-41b0-9cdb-5cb8478a1ab9_01-18-week1-PASSING_AND_PASSING,325108794,N/A,17/08/18 13:58,17/08/2018,spirals-bears,DETECTED
1c2dcf8c-1783-41b0-9cdb-5cb8478a1ab9_01-18-week1-PASSING_AND_PASSING,325108842,N/A,17/08/18 13:58,17/08/2018,spirals-bears,DETECTED
1c2dcf8c-1783-41b0-9cdb-5cb8478a1ab9_01-18-week1-PASSING_AND_PASSING,325165971,N/A,17/08/18 13:58,17/08/2018,spirals-bears,DETECTED
1c2dcf8c-1783-41b0-9cdb-5cb8478a1ab9_01-18-week1-PASSING_AND_PASSING,324241348,N/A,17/08/18 13:58,17/08/2018,spirals-bears,DETECTED
1c2dcf8c-1783-41b0-9cdb-5cb8478a1ab9_01-18-week1-PASSING_AND_PASSING,325163352,N/A,17/08/18 13:58,17/08/2018,spirals-bears,DETECTED
1c2dcf8c-1783-41b0-9cdb-5cb8478a1ab9_01-18-week1-PASSING_AND_PASSING,324218868,N/A,17/08/18 13:58,17/08/2018,spirals-bears,DETECTED
1c2dcf8c-1783-41b0-9cdb-5cb8478a1ab9_01-18-week1-PASSING_AND_PASSING,309118904,N/A,17/08/18 13:58,17/08/2018,spirals-bears,DETECTED
1c2dcf8c-1783-41b0-9cdb-5cb8478a1ab9_01-18-week1-PASSING_AND_PASSING,324240936,N/A,17/08/18 13:58,17/08/2018,spirals-bears,DETECTED
1c2dcf8c-1783-41b0-9cdb-5cb8478a1ab9_01-18-week1-PASSING_AND_PASSING,325312231,N/A,17/08/18 13:58,17/08/2018,spirals-bears,DETECTED
1c2dcf8c-1783-41b0-9cdb-5cb8478a1ab9_01-18-week1-PASSING_AND_PASSING,325282869,N/A,17/08/18 13:58,17/08/2018,spirals-bears,DETECTED
1c2dcf8c-1783-41b0-9cdb-5cb8478a1ab9_01-18-week1-PASSING_AND_PASSING,324066628,N/A,17/08/18 13:58,17/08/2018,spirals-bears,DETECTED
1c2dcf8c-1783-41b0-9cdb-5cb8478a1ab9_01-18-week1-PASSING_AND_PASSING,324047191,N/A,17/08/18 13:58,17/08/2018,spirals-bears,DETECTED
1c2dcf8c-1783-41b0-9cdb-5cb8478a1ab9_01-18-week1-PASSING_AND_PASSING,324040188,N/A,17/08/18 13:58,17/08/2018,spirals-bears,DETECTED
1c2dcf8c-1783-41b0-9cdb-5cb8478a1ab9_01-18-week1-PASSING_AND_PASSING,324021438,N/A,17/08/18 13:58,17/08/2018,spirals-bears,DETECTED
1c2dcf8c-1783-41b0-9cdb-5cb8478a1ab9_01-18-week1-PASSING_AND_PASSING,324087285,N/A,17/08/18 13:58,17/08/2018,spirals-bears,DETECTED
1c2dcf8c-1783-41b0-9cdb-5cb8478a1ab9_01-18-week1-PASSING_AND_PASSING,324069675,N/A,17/08/18 13:58,17/08/2018,spirals-bears,DETECTED
1c2dcf8c-1783-41b0-9cdb-5cb8478a1ab9_01-18-week1-PASSING_AND_PASSING,322543877,N/A,17/08/18 13:58,17/08/2018,spirals-bears,DETECTED
1c2dcf8c-1783-41b0-9cdb-5cb8478a1ab9_01-18-week1-PASSING_AND_PASSING,325147074,N/A,17/08/18 13:58,17/08/2018,spirals-bears,DETECTED
1c2dcf8c-1783-41b0-9cdb-5cb8478a1ab9_01-18-week1-PASSING_AND_PASSING,320472185,N/A,17/08/18 13:58,17/08/2018,spirals-bears,DETECTED
1c2dcf8c-1783-41b0-9cdb-5cb8478a1ab9_01-18-week1-PASSING_AND_PASSING,324630052,N/A,17/08/18 13:58,17/08/2018,spirals-bears,DETECTED
1c2dcf8c-1783-41b0-9cdb-5cb8478a1ab9_01-18-week1-PASSING_AND_PASSING,323253647,N/A,17/08/18 13:58,17/08/2018,spirals-bears,DETECTED
1c2dcf8c-1783-41b0-9cdb-5cb8478a1ab9_01-18-week1-PASSING_AND_PASSING,324576979,N/A,17/08/18 13:58,17/08/2018,spirals-bears,DETECTED
1c2dcf8c-1783-41b0-9cdb-5cb8478a1ab9_01-18-week1-PASSING_AND_PASSING,324558013,N/A,17/08/18 13:58,17/08/2018,spirals-bears,DETECTED
1c2dcf8c-1783-41b0-9cdb-5cb8478a1ab9_01-18-week1-PASSING_AND_PASSING,324552908,N/A,17/08/18 13:58,17/08/2018,spirals-bears,DETECTED
1c2dcf8c-1783-41b0-9cdb-5cb8478a1ab9_01-18-week1-PASSING_AND_PASSING,324551883,N/A,17/08/18 13:58,17/08/2018,spirals-bears,DETECTED
1c2dcf8c-1783-41b0-9cdb-5cb8478a1ab9_01-18-week1-PASSING_AND_PASSING,323950165,N/A,17/08/18 13:58,17/08/2018,spirals-bears,DETECTED
1c2dcf8c-1783-41b0-9cdb-5cb8478a1ab9_01-18-week1-PASSING_AND_PASSING,188639297,N/A,17/08/18 13:58,17/08/2018,spirals-bears,DETECTED
1c2dcf8c-1783-41b0-9cdb-5cb8478a1ab9_01-18-week1-PASSING_AND_PASSING,322728011,N/A,17/08/18 13:58,17/08/2018,spirals-bears,DETECTED
1c2dcf8c-1783-41b0-9cdb-5cb8478a1ab9_01-18-week1-PASSING_AND_PASSING,312909676,5928527d13ebf7598a66aa0ee649418f13429e39f795247891ceac1201899eb4,17/08/18 13:59,17/08/2018,spirals-bears,TREATED
1c2dcf8c-1783-41b0-9cdb-5cb8478a1ab9_01-18-week1-PASSING_AND_PASSING,324152047,590f278c4a0c884ff97b9d698b9b2c759f02cdd287a94a0aafc1b765469a9bb6,17/08/18 14:01,17/08/2018,spirals-bears,TREATED
1c2dcf8c-1783-41b0-9cdb-5cb8478a1ab9_01-18-week1-PASSING_AND_PASSING,322619787,229b0c91d758f5011a01924c6025b25d34ed9afd43e5eaf2d253ad9f9fe2ba0b,17/08/18 14:02,17/08/2018,spirals-bears,TREATED
1c2dcf8c-1783-41b0-9cdb-5cb8478a1ab9_01-18-week1-PASSING_AND_PASSING,325439701,906d9e3a3c5599d9d9f7fd3c0d08f5db1c37953c11069d4488ff0994ec84b2b5,17/08/18 14:03,17/08/2018,spirals-bears,TREATED
1c2dcf8c-1783-41b0-9cdb-5cb8478a1ab9_01-18-week1-PASSING_AND_PASSING,324728475,a457507bfb69abbf83561d6b925da44aa7572d8364ca24b4affc03361a2c8b50,17/08/18 14:03,17/08/2018,spirals-bears,TREATED
1c2dcf8c-1783-41b0-9cdb-5cb8478a1ab9_01-18-week1-PASSING_AND_PASSING,317431843,753ceed1e290d8938298959270633b1c64291b5c397cab988b325d7cd1e804c1,17/08/18 14:04,17/08/2018,spirals-bears,TREATED
1c2dcf8c-1783-41b0-9cdb-5cb8478a1ab9_01-18-week1-PASSING_AND_PASSING,322586296,2c7da660bebfb55e0f7498077a3d431bd44ab1db3f56ca76b13d92b6f6b05c66,17/08/18 14:04,17/08/2018,spirals-bears,TREATED
1c2dcf8c-1783-41b0-9cdb-5cb8478a1ab9_01-18-week1-PASSING_AND_PASSING,317938017,a3eaf00f53c518c7e70f5e0df35c8699d5dfb48ee9a4a7ec867371ae0a9ee524,17/08/18 14:05,17/08/2018,spirals-bears,TREATED
1c2dcf8c-1783-41b0-9cdb-5cb8478a1ab9_01-18-week1-PASSING_AND_PASSING,320341096,0517f448cb1c14aa6738beb65c2b64e9a3a288a7d1437c09af3a9cf91e62bb46,17/08/18 14:05,17/08/2018,spirals-bears,TREATED
1c2dcf8c-1783-41b0-9cdb-5cb8478a1ab9_01-18-week1-PASSING_AND_PASSING,319241785,ce0da6cb36146fb7c7b7a232cbde5f203926fac3b5585f415be36e8ed438fa31,17/08/18 14:05,17/08/2018,spirals-bears,TREATED
1c2dcf8c-1783-41b0-9cdb-5cb8478a1ab9_01-18-week1-PASSING_AND_PASSING,318013793,7d7d9b675e3bea9346752a65bbdfc513462cebc0447754906a3429cc5f5fe295,17/08/18 14:06,17/08/2018,spirals-bears,TREATED
1c2dcf8c-1783-41b0-9cdb-5cb8478a1ab9_01-18-week1-PASSING_AND_PASSING,313801862,04a0f48a945e2988d89504084c213e7f2407efbf631c3fffba0b1796be5bb508,17/08/18 14:06,17/08/2018,spirals-bears,TREATED
1c2dcf8c-1783-41b0-9cdb-5cb8478a1ab9_01-18-week1-PASSING_AND_PASSING,325211307,c4963e95e8f4a5131f1a8a867fc2e8512d38425da9f888c0a0b04412abebd573,17/08/18 14:06,17/08/2018,spirals-bears,TREATED
1c2dcf8c-1783-41b0-9cdb-5cb8478a1ab9_01-18-week1-PASSING_AND_PASSING,325185317,38ae0dd9f017ce303fbd78c7fc6fb61d3197673f462e1ac19f1a199f108b915f,17/08/18 14:07,17/08/2018,spirals-bears,TREATED
1c2dcf8c-1783-41b0-9cdb-5cb8478a1ab9_01-18-week1-PASSING_AND_PASSING,325185222,8ffd9cef7651cf9dc47de5e35c4337ccb06eb4198db41bc868e3f5ffb25285c2,17/08/18 14:08,17/08/2018,spirals-bears,TREATED
1c2dcf8c-1783-41b0-9cdb-5cb8478a1ab9_01-18-week1-PASSING_AND_PASSING,325089237,20cb28d6888f9b18e0ffdab0815ef47c18a513ac8d5a9de60cd71827c154697e,17/08/18 14:09,17/08/2018,spirals-bears,TREATED
1c2dcf8c-1783-41b0-9cdb-5cb8478a1ab9_01-18-week1-PASSING_AND_PASSING,324294155,09aac4871e94876329fb85180ba692eb5bd0bf1a644468c3dfa2e466bf8f42d6,17/08/18 14:10,17/08/2018,spirals-bears,TREATED
1c2dcf8c-1783-41b0-9cdb-5cb8478a1ab9_01-18-week1-PASSING_AND_PASSING,318079574,80f9e21c66f2bc0aaa9c0d903104bffd389a5cc635f273e88cc418aec3d3b322,17/08/18 14:11,17/08/2018,spirals-bears,TREATED
1c2dcf8c-1783-41b0-9cdb-5cb8478a1ab9_01-18-week1-PASSING_AND_PASSING,325026827,8d9fe8ea6beca973046b69f87372f9769134736909caaf4909e0f53b9a8ce2d2,17/08/18 14:11,17/08/2018,spirals-bears,TREATED
1c2dcf8c-1783-41b0-9cdb-5cb8478a1ab9_01-18-week1-PASSING_AND_PASSING,324430352,344b73babe2de10d518146445dc75eaf9fe4cd27d91a3158fba003035757cee4,17/08/18 14:12,17/08/2018,spirals-bears,TREATED
1c2dcf8c-1783-41b0-9cdb-5cb8478a1ab9_01-18-week1-PASSING_AND_PASSING,325025955,0a5c875a847f4c3835fd866367dfbafb30579e65f35eab06d8bbcdc9577ae684,17/08/18 14:12,17/08/2018,spirals-bears,TREATED
1c2dcf8c-1783-41b0-9cdb-5cb8478a1ab9_01-18-week1-PASSING_AND_PASSING,324174051,b55159e0bce3689b80d8cdd53f7739fbe38b3e14f99fb696ada5c9f7d4768cd4,17/08/18 14:13,17/08/2018,spirals-bears,TREATED
1c2dcf8c-1783-41b0-9cdb-5cb8478a1ab9_01-18-week1-PASSING_AND_PASSING,324148571,838291b2fdb71122e97b93ac581566d267a3bd16d58b24a041a447d98799a99d,17/08/18 14:13,17/08/2018,spirals-bears,TREATED
1c2dcf8c-1783-41b0-9cdb-5cb8478a1ab9_01-18-week1-PASSING_AND_PASSING,320394844,19e3b771b340609eace4f7f7abeab06f76c0c842024f6914cf0d8d285514313b,17/08/18 14:14,17/08/2018,spirals-bears,TREATED
1c2dcf8c-1783-41b0-9cdb-5cb8478a1ab9_01-18-week1-PASSING_AND_PASSING,324741626,7eed59871cdabd5a8712bfa1e8815d176f023c85b5bf78201a62e3cf39678d0c,17/08/18 14:14,17/08/2018,spirals-bears,TREATED
1c2dcf8c-1783-41b0-9cdb-5cb8478a1ab9_01-18-week1-PASSING_AND_PASSING,324225083,6bdfc2e507154a0cf2f053590a5a2669a3b0aef641b672643f71a9bc8a78172a,17/08/18 14:15,17/08/2018,spirals-bears,TREATED
1c2dcf8c-1783-41b0-9cdb-5cb8478a1ab9_01-18-week1-PASSING_AND_PASSING,325368310,5ae9843bf454f63d68d0bf0dcc6dfd724e47c9e798a1c57df99c291387cb6f50,17/08/18 14:16,17/08/2018,spirals-bears,TREATED
1c2dcf8c-1783-41b0-9cdb-5cb8478a1ab9_01-18-week1-PASSING_AND_PASSING,323674489,557ff80dad4c14128f9abd92cb8daf5f99678db7f94356ba0e48b43b5fec51bf,17/08/18 14:19,17/08/2018,spirals-bears,TREATED
1c2dcf8c-1783-41b0-9cdb-5cb8478a1ab9_01-18-week1-PASSING_AND_PASSING,325249032,d39c62d81a4d50eb4e696258f5b5396d7bf07321d5f72550f42723f7cbcd3d48,17/08/18 14:21,17/08/2018,spirals-bears,TREATED
1c2dcf8c-1783-41b0-9cdb-5cb8478a1ab9_01-18-week1-PASSING_AND_PASSING,324350797,dd45d6e6f5247c41995c1797422140298ddbb804249ce3b74eed6710f75a4fa7,17/08/18 14:22,17/08/2018,spirals-bears,TREATED
1c2dcf8c-1783-41b0-9cdb-5cb8478a1ab9_01-18-week1-PASSING_AND_PASSING,324525248,9b2959624c473a618a84f0827449821ca241ca0c8bd7bbf3c77ff261f5baccec,17/08/18 14:25,17/08/2018,spirals-bears,TREATED
1c2dcf8c-1783-41b0-9cdb-5cb8478a1ab9_01-18-week1-PASSING_AND_PASSING,324414735,d3c339a1484168efc6c4aed1141209a64b232b8dd1f15f3886bc0dff2b6ec2ab,17/08/18 14:25,17/08/2018,spirals-bears,TREATED
1c2dcf8c-1783-41b0-9cdb-5cb8478a1ab9_01-18-week1-PASSING_AND_PASSING,325408687,ce5e56c3bac63e799bcb1e34d2c5dc2af1ad57d14316e1872522174be591a42c,17/08/18 14:34,17/08/2018,spirals-bears,TREATED
1c2dcf8c-1783-41b0-9cdb-5cb8478a1ab9_01-18-week1-PASSING_AND_PASSING,323929828,c1fb2efe45f5684eff595300f768de30801db3f9935abc99cc030a88b0d7aecf,17/08/18 14:59,17/08/2018,spirals-bears,TREATED
1c2dcf8c-1783-41b0-9cdb-5cb8478a1ab9_01-18-week1-PASSING_AND_PASSING,325767541,c891e5d371b3205968af259b9bc34ad3975c5e68298f05a998f13ca2d419557c,17/08/18 15:03,17/08/2018,spirals-bears,TREATED
1c2dcf8c-1783-41b0-9cdb-5cb8478a1ab9_01-18-week1-PASSING_AND_PASSING,324971662,c49c5e1a495a72a3397f0968b469e941ea9d3d289760f30f4fdd08d67658dea1,17/08/18 15:17,17/08/2018,spirals-bears,TREATED
1c2dcf8c-1783-41b0-9cdb-5cb8478a1ab9_01-18-week1-PASSING_AND_PASSING,325806424,6d1c4360c7f97750b820fb21db46110211c10ff2af4ccba7bc7cb5484e5595f1,17/08/18 15:18,17/08/2018,spirals-bears,TREATED
1c2dcf8c-1783-41b0-9cdb-5cb8478a1ab9_01-18-week1-PASSING_AND_PASSING,324085059,1414ffcea2e59617b2361f2f377fbfcd6cf34c70706bdf0e090db3e841409010,17/08/18 15:26,17/08/2018,spirals-bears,TREATED
1c2dcf8c-1783-41b0-9cdb-5cb8478a1ab9_01-18-week1-PASSING_AND_PASSING,325703367,96d8329e2bacf1641af861435b6676d4b5045a105f5391bc2661c25e16c16a4f,17/08/18 15:40,17/08/2018,spirals-bears,TREATED
1c2dcf8c-1783-41b0-9cdb-5cb8478a1ab9_01-18-week1-PASSING_AND_PASSING,325707273,b5449b5ab030d4b9227ae8e51a821cefd1f936316f706abc36562fa5b2c36cc1,17/08/18 15:41,17/08/2018,spirals-bears,TREATED
1c2dcf8c-1783-41b0-9cdb-5cb8478a1ab9_01-18-week1-PASSING_AND_PASSING,324645386,20f8be07164166ebcbd97f377b17a7dfa1e9b2b11c00fe11f78d952c0059b121,17/08/18 15:48,17/08/2018,spirals-bears,TREATED
1c2dcf8c-1783-41b0-9cdb-5cb8478a1ab9_01-18-week1-PASSING_AND_PASSING,324083137,b6373bcb9443a1a29d5456f9fad38dcc44fc6217123c19c46ebf5454031ba73e,17/08/18 15:48,17/08/2018,spirals-bears,TREATED
1c2dcf8c-1783-41b0-9cdb-5cb8478a1ab9_01-18-week1-PASSING_AND_PASSING,325430740,140dd25bf03ce71ba3e65a37ea8a32909dc1cece1de998bbea23dad65136d1eb,17/08/18 15:54,17/08/2018,spirals-bears,TREATED
1c2dcf8c-1783-41b0-9cdb-5cb8478a1ab9_01-18-week1-PASSING_AND_PASSING,323977418,18d21ff2eca56bab124942f3dad7a50b95ca8b992d2bcb78c4a7235c35d3f798,17/08/18 15:56,17/08/2018,spirals-bears,TREATED
1c2dcf8c-1783-41b0-9cdb-5cb8478a1ab9_01-18-week1-PASSING_AND_PASSING,325018846,3253961a0c94c5fe28140af51a3b26f023787138990b1405166c61cec4ee72dd,17/08/18 15:57,17/08/2018,spirals-bears,TREATED
1c2dcf8c-1783-41b0-9cdb-5cb8478a1ab9_01-18-week1-PASSING_AND_PASSING,322959806,32293aeb0232f3d662ddc2c52762483f250fd9cfa1f0c971fa81fb740ec19fcb,17/08/18 16:02,17/08/2018,spirals-bears,TREATED
1c2dcf8c-1783-41b0-9cdb-5cb8478a1ab9_01-18-week1-PASSING_AND_PASSING,323523488,3e715fc6d984afad93a4b7b2322eb84c20f6179f15097e1224e10c188e398a8e,17/08/18 16:02,17/08/2018,spirals-bears,TREATED
1c2dcf8c-1783-41b0-9cdb-5cb8478a1ab9_01-18-week1-PASSING_AND_PASSING,322832097,e2cd5d8047bed42bdde70cca79f53b810da7fbc45287a727b3fd442c62b25a7b,17/08/18 16:07,17/08/2018,spirals-bears,TREATED
1c2dcf8c-1783-41b0-9cdb-5cb8478a1ab9_01-18-week1-PASSING_AND_PASSING,322596091,7cda9fc502a6704c87f809748388ac85990c5d6cc120fa5424c9de1831359239,17/08/18 16:08,17/08/2018,spirals-bears,TREATED
1c2dcf8c-1783-41b0-9cdb-5cb8478a1ab9_01-18-week1-PASSING_AND_PASSING,325553468,5090bb84ad1ecfe2dbc181dece956c0615e9c6909a722f72171ac524fc395ed0,17/08/18 16:09,17/08/2018,spirals-bears,TREATED
1c2dcf8c-1783-41b0-9cdb-5cb8478a1ab9_01-18-week1-PASSING_AND_PASSING,325522012,8de696d2114994391b02ec6ce3aa616ce8600cb9a3889cc1171cbf83a11fddd1,17/08/18 16:13,17/08/2018,spirals-bears,TREATED
1c2dcf8c-1783-41b0-9cdb-5cb8478a1ab9_01-18-week1-PASSING_AND_PASSING,325141031,860aa222cd95c36e5c41c331ca10f0bdcdfd11bfd724ed244c51e84549140d42,17/08/18 16:33,17/08/2018,spirals-bears,TREATED
1c2dcf8c-1783-41b0-9cdb-5cb8478a1ab9_01-18-week1-PASSING_AND_PASSING,324869129,5ff22ac8b4ecf79d652709def439bd32ee6179f1f0e9acbfbbeac923eb6c8a9b,17/08/18 16:34,17/08/2018,spirals-bears,TREATED
1c2dcf8c-1783-41b0-9cdb-5cb8478a1ab9_01-18-week1-PASSING_AND_PASSING,314830554,3820d3329570a8d628794b9788b63758d14b666f0262c3c5fe3338e42ab4c0bd,17/08/18 16:35,17/08/2018,spirals-bears,TREATED
1c2dcf8c-1783-41b0-9cdb-5cb8478a1ab9_01-18-week1-PASSING_AND_PASSING,325505806,b6ce15c52a1f0d000952a7c48b151da1b9d5015475b457f16a893f45af1e8f0e,17/08/18 16:36,17/08/2018,spirals-bears,TREATED
1c2dcf8c-1783-41b0-9cdb-5cb8478a1ab9_01-18-week1-PASSING_AND_PASSING,325490842,5972abc4e51f4f3d19643062a266cf56fc1b2d50cf34cc73d73add987a794928,17/08/18 16:38,17/08/2018,spirals-bears,TREATED
1c2dcf8c-1783-41b0-9cdb-5cb8478a1ab9_01-18-week1-PASSING_AND_PASSING,324803426,b6ae891191907e056a11fd9bab55e35862c6eea7aae06113c27b1ee2cde23635,17/08/18 16:39,17/08/2018,spirals-bears,TREATED
1c2dcf8c-1783-41b0-9cdb-5cb8478a1ab9_01-18-week1-PASSING_AND_PASSING,324634327,d418ea7efc38ec6883b5de4187a12813b1ba0d25ad26a819e311f881d3efd6be,17/08/18 16:40,17/08/2018,spirals-bears,TREATED
1c2dcf8c-1783-41b0-9cdb-5cb8478a1ab9_01-18-week1-PASSING_AND_PASSING,325043145,548db8e4e752dd801df6ea5f2a8a78006c28a12065360c157c6df98fe5552c48,17/08/18 16:40,17/08/2018,spirals-bears,TREATED
1c2dcf8c-1783-41b0-9cdb-5cb8478a1ab9_01-18-week1-PASSING_AND_PASSING,325473366,014df425b33f50bf3741e87014f6f5b14e68b94e01b14ab258e134ec8d549c60,17/08/18 16:42,17/08/2018,spirals-bears,TREATED
1c2dcf8c-1783-41b0-9cdb-5cb8478a1ab9_01-18-week1-PASSING_AND_PASSING,324651526,a7bfed2f8d288528551dc3d996d86bebb4ea3f3d41be0b5e4cbb96cdb201638a,17/08/18 16:53,17/08/2018,spirals-bears,TREATED
1c2dcf8c-1783-41b0-9cdb-5cb8478a1ab9_01-18-week1-PASSING_AND_PASSING,324231630,d8a956425e4422c06e46204685c2643cd0a8605036e4905fa8c11c4fa4685aaa,17/08/18 16:54,17/08/2018,spirals-bears,TREATED
1c2dcf8c-1783-41b0-9cdb-5cb8478a1ab9_01-18-week1-PASSING_AND_PASSING,324647626,199c1c937909b322dcd255fb58d8c2e59c12c900b42d39393c3dfd277ffc6338,17/08/18 16:58,17/08/2018,spirals-bears,TREATED
1c2dcf8c-1783-41b0-9cdb-5cb8478a1ab9_01-18-week1-PASSING_AND_PASSING,324638337,279f9164d4f53fe4a281cece08428a3a706c0b00bf57aa2209099ab10a84fec5,17/08/18 17:09,17/08/2018,spirals-bears,TREATED
1c2dcf8c-1783-41b0-9cdb-5cb8478a1ab9_01-18-week1-PASSING_AND_PASSING,324250765,72d1974fe1fa4b679454d11140cd027a34cc419c846987210bb17dde1a8dd6e8,17/08/18 17:11,17/08/2018,spirals-bears,TREATED
1c2dcf8c-1783-41b0-9cdb-5cb8478a1ab9_01-18-week1-PASSING_AND_PASSING,324445126,72205e245e596beff6fd0a66ee8ea40fa0d46fe114c34b939d4a014efd17d803,17/08/18 17:11,17/08/2018,spirals-bears,TREATED
1c2dcf8c-1783-41b0-9cdb-5cb8478a1ab9_01-18-week1-PASSING_AND_PASSING,319887051,82d8bc11ae4b2a9f67e47cb79dd1bcdb70a7632d59815122b05b13e1d736bde3,17/08/18 17:12,17/08/2018,spirals-bears,TREATED
1c2dcf8c-1783-41b0-9cdb-5cb8478a1ab9_01-18-week1-PASSING_AND_PASSING,324158907,f6e73d064db76400c2addc9d1e60a38ba8b0f9c5dfe5536ae1c074c00e1d0060,17/08/18 17:12,17/08/2018,spirals-bears,TREATED
1c2dcf8c-1783-41b0-9cdb-5cb8478a1ab9_01-18-week1-PASSING_AND_PASSING,324237923,154233fc9301a603ba14e2a5928c089f432323dc2d9b23c224df4e37a1d1ffde,17/08/18 17:12,17/08/2018,spirals-bears,TREATED
1c2dcf8c-1783-41b0-9cdb-5cb8478a1ab9_01-18-week1-PASSING_AND_PASSING,324168763,cf90b28e87fec2aa4c28c8f078d5d41962e07d81cea25917375271b8f012d452,17/08/18 17:13,17/08/2018,spirals-bears,TREATED
1c2dcf8c-1783-41b0-9cdb-5cb8478a1ab9_01-18-week1-PASSING_AND_PASSING,324711014,06e84dd9ad0e2ce25a35d890597df24a81748f8a8db7825ade14423fa4181cc0,17/08/18 17:13,17/08/2018,spirals-bears,TREATED
1c2dcf8c-1783-41b0-9cdb-5cb8478a1ab9_01-18-week1-PASSING_AND_PASSING,325213747,a69dc52df7c852d9e35f96f974a8d818a573b99724ba6e0bf2f962500cddbcba,17/08/18 17:14,17/08/2018,spirals-bears,TREATED
1c2dcf8c-1783-41b0-9cdb-5cb8478a1ab9_01-18-week1-PASSING_AND_PASSING,324417246,821532a3b03b481218ccb19b6495da99d8151a68760e46e55977bf35b2ec977e,17/08/18 17:23,17/08/2018,spirals-bears,TREATED
1c2dcf8c-1783-41b0-9cdb-5cb8478a1ab9_01-18-week1-PASSING_AND_PASSING,324691049,87e672e75b372165ef3fc9fe3601ea5968e1eb9485df6eb14f55dcba7bd3d19d,17/08/18 17:24,17/08/2018,spirals-bears,TREATED
1c2dcf8c-1783-41b0-9cdb-5cb8478a1ab9_01-18-week1-PASSING_AND_PASSING,325572977,481708ad410cd521bef9c91c636197875ecd3acf9f27464c1fec554ca7935f9b,17/08/18 17:28,17/08/2018,spirals-bears,TREATED
1c2dcf8c-1783-41b0-9cdb-5cb8478a1ab9_01-18-week1-PASSING_AND_PASSING,323764674,087b6898af614e696ef609c406ba84c6108a541a82bbd961aae6b85efa7d3243,17/08/18 17:28,17/08/2018,spirals-bears,TREATED
1c2dcf8c-1783-41b0-9cdb-5cb8478a1ab9_01-18-week1-PASSING_AND_PASSING,325213560,980a1582542c02bec5a99d860d38ce026dd6a52b8df2edc157a9da1fcac3e42a,17/08/18 17:28,17/08/2018,spirals-bears,TREATED
1c2dcf8c-1783-41b0-9cdb-5cb8478a1ab9_01-18-week1-PASSING_AND_PASSING,323835270,1f41c76b244719915adfbc39b4a4a5ea237bc3c4a23a2e3511d7facd2f356eb4,17/08/18 17:29,17/08/2018,spirals-bears,TREATED
1c2dcf8c-1783-41b0-9cdb-5cb8478a1ab9_01-18-week1-PASSING_AND_PASSING,325000994,52fbfb43c2c0c9855ffe378a2bcd023b6d8de3f745a9c553db951a5ce9c51be4,17/08/18 17:29,17/08/2018,spirals-bears,TREATED
1c2dcf8c-1783-41b0-9cdb-5cb8478a1ab9_01-18-week1-PASSING_AND_PASSING,324508124,632f9152bdb4645e85f57d7add8e7036de7cd1c80a6bf876552e1188e446afeb,17/08/18 17:30,17/08/2018,spirals-bears,TREATED
1c2dcf8c-1783-41b0-9cdb-5cb8478a1ab9_01-18-week1-PASSING_AND_PASSING,319089971,3a3e85fa8cf8306ebecbbc2d2b81943c8a0e7f69d65def4d7d639efd106fb7a7,17/08/18 17:30,17/08/2018,spirals-bears,TREATED
1c2dcf8c-1783-41b0-9cdb-5cb8478a1ab9_01-18-week1-PASSING_AND_PASSING,323877804,bceb0078ba786929c322712072d8bb4cddc33a902d2a8c9a468e1fbd9c909503,17/08/18 17:30,17/08/2018,spirals-bears,TREATED
1c2dcf8c-1783-41b0-9cdb-5cb8478a1ab9_01-18-week1-PASSING_AND_PASSING,323812777,28fc7e6295bdc8f728bfe62868f2e3f4815853f269f953255de1ffac28e99e16,17/08/18 17:31,17/08/2018,spirals-bears,TREATED
1c2dcf8c-1783-41b0-9cdb-5cb8478a1ab9_01-18-week1-PASSING_AND_PASSING,323775769,1d9584a617e5d688c9a7ff39acd9e2eef532474279cb49945962ff568e674aa4,17/08/18 17:32,17/08/2018,spirals-bears,TREATED
1c2dcf8c-1783-41b0-9cdb-5cb8478a1ab9_01-18-week1-PASSING_AND_PASSING,323960549,41a24637c2af12d8f6b346d407015341df0c1ec25b1f25b7a90428b086b89836,17/08/18 17:39,17/08/2018,spirals-bears,TREATED
1c2dcf8c-1783-41b0-9cdb-5cb8478a1ab9_01-18-week1-PASSING_AND_PASSING,323783675,703dd21cce20dfe9245477bee4c68754bf90bf35ee0b210e1d39b05aded85a05,17/08/18 17:40,17/08/2018,spirals-bears,TREATED
1c2dcf8c-1783-41b0-9cdb-5cb8478a1ab9_01-18-week1-PASSING_AND_PASSING,323797043,c8dda17f727e7f363eaa94014b6a2544b85104815eedf88a57decb3e74a57bb6,17/08/18 17:40,17/08/2018,spirals-bears,TREATED
1c2dcf8c-1783-41b0-9cdb-5cb8478a1ab9_01-18-week1-PASSING_AND_PASSING,323824749,aaabb8a0bcf8ef1f727538e16b3161f6b05adde2e1b64b310f51d4fb52c27b88,17/08/18 17:45,17/08/2018,spirals-bears,TREATED
1c2dcf8c-1783-41b0-9cdb-5cb8478a1ab9_01-18-week1-PASSING_AND_PASSING,323799952,40c0e5b7857b58882c3eee13cf7cb042f3156f60d4b61ea36b5df5b509fb9891,17/08/18 17:46,17/08/2018,spirals-bears,TREATED
1c2dcf8c-1783-41b0-9cdb-5cb8478a1ab9_01-18-week1-PASSING_AND_PASSING,323824126,6c25e9a05106cf3032058d775bbd8f597461af977c421084fd16dc174ac5f8ef,17/08/18 17:47,17/08/2018,spirals-bears,TREATED
1c2dcf8c-1783-41b0-9cdb-5cb8478a1ab9_01-18-week1-PASSING_AND_PASSING,323700635,d82bbc07ad9405bb121b8b4c3b7b4730f36a8e113c26b1d17c35c70be4370455,17/08/18 17:51,17/08/2018,spirals-bears,TREATED
1c2dcf8c-1783-41b0-9cdb-5cb8478a1ab9_01-18-week1-PASSING_AND_PASSING,324319257,cfcf8874c62219e9c93dcf220d8b085826b90579d2e43fa90fee71dfd9f341f9,17/08/18 17:53,17/08/2018,spirals-bears,TREATED
1c2dcf8c-1783-41b0-9cdb-5cb8478a1ab9_01-18-week1-PASSING_AND_PASSING,323801837,a156c65d445034a147b86880c1306fae68241e81658be59a387c89b01171475e,17/08/18 17:56,17/08/2018,spirals-bears,TREATED
1c2dcf8c-1783-41b0-9cdb-5cb8478a1ab9_01-18-week1-PASSING_AND_PASSING,324098340,a12dda5ad7c782450d274d244bca30898a9a146f90f9a61af6a029827c1764f4,17/08/18 17:57,17/08/2018,spirals-bears,TREATED
1c2dcf8c-1783-41b0-9cdb-5cb8478a1ab9_01-18-week1-PASSING_AND_PASSING,324940989,632016b670763391a0c8f3d691ba712136dba07e1203200e4dc40fab90f62b45,17/08/18 17:58,17/08/2018,spirals-bears,TREATED
1c2dcf8c-1783-41b0-9cdb-5cb8478a1ab9_01-18-week1-PASSING_AND_PASSING,324942418,02772c93bc2f6789daf1ac4a5c418a8624b66abab76b412654e3ca5f6952a414,17/08/18 17:58,17/08/2018,spirals-bears,TREATED
1c2dcf8c-1783-41b0-9cdb-5cb8478a1ab9_01-18-week1-PASSING_AND_PASSING,324031199,ca2cdfcbaf073efbff6044335019bfbc0f6d540dd1a73e9625fe2749fb538618,17/08/18 17:58,17/08/2018,spirals-bears,TREATED
1c2dcf8c-1783-41b0-9cdb-5cb8478a1ab9_01-18-week1-PASSING_AND_PASSING,324864618,d3e8bc1bba0e20f68bb17a63ae91142db9039a855b419d2eb6e60e129a9adced,17/08/18 17:59,17/08/2018,spirals-bears,TREATED
1c2dcf8c-1783-41b0-9cdb-5cb8478a1ab9_01-18-week1-PASSING_AND_PASSING,324940006,5ab6bcc01d8c949226bb46a5c2070e16e8c3cdc2bd61081e6471ba636bb8f57a,17/08/18 17:59,17/08/2018,spirals-bears,TREATED
1c2dcf8c-1783-41b0-9cdb-5cb8478a1ab9_01-18-week1-PASSING_AND_PASSING,324873069,1ab854c2b2d206fdf44fbaebde94eabfec00dcc71385d4da70435e498405cb1b,17/08/18 17:59,17/08/2018,spirals-bears,TREATED
1c2dcf8c-1783-41b0-9cdb-5cb8478a1ab9_01-18-week1-PASSING_AND_PASSING,324083718,cb084a54ad2c94dfbd169398a083d2c220a9c763dbb1461b0c04605fce1b464c,17/08/18 18:00,17/08/2018,spirals-bears,TREATED
1c2dcf8c-1783-41b0-9cdb-5cb8478a1ab9_01-18-week1-PASSING_AND_PASSING,324922805,9e19622c8d6364abdaf57e958d52699bfa9b8bcdbd81d635b300d61c0b7b5ffa,17/08/18 18:00,17/08/2018,spirals-bears,TREATED
1c2dcf8c-1783-41b0-9cdb-5cb8478a1ab9_01-18-week1-PASSING_AND_PASSING,324534322,d13dfec35781302dbb233057daf3566a99d61db2ca9c14d0bb42951817eef7ab,17/08/18 18:01,17/08/2018,spirals-bears,TREATED
1c2dcf8c-1783-41b0-9cdb-5cb8478a1ab9_01-18-week1-PASSING_AND_PASSING,324143809,461cf34f2c8cefbaabc1add1892f714922be5ad724e3338d0ee64aa3f0353c68,17/08/18 18:01,17/08/2018,spirals-bears,TREATED
1c2dcf8c-1783-41b0-9cdb-5cb8478a1ab9_01-18-week1-PASSING_AND_PASSING,324079805,8027f776e1ce09e6e8718f3ecfe1d5235ba3b3b761f35479e29510f9c6621b9d,17/08/18 18:01,17/08/2018,spirals-bears,TREATED
1c2dcf8c-1783-41b0-9cdb-5cb8478a1ab9_01-18-week1-PASSING_AND_PASSING,323772844,a3cb955419a0115782553842cd54a74cae746d0a42ba244b71574ec7deb70bea,17/08/18 18:02,17/08/2018,spirals-bears,TREATED
1c2dcf8c-1783-41b0-9cdb-5cb8478a1ab9_01-18-week1-PASSING_AND_PASSING,324079577,88e3f1ce6702d867b6c46ed2511799c88081062243fa42afa671f099fd17033a,17/08/18 18:02,17/08/2018,spirals-bears,TREATED
1c2dcf8c-1783-41b0-9cdb-5cb8478a1ab9_01-18-week1-PASSING_AND_PASSING,324040949,dfb3eef360bdd17c0cc6fe22abced43414503ca3532fe65cd235511ba4c26fa0,17/08/18 18:02,17/08/2018,spirals-bears,TREATED
1c2dcf8c-1783-41b0-9cdb-5cb8478a1ab9_01-18-week1-PASSING_AND_PASSING,324010692,50f62ade90f27dbc0fd16d5649fd5dbdcb618ae4ac355c905bb77005e8e322e1,17/08/18 18:03,17/08/2018,spirals-bears,TREATED
1c2dcf8c-1783-41b0-9cdb-5cb8478a1ab9_01-18-week1-PASSING_AND_PASSING,324079054,ce8dc3962b507b7ab98b2c1e250aeae0ff7be6f742c6b8b6d8cc15b25ce36473,17/08/18 18:03,17/08/2018,spirals-bears,TREATED
1c2dcf8c-1783-41b0-9cdb-5cb8478a1ab9_01-18-week1-PASSING_AND_PASSING,321358599,b3f937fb2dd871ab2b6ce259ee53de8a98638c2398b71f831c28ff4c52088775,17/08/18 18:03,17/08/2018,spirals-bears,TREATED
1c2dcf8c-1783-41b0-9cdb-5cb8478a1ab9_01-18-week1-PASSING_AND_PASSING,322813629,6632e480e53a9a32ac602d72b90ef6b5f20939abdb2c4f27d6c2eb9d16902d76,17/08/18 18:03,17/08/2018,spirals-bears,TREATED
1c2dcf8c-1783-41b0-9cdb-5cb8478a1ab9_01-18-week1-PASSING_AND_PASSING,325947791,bd387ba4f72ea0ee745b6dae1aed17ab710772db8eb61d125bf006e266b1da43,17/08/18 18:04,17/08/2018,spirals-bears,TREATED
1c2dcf8c-1783-41b0-9cdb-5cb8478a1ab9_01-18-week1-PASSING_AND_PASSING,324462287,2b2b6159d0a3a10338daa929f5a10b2f50f36bf4726a2384d7cc7cbe058ee1b0,17/08/18 18:04,17/08/2018,spirals-bears,TREATED
1c2dcf8c-1783-41b0-9cdb-5cb8478a1ab9_01-18-week1-PASSING_AND_PASSING,325774163,392dcb77ff90ed7ff788e8b721603888ccd5bb9c15a8607db6ada7af5af561f8,17/08/18 18:05,17/08/2018,spirals-bears,TREATED
1c2dcf8c-1783-41b0-9cdb-5cb8478a1ab9_01-18-week1-PASSING_AND_PASSING,325927842,2253cd58b6758bd5744cef829d005a8b98a8ad0ced742ce3f738616f00f90551,17/08/18 18:05,17/08/2018,spirals-bears,TREATED
1c2dcf8c-1783-41b0-9cdb-5cb8478a1ab9_01-18-week1-PASSING_AND_PASSING,325920879,b37d7bf0a7d4cfea56d159431cbca5a68077c4e9100a96dd38e993f45b529e36,17/08/18 18:05,17/08/2018,spirals-bears,TREATED
1c2dcf8c-1783-41b0-9cdb-5cb8478a1ab9_01-18-week1-PASSING_AND_PASSING,324466880,84f5f3450a49284adbf3176b6323ceff3529187cf61023523f0722450789cb1a,17/08/18 18:06,17/08/2018,spirals-bears,TREATED
1c2dcf8c-1783-41b0-9cdb-5cb8478a1ab9_01-18-week1-PASSING_AND_PASSING,323978020,d29c9dd21881aeb9090747a6040b4b6de4870d9dfb9a5e23637800edc98ed753,17/08/18 18:06,17/08/2018,spirals-bears,TREATED
1c2dcf8c-1783-41b0-9cdb-5cb8478a1ab9_01-18-week1-PASSING_AND_PASSING,324702086,f0b98707fc9d739c3951a5a0463cdb7cd44b7ebe9175d1c6494ff590bff9eff3,17/08/18 18:06,17/08/2018,spirals-bears,TREATED
1c2dcf8c-1783-41b0-9cdb-5cb8478a1ab9_01-18-week1-PASSING_AND_PASSING,314900009,7e9a47c3254fb01ca320ad8acfb0603cf2bad51c4bc8c8d3c1634c1a1f2addf9,17/08/18 18:06,17/08/2018,spirals-bears,TREATED
1c2dcf8c-1783-41b0-9cdb-5cb8478a1ab9_01-18-week1-PASSING_AND_PASSING,323046288,62b66515462c4d3eda741bd50b2c4d8949533a752f01ee098c82a9f843c2caa1,17/08/18 18:07,17/08/2018,spirals-bears,TREATED
1c2dcf8c-1783-41b0-9cdb-5cb8478a1ab9_01-18-week1-PASSING_AND_PASSING,324122858,459738b5f6a7cca3090c9adcfe12d250a3d54b4542d64d9a8c3e204ffddadcd6,17/08/18 18:07,17/08/2018,spirals-bears,TREATED
1c2dcf8c-1783-41b0-9cdb-5cb8478a1ab9_01-18-week1-PASSING_AND_PASSING,323825797,60f8ae8688285608319146271498987a85e8055d878035ce1f6cb1906c38b915,17/08/18 18:07,17/08/2018,spirals-bears,TREATED
1c2dcf8c-1783-41b0-9cdb-5cb8478a1ab9_01-18-week1-PASSING_AND_PASSING,325283718,34a5cddceae62f926e8d60d15b31eff34b3e85dfe7965c26e4a4f810046a2a7a,17/08/18 18:11,17/08/2018,spirals-bears,TREATED
1c2dcf8c-1783-41b0-9cdb-5cb8478a1ab9_01-18-week1-PASSING_AND_PASSING,324952609,c8d2e9d12a5982eb3917bd5c5a71863b6ad2a0cf720456bbae2538f0dfa7112e,17/08/18 18:12,17/08/2018,spirals-bears,TREATED
1c2dcf8c-1783-41b0-9cdb-5cb8478a1ab9_01-18-week1-PASSING_AND_PASSING,325283766,ba1946fcee76ee49612647e36986c580c2f888a82932ec15e725340c3066a94d,17/08/18 18:13,17/08/2018,spirals-bears,TREATED
1c2dcf8c-1783-41b0-9cdb-5cb8478a1ab9_01-18-week1-PASSING_AND_PASSING,323013371,11978031b04aff162916f38c80f73a496baf7fe62f6e95361fcffedd8d2a1c38,17/08/18 18:15,17/08/2018,spirals-bears,TREATED
1c2dcf8c-1783-41b0-9cdb-5cb8478a1ab9_01-18-week1-PASSING_AND_PASSING,324952622,45be0767ed4afab9a8480be34fc256378f3b707099f9f4b32c3d46513e0cb913,17/08/18 18:17,17/08/2018,spirals-bears,TREATED
1c2dcf8c-1783-41b0-9cdb-5cb8478a1ab9_01-18-week1-PASSING_AND_PASSING,262946185,b663e43bdadc3cfecd523d48df3a409604f78f32e4380a2756d98aac1dabdfbb,17/08/18 18:17,17/08/2018,spirals-bears,TREATED
1c2dcf8c-1783-41b0-9cdb-5cb8478a1ab9_01-18-week1-PASSING_AND_PASSING,325561192,d502dce5c204f1d3ecdd411188ca00dcf8d9abdf9bb9d9ba57f4d1aa77983f96,17/08/18 18:18,17/08/2018,spirals-bears,TREATED
1c2dcf8c-1783-41b0-9cdb-5cb8478a1ab9_01-18-week1-PASSING_AND_PASSING,324768142,b537ac8f94a5c3a547be41d502d119e98a085e1b07efe4946d99e388099ad409,17/08/18 18:18,17/08/2018,spirals-bears,TREATED
1c2dcf8c-1783-41b0-9cdb-5cb8478a1ab9_01-18-week1-PASSING_AND_PASSING,324753150,71c1daafdd2a46c01c5e786fdae2e4f583e96b1ded1c4c0b8732068757619ac2,17/08/18 18:19,17/08/2018,spirals-bears,TREATED
1c2dcf8c-1783-41b0-9cdb-5cb8478a1ab9_01-18-week1-PASSING_AND_PASSING,324413263,9835ecb089924d3a3796b365813cb83cf4e366a363c194e50d8eb67f382889a6,17/08/18 18:20,17/08/2018,spirals-bears,TREATED
1c2dcf8c-1783-41b0-9cdb-5cb8478a1ab9_01-18-week1-PASSING_AND_PASSING,320324774,884e934c0aefc2284815ed7fa4d38e2c8a9b6d97331e295ed3d24e77cc7aec45,17/08/18 18:22,17/08/2018,spirals-bears,TREATED
1c2dcf8c-1783-41b0-9cdb-5cb8478a1ab9_01-18-week1-PASSING_AND_PASSING,324855779,f9454d6bfcf13be80e9fdccb5aff3f478ddc2d1c7ad961cd4cb9c287d6070b76,17/08/18 18:22,17/08/2018,spirals-bears,TREATED
1c2dcf8c-1783-41b0-9cdb-5cb8478a1ab9_01-18-week1-PASSING_AND_PASSING,324422002,1cc9d0c5f4ffab3289b62c64195757edfb811ad6480ccd1cb7c1addc1d761c9f,17/08/18 18:23,17/08/2018,spirals-bears,TREATED
1c2dcf8c-1783-41b0-9cdb-5cb8478a1ab9_01-18-week1-PASSING_AND_PASSING,324850297,1fcfa757ea9c11cc7dab5b4f503f5e5c8e21a9f98eaadc05dcbe2bea42a44308,17/08/18 18:23,17/08/2018,spirals-bears,TREATED
1c2dcf8c-1783-41b0-9cdb-5cb8478a1ab9_01-18-week1-PASSING_AND_PASSING,324256322,414910339beed533002b7d8f6b3c7baf29fcdf82cb7e2268c63c90ccd1e9fd3b,17/08/18 18:24,17/08/2018,spirals-bears,TREATED
1c2dcf8c-1783-41b0-9cdb-5cb8478a1ab9_01-18-week1-PASSING_AND_PASSING,324714769,f9dc9fd325fe6240ad4a3dca5d9041ff8a6f035517dc8a103be9469fc85fd78d,17/08/18 18:32,17/08/2018,spirals-bears,TREATED
1c2dcf8c-1783-41b0-9cdb-5cb8478a1ab9_01-18-week1-PASSING_AND_PASSING,324206384,628d7840cb0d1a6324825c8ce1d456a15aa1395fbe795897c44eeacd73dc91c9,17/08/18 18:33,17/08/2018,spirals-bears,TREATED
1c2dcf8c-1783-41b0-9cdb-5cb8478a1ab9_01-18-week1-PASSING_AND_PASSING,325348484,2c04f1209b61d3919e688f49d4fd6ac73a86e51d8341690c58f28d894d8c24e7,17/08/18 18:35,17/08/2018,spirals-bears,TREATED
1c2dcf8c-1783-41b0-9cdb-5cb8478a1ab9_01-18-week1-PASSING_AND_PASSING,325072128,22bf9d6ab069cbefc6005942c769fe599af0db75bfd89db293f6ff45164a500e,17/08/18 18:37,17/08/2018,spirals-bears,TREATED
1c2dcf8c-1783-41b0-9cdb-5cb8478a1ab9_01-18-week1-PASSING_AND_PASSING,325067979,d33c7e9c7133d78ee1127e73ab7b70c063f6b53c0265928c51adf82cd43e8bfd,17/08/18 18:39,17/08/2018,spirals-bears,TREATED
1c2dcf8c-1783-41b0-9cdb-5cb8478a1ab9_01-18-week1-PASSING_AND_PASSING,323777409,e86695e1052be97a54efa95bc139d2cd1955aa4e1f64bff451da7f682f139b56,17/08/18 18:41,17/08/2018,spirals-bears,TREATED
1c2dcf8c-1783-41b0-9cdb-5cb8478a1ab9_01-18-week1-PASSING_AND_PASSING,322923940,ed2babe758a0088082dbff7ba89994058d080e9f97891c0a70392b32b9cc57de,17/08/18 18:44,17/08/2018,spirals-bears,TREATED
1c2dcf8c-1783-41b0-9cdb-5cb8478a1ab9_01-18-week1-PASSING_AND_PASSING,324507995,57e97afc73cc0cd69ead6bb32d3efe23ae87390505fd43239538d4783c58fd31,17/08/18 18:44,17/08/2018,spirals-bears,TREATED
1c2dcf8c-1783-41b0-9cdb-5cb8478a1ab9_01-18-week1-PASSING_AND_PASSING,324507951,c840fe2b85c70a0f0d6841de7354ec3d55790707f78135db03b50e73dfb25832,17/08/18 18:44,17/08/2018,spirals-bears,TREATED
1c2dcf8c-1783-41b0-9cdb-5cb8478a1ab9_01-18-week1-PASSING_AND_PASSING,324881843,46abd28daf9ee7ea7238f28b04ff2ec6176770a43e299645a380b66d2c05183e,17/08/18 18:47,17/08/2018,spirals-bears,TREATED
1c2dcf8c-1783-41b0-9cdb-5cb8478a1ab9_01-18-week1-PASSING_AND_PASSING,324829138,b95f255a5b1f6361ce09a46fec9965c7d777183284ecbea9e81d6d8e6548c771,17/08/18 18:48,17/08/2018,spirals-bears,TREATED
1c2dcf8c-1783-41b0-9cdb-5cb8478a1ab9_01-18-week1-PASSING_AND_PASSING,323478417,e5401339150a45f8a1788796cc8a6c09c91e5faf5cd635bdf2eb5140895f9385,17/08/18 18:48,17/08/2018,spirals-bears,TREATED
1c2dcf8c-1783-41b0-9cdb-5cb8478a1ab9_01-18-week1-PASSING_AND_PASSING,323476221,1ac24464aafc7f7231c04b63b23f192a9e6479bc43f398d5387552b4c216058a,17/08/18 18:49,17/08/2018,spirals-bears,TREATED
1c2dcf8c-1783-41b0-9cdb-5cb8478a1ab9_01-18-week1-PASSING_AND_PASSING,322757929,d27ae5d45eb3a9cacd954c5c2d884b73a081caf662347624ed455d3c1469a4db,17/08/18 18:49,17/08/2018,spirals-bears,TREATED
1c2dcf8c-1783-41b0-9cdb-5cb8478a1ab9_01-18-week1-PASSING_AND_PASSING,326088161,f9dc4b5aec7bfaa5e11391d093bf61176bd738a47eff3a7cd0a9a5f70cc32082,17/08/18 18:49,17/08/2018,spirals-bears,TREATED
1c2dcf8c-1783-41b0-9cdb-5cb8478a1ab9_01-18-week1-PASSING_AND_PASSING,324684873,0c76cb084e4c23bfef181cdad6e54ea9aa40978ab58d4ae43028a3f02c62ef0c,17/08/18 18:51,17/08/2018,spirals-bears,TREATED
1c2dcf8c-1783-41b0-9cdb-5cb8478a1ab9_01-18-week1-PASSING_AND_PASSING,326072494,070cb0999559c02c35e63a931089815185d8462eff6a32aaffc19d411d73407a,17/08/18 18:51,17/08/2018,spirals-bears,TREATED
1c2dcf8c-1783-41b0-9cdb-5cb8478a1ab9_01-18-week1-PASSING_AND_PASSING,326072496,ff360c5dad53336dea37eb800060f15e157746f97e0203f85d612d76622aa278,17/08/18 18:52,17/08/2018,spirals-bears,TREATED
1c2dcf8c-1783-41b0-9cdb-5cb8478a1ab9_01-18-week1-PASSING_AND_PASSING,318632363,ec4c639c366358912c2777722659c515c79386dfd99f3dbf383ec7fa115a2f5d,17/08/18 18:52,17/08/2018,spirals-bears,TREATED
1c2dcf8c-1783-41b0-9cdb-5cb8478a1ab9_01-18-week1-PASSING_AND_PASSING,325205895,4fa7d0b751b6701a3ff9baf0486c4f8b12ccc61bf4a662c8cc4bfc720878236e,17/08/18 18:52,17/08/2018,spirals-bears,TREATED
1c2dcf8c-1783-41b0-9cdb-5cb8478a1ab9_01-18-week1-PASSING_AND_PASSING,325205881,8ebe6387b6eba0bf14bd36534db17a7a446e128e45953994e3398384206d9529,17/08/18 18:53,17/08/2018,spirals-bears,TREATED
1c2dcf8c-1783-41b0-9cdb-5cb8478a1ab9_01-18-week1-PASSING_AND_PASSING,324962286,cc924adbfdab659099d8f96ad6f7c1a5dd9cb945750bbc104782b739267f5833,17/08/18 18:53,17/08/2018,spirals-bears,TREATED
1c2dcf8c-1783-41b0-9cdb-5cb8478a1ab9_01-18-week1-PASSING_AND_PASSING,324962273,aecbf839c44046213eb43787ac2d4eeb504cbc9f906797b52e3ee1abeb947593,17/08/18 18:54,17/08/2018,spirals-bears,TREATED
1c2dcf8c-1783-41b0-9cdb-5cb8478a1ab9_01-18-week1-PASSING_AND_PASSING,324848225,41597a179ffc9e1d68266e69799c3b165c6075b6f5ab3893b0aa51502d85d954,17/08/18 18:54,17/08/2018,spirals-bears,TREATED
1c2dcf8c-1783-41b0-9cdb-5cb8478a1ab9_01-18-week1-PASSING_AND_PASSING,322632316,9217bbbbeb30f3aa203f1ccc6301ea6e19674416b4a12c87af3a75df0f58dd5c,17/08/18 18:55,17/08/2018,spirals-bears,TREATED
1c2dcf8c-1783-41b0-9cdb-5cb8478a1ab9_01-18-week1-PASSING_AND_PASSING,322632309,4c156fe3ed18ba49ff285ebe7543a3a8f31587cbc492a563ff2f52c055613c8b,17/08/18 18:55,17/08/2018,spirals-bears,TREATED
1c2dcf8c-1783-41b0-9cdb-5cb8478a1ab9_01-18-week1-PASSING_AND_PASSING,325828725,a1c83826e517e702009d34d07b488db654ecf06ef9f12e656d4304aa7bf8d2f9,17/08/18 18:56,17/08/2018,spirals-bears,TREATED
1c2dcf8c-1783-41b0-9cdb-5cb8478a1ab9_01-18-week1-PASSING_AND_PASSING,324935251,cf806536ef80dae7075f20a1ffa2e1806944698c03ba188eff629e7c62c45d32,17/08/18 18:56,17/08/2018,spirals-bears,TREATED
1c2dcf8c-1783-41b0-9cdb-5cb8478a1ab9_01-18-week1-PASSING_AND_PASSING,324935241,5dc531e6f9edf475e3729876346840968c62aa4802eccd335269c98b7765052f,17/08/18 18:56,17/08/2018,spirals-bears,TREATED
1c2dcf8c-1783-41b0-9cdb-5cb8478a1ab9_01-18-week1-PASSING_AND_PASSING,326074391,3a6c50c205bbf86e013ea02bfd84617791526f5165a0c3ba86f2532c41f8a83e,17/08/18 18:56,17/08/2018,spirals-bears,TREATED
1c2dcf8c-1783-41b0-9cdb-5cb8478a1ab9_01-18-week1-PASSING_AND_PASSING,324754998,173a0d7d9d4e3ee58ba21e5688e3a6ea3a0e5d8ff549a2cc63e0bf0d5bb07960,17/08/18 18:56,17/08/2018,spirals-bears,TREATED
1c2dcf8c-1783-41b0-9cdb-5cb8478a1ab9_01-18-week1-PASSING_AND_PASSING,324931704,504c641837e8dfb16d98911a240d0364ddc50fcc9cbc620947c25faeae65115e,17/08/18 18:56,17/08/2018,spirals-bears,TREATED
1c2dcf8c-1783-41b0-9cdb-5cb8478a1ab9_01-18-week1-PASSING_AND_PASSING,324754979,3e33c2c502e3a8149f1f36ee3d4cdd33ccc39205cf1fbcde8defc8bf45742d2e,17/08/18 18:57,17/08/2018,spirals-bears,TREATED
1c2dcf8c-1783-41b0-9cdb-5cb8478a1ab9_01-18-week1-PASSING_AND_PASSING,324846059,4915be03a7415918a2232cc0d423f9adcf7af5be3e79a51289c28ef18849afe5,17/08/18 18:57,17/08/2018,spirals-bears,TREATED
1c2dcf8c-1783-41b0-9cdb-5cb8478a1ab9_01-18-week1-PASSING_AND_PASSING,324845036,9c5b71946ceeeeba53d11b85f7f31637365662e74423eca713d8d2afb3657f9d,17/08/18 18:57,17/08/2018,spirals-bears,TREATED
1c2dcf8c-1783-41b0-9cdb-5cb8478a1ab9_01-18-week1-PASSING_AND_PASSING,324603712,df12f1a6f54c5f31dad3f699cd2f42cbc41ae55aa822f8bc06aae043e0d7b51e,17/08/18 18:57,17/08/2018,spirals-bears,TREATED
1c2dcf8c-1783-41b0-9cdb-5cb8478a1ab9_01-18-week1-PASSING_AND_PASSING,324603726,ff70d58a967c2b24a41bfc948fd7b9ceaa50a6ac00893a2ac7e1c36b25078b94,17/08/18 18:58,17/08/2018,spirals-bears,TREATED
1c2dcf8c-1783-41b0-9cdb-5cb8478a1ab9_01-18-week1-PASSING_AND_PASSING,324541898,b810e9fcebac30cded3457f93a0a5783946bfec64d6e5ac3c746a17230387641,17/08/18 18:58,17/08/2018,spirals-bears,TREATED
1c2dcf8c-1783-41b0-9cdb-5cb8478a1ab9_01-18-week1-PASSING_AND_PASSING,324541900,47f295ed809fa615eef14bbdabdc1c8cadd7783b029e6463b3379a7bf09dc6d3,17/08/18 18:58,17/08/2018,spirals-bears,TREATED
1c2dcf8c-1783-41b0-9cdb-5cb8478a1ab9_01-18-week1-PASSING_AND_PASSING,325220252,f6ef887b616e9727ad269d46dd4b65472cbcb96e8b2db8453c1201cb174f7d96,17/08/18 18:58,17/08/2018,spirals-bears,TREATED
1c2dcf8c-1783-41b0-9cdb-5cb8478a1ab9_01-18-week1-PASSING_AND_PASSING,324502560,7975ce2f464c05e1ee257af6e40c3d0d45180187c0a79734d73cc6916e8b04ee,17/08/18 18:58,17/08/2018,spirals-bears,TREATED
1c2dcf8c-1783-41b0-9cdb-5cb8478a1ab9_01-18-week1-PASSING_AND_PASSING,324502613,8d9a4a7d542631a04f2ac21743be9de14b429d6d0a3c735e8cdd3c25749f1081,17/08/18 18:58,17/08/2018,spirals-bears,TREATED
1c2dcf8c-1783-41b0-9cdb-5cb8478a1ab9_01-18-week1-PASSING_AND_PASSING,322517875,ea7444eca542cb3c50d33e827a7097671b41cbdbee3eeeff0160ad8eef622386,17/08/18 18:59,17/08/2018,spirals-bears,TREATED
1c2dcf8c-1783-41b0-9cdb-5cb8478a1ab9_01-18-week1-PASSING_AND_PASSING,318260458,f5122a41ae249398ee418b0d9b423caf4b6aef18a83f5cc42378de0e2bb010d1,17/08/18 18:59,17/08/2018,spirals-bears,TREATED
1c2dcf8c-1783-41b0-9cdb-5cb8478a1ab9_01-18-week1-PASSING_AND_PASSING,324329810,ee43b160719e37e544ac4b9714115335457da7fa27c573060ac7df0e6924667b,17/08/18 19:00,17/08/2018,spirals-bears,TREATED
1c2dcf8c-1783-41b0-9cdb-5cb8478a1ab9_01-18-week1-PASSING_AND_PASSING,323198045,63ef296a23ac62c8ae9a1f5ea08feb09844447d5a2fd9141861441d6fa541b09,17/08/18 19:02,17/08/2018,spirals-bears,TREATED
1c2dcf8c-1783-41b0-9cdb-5cb8478a1ab9_01-18-week1-PASSING_AND_PASSING,324911459,ce9055dd0d5098c9184f3463aa062ebe75f7e2666862c3269120d48b1974a464,17/08/18 19:06,17/08/2018,spirals-bears,TREATED
1c2dcf8c-1783-41b0-9cdb-5cb8478a1ab9_01-18-week1-PASSING_AND_PASSING,324911006,c9e6fe651f9fb3fda83d0a231b074db42ed3b4f49cb19fe26d6415fb6d976d6f,17/08/18 19:07,17/08/2018,spirals-bears,TREATED
1c2dcf8c-1783-41b0-9cdb-5cb8478a1ab9_01-18-week1-PASSING_AND_PASSING,324048974,b8b4c63ad44367f85caadfedb6bc5fd779588291083c38a27cfce4b2359e2f02,17/08/18 19:08,17/08/2018,spirals-bears,TREATED
1c2dcf8c-1783-41b0-9cdb-5cb8478a1ab9_01-18-week1-PASSING_AND_PASSING,324906112,b599ba0663cac3ac942f270a362b62c636dc29c14e7d6b2332fc22a7abd5297f,17/08/18 19:10,17/08/2018,spirals-bears,TREATED
1c2dcf8c-1783-41b0-9cdb-5cb8478a1ab9_01-18-week1-PASSING_AND_PASSING,324048405,c8b47f2cc23b946a83dc47e92662448e6c6fb1fbfc88d1d3da8fbcd2cb9f8cc9,17/08/18 19:11,17/08/2018,spirals-bears,TREATED
1c2dcf8c-1783-41b0-9cdb-5cb8478a1ab9_01-18-week1-PASSING_AND_PASSING,324888913,204a445f98428c60736e0b867b53f54c6c3c34bc755dab46bc42848cdfbbe3b0,17/08/18 19:13,17/08/2018,spirals-bears,TREATED
1c2dcf8c-1783-41b0-9cdb-5cb8478a1ab9_01-18-week1-PASSING_AND_PASSING,322845507,a56262a3f12078724b406ebe4ca8ecdf88146804854e3b8aa8dff47de8959180,17/08/18 19:15,17/08/2018,spirals-bears,TREATED
1c2dcf8c-1783-41b0-9cdb-5cb8478a1ab9_01-18-week1-PASSING_AND_PASSING,322136371,8982f8db42adf7abe2bb5a5fc6ab841b6f58d132479be612037d51e3a5cb7f3e,17/08/18 19:18,17/08/2018,spirals-bears,TREATED
1c2dcf8c-1783-41b0-9cdb-5cb8478a1ab9_01-18-week1-PASSING_AND_PASSING,321360163,c5e4a9cb97cec8b25566230d2cbf87bc8d62ff6da7189450f8a74ac808f49e8c,17/08/18 19:23,17/08/2018,spirals-bears,TREATED
1c2dcf8c-1783-41b0-9cdb-5cb8478a1ab9_01-18-week1-PASSING_AND_PASSING,326056891,7ffc23f7f30d1f991056ab9685d7143d0101f670a1058d4a4e161f5005d040d4,17/08/18 19:27,17/08/2018,spirals-bears,TREATED
1c2dcf8c-1783-41b0-9cdb-5cb8478a1ab9_01-18-week1-PASSING_AND_PASSING,324714646,3bdf9c80da28994ea06cadc8926b94931727e7f43dd67c97ad2ec7ed2811debc,17/08/18 19:31,17/08/2018,spirals-bears,TREATED
1c2dcf8c-1783-41b0-9cdb-5cb8478a1ab9_01-18-week1-PASSING_AND_PASSING,324406088,644e30de0976e78439aad1a6334599d48e69a1da9e0ae46bd3846d310e20a135,17/08/18 19:31,17/08/2018,spirals-bears,TREATED
1c2dcf8c-1783-41b0-9cdb-5cb8478a1ab9_01-18-week1-PASSING_AND_PASSING,317062484,47004dd6f27ebeee06bcede67c741a477b1fb51a487d609c53dd4389f0404b1c,17/08/18 19:31,17/08/2018,spirals-bears,TREATED
1c2dcf8c-1783-41b0-9cdb-5cb8478a1ab9_01-18-week1-PASSING_AND_PASSING,319319393,7766c9d974cd4fb8cd84891f676c8d6eb0f2da18101fed947227df00bcaec8c0,17/08/18 19:32,17/08/2018,spirals-bears,TREATED
1c2dcf8c-1783-41b0-9cdb-5cb8478a1ab9_01-18-week1-PASSING_AND_PASSING,319315023,62650d4c49f279672e08d5248e84ab430df0e730ac945232b6e2cf4855015f88,17/08/18 19:32,17/08/2018,spirals-bears,TREATED
1c2dcf8c-1783-41b0-9cdb-5cb8478a1ab9_01-18-week1-PASSING_AND_PASSING,324715428,ca569f50e0aebec28b266a932b10a2ed2e1ab4e22a54c5f43c6cbca30a893099,17/08/18 19:33,17/08/2018,spirals-bears,TREATED
1c2dcf8c-1783-41b0-9cdb-5cb8478a1ab9_01-18-week1-PASSING_AND_PASSING,324707935,1240088880b1f50ddbc4300e3c82e046c85679235629e4527cc35d03183bdd05,17/08/18 19:38,17/08/2018,spirals-bears,TREATED
1c2dcf8c-1783-41b0-9cdb-5cb8478a1ab9_01-18-week1-PASSING_AND_PASSING,325512995,9d4029cb877731a30df55451eadc52adf565e3eab8d69cbee3608390b2c9d6fa,17/08/18 19:40,17/08/2018,spirals-bears,TREATED
1c2dcf8c-1783-41b0-9cdb-5cb8478a1ab9_01-18-week1-PASSING_AND_PASSING,325462460,1c4a7e76a5be643170ffea4173cfc81f848e18c07a37f7312b9ec02656ec3393,17/08/18 19:41,17/08/2018,spirals-bears,TREATED
1c2dcf8c-1783-41b0-9cdb-5cb8478a1ab9_01-18-week1-PASSING_AND_PASSING,325229788,1090974fc82b77bb015477dbeba6a87a12f5f242620835f0d4f6b383909944da,17/08/18 19:41,17/08/2018,spirals-bears,TREATED
1c2dcf8c-1783-41b0-9cdb-5cb8478a1ab9_01-18-week1-PASSING_AND_PASSING,324664367,c1fa568c3be32f124196d0e4add9cab65c5c45df955eeb3a9c7f991c83be4b8d,17/08/18 19:41,17/08/2018,spirals-bears,TREATED
1c2dcf8c-1783-41b0-9cdb-5cb8478a1ab9_01-18-week1-PASSING_AND_PASSING,324649735,5323d6b920d63bc31f0ff7e4fd75f428e92f9169144ad70d0e70d5c731b44e0e,17/08/18 19:41,17/08/2018,spirals-bears,TREATED
1c2dcf8c-1783-41b0-9cdb-5cb8478a1ab9_01-18-week1-PASSING_AND_PASSING,325228789,94e48e56aca279b2c30151dd748e1805a0b472f3762fcd9991c02500a4a65679,17/08/18 19:41,17/08/2018,spirals-bears,TREATED
1c2dcf8c-1783-41b0-9cdb-5cb8478a1ab9_01-18-week1-PASSING_AND_PASSING,317503857,020a5891e1f2cdd72776c6c22d16a736a20b57e494bdf5757883de0bfbf06ff4,17/08/18 19:44,17/08/2018,spirals-bears,TREATED
1c2dcf8c-1783-41b0-9cdb-5cb8478a1ab9_01-18-week1-PASSING_AND_PASSING,324424874,18880c9b3df2627f8fd6ed75d9263669a4363a5eb00649c0459874b4c0186a55,17/08/18 19:45,17/08/2018,spirals-bears,TREATED
1c2dcf8c-1783-41b0-9cdb-5cb8478a1ab9_01-18-week1-PASSING_AND_PASSING,213340160,130b822735f55902860f6f11a6bce7f784ff9af2a7747e595ec19311f4eab60e,17/08/18 19:45,17/08/2018,spirals-bears,TREATED
1c2dcf8c-1783-41b0-9cdb-5cb8478a1ab9_01-18-week1-PASSING_AND_PASSING,323394270,d600b68ec051469391fab59c3d91329586e11cb9de0bbe069e3f34ee05d5a7a3,17/08/18 19:45,17/08/2018,spirals-bears,TREATED
1c2dcf8c-1783-41b0-9cdb-5cb8478a1ab9_01-18-week1-PASSING_AND_PASSING,324727805,a1282069a3db0e2e0b39cb1519f42bf9a2caa2196158a6428666451040edeadb,17/08/18 19:46,17/08/2018,spirals-bears,TREATED
1c2dcf8c-1783-41b0-9cdb-5cb8478a1ab9_01-18-week1-PASSING_AND_PASSING,325544460,6fb7e89f904cc6e79a25beaf2eaa8b7f06c130cbea1f3b556386c78858806ac5,17/08/18 19:53,17/08/2018,spirals-bears,TREATED
1c2dcf8c-1783-41b0-9cdb-5cb8478a1ab9_01-18-week1-PASSING_AND_PASSING,325528488,2fa24d842f2c094cb2b53208955f5991eec9f48411e5e623f4446176f74d2f8f,17/08/18 19:54,17/08/2018,spirals-bears,TREATED
1c2dcf8c-1783-41b0-9cdb-5cb8478a1ab9_01-18-week1-PASSING_AND_PASSING,325112966,100423293c49c66759381db074dbca1147b2995caac9747479e49c072886b257,17/08/18 19:54,17/08/2018,spirals-bears,TREATED
1c2dcf8c-1783-41b0-9cdb-5cb8478a1ab9_01-18-week1-PASSING_AND_PASSING,324594942,d938fd359805aa21287967da223f66a0333d1995022c5977679c06241e12b07b,17/08/18 19:55,17/08/2018,spirals-bears,TREATED
1c2dcf8c-1783-41b0-9cdb-5cb8478a1ab9_01-18-week1-PASSING_AND_PASSING,323379913,815e0f81a8c670877c56fc0e68beed71a7430286f7d99e73ea33344f528b922f,17/08/18 19:56,17/08/2018,spirals-bears,TREATED
1c2dcf8c-1783-41b0-9cdb-5cb8478a1ab9_01-18-week1-PASSING_AND_PASSING,324409519,499dbb939def941b9d6deb6bdf472d31f718e4585fb48e298753c51ee765b1ed,17/08/18 20:00,17/08/2018,spirals-bears,TREATED
1c2dcf8c-1783-41b0-9cdb-5cb8478a1ab9_01-18-week1-PASSING_AND_PASSING,321020642,bf8a23b6d39f3eee9757dfe1a04df31e18ec36ff5ffc5805763e86604828a638,17/08/18 20:04,17/08/2018,spirals-bears,TREATED
1c2dcf8c-1783-41b0-9cdb-5cb8478a1ab9_01-18-week1-PASSING_AND_PASSING,324211527,a3171b5ca6286ac380169a397280fa168b6a942f7e5b2d8da2dd98722cae9970,17/08/18 20:09,17/08/2018,spirals-bears,TREATED
1c2dcf8c-1783-41b0-9cdb-5cb8478a1ab9_01-18-week1-PASSING_AND_PASSING,319370150,383111d8475519398bba5fb74e310129e1fe80244a00fb38c7cdce549dd1585b,17/08/18 20:10,17/08/2018,spirals-bears,TREATED
1c2dcf8c-1783-41b0-9cdb-5cb8478a1ab9_01-18-week1-PASSING_AND_PASSING,297346396,d5220c76587fb10a70b34e8aeff41f068d29160a7f1cb06ad1cbfd44d225d731,17/08/18 20:11,17/08/2018,spirals-bears,TREATED
1c2dcf8c-1783-41b0-9cdb-5cb8478a1ab9_01-18-week1-PASSING_AND_PASSING,326073383,bebe5e4380393fc9e9ecee1666ea98593a739d1192f7dacaec127db2ace61118,17/08/18 20:13,17/08/2018,spirals-bears,TREATED
1c2dcf8c-1783-41b0-9cdb-5cb8478a1ab9_01-18-week1-PASSING_AND_PASSING,325952284,84d6117e45c866bceee73fb7828bee76b777422e55b3c155b1176b99a794bc2f,17/08/18 20:13,17/08/2018,spirals-bears,TREATED
1c2dcf8c-1783-41b0-9cdb-5cb8478a1ab9_01-18-week1-PASSING_AND_PASSING,324676992,648b109a9303bf14c2cc11246df2a31fa93eb70252c0d4ac42988f5913122025,17/08/18 20:14,17/08/2018,spirals-bears,TREATED
1c2dcf8c-1783-41b0-9cdb-5cb8478a1ab9_01-18-week1-PASSING_AND_PASSING,324714049,1d860b8fb82376654df86de381df69f2948ba8beb6a42af4c91fd6407cee8854,17/08/18 20:18,17/08/2018,spirals-bears,TREATED
1c2dcf8c-1783-41b0-9cdb-5cb8478a1ab9_01-18-week1-PASSING_AND_PASSING,318040142,d5a8ad1c83ffd24aceebf773ae2359565c636ea9f69f1b7c5b169026339d3707,17/08/18 20:19,17/08/2018,spirals-bears,TREATED
1c2dcf8c-1783-41b0-9cdb-5cb8478a1ab9_01-18-week1-PASSING_AND_PASSING,322661318,452e1d96ce0b0f97a6fff1ce7b02333c49bf8d101492946af57766c47c5bc3c4,17/08/18 20:19,17/08/2018,spirals-bears,TREATED
1c2dcf8c-1783-41b0-9cdb-5cb8478a1ab9_01-18-week1-PASSING_AND_PASSING,320293221,de14697483508c13d59930cc5eccefb9e37db55ef8641563f90dd73a17e97457,17/08/18 20:19,17/08/2018,spirals-bears,TREATED
1c2dcf8c-1783-41b0-9cdb-5cb8478a1ab9_01-18-week1-PASSING_AND_PASSING,325994538,d5b47898344c984f376b9a95c8d4d99db0becac47191926586a3b0bd60f46cb6,17/08/18 20:25,17/08/2018,spirals-bears,TREATED
1c2dcf8c-1783-41b0-9cdb-5cb8478a1ab9_01-18-week1-PASSING_AND_PASSING,322836554,5cef752ccc24c9d8d62425a049928dc508618e591bdb3965fb68dcfd86d6086b,17/08/18 20:25,17/08/2018,spirals-bears,TREATED
1c2dcf8c-1783-41b0-9cdb-5cb8478a1ab9_01-18-week1-PASSING_AND_PASSING,325785981,f1bbb5133ad1d1d7dff3f669556b758d3faf066488c4675118287d7ba00ea7d4,17/08/18 20:25,17/08/2018,spirals-bears,TREATED
1c2dcf8c-1783-41b0-9cdb-5cb8478a1ab9_01-18-week1-PASSING_AND_PASSING,320670242,2037fa2b09a3c2a0cf76dbfac60622786a5a12672f1b8821d4cb5bfe9c9e624b,17/08/18 20:27,17/08/2018,spirals-bears,TREATED
1c2dcf8c-1783-41b0-9cdb-5cb8478a1ab9_01-18-week1-PASSING_AND_PASSING,325279579,ff7a7ec7e5c0b1590c03795bee37a0312464f24f66c5ba510c1f4f1e540efb7d,17/08/18 20:28,17/08/2018,spirals-bears,TREATED
1c2dcf8c-1783-41b0-9cdb-5cb8478a1ab9_01-18-week1-PASSING_AND_PASSING,324911462,ca6d00475f54ee14be27b122fdeb83ae65f6ca67e4c651474e0a2a4e12c0c032,17/08/18 20:28,17/08/2018,spirals-bears,TREATED
1c2dcf8c-1783-41b0-9cdb-5cb8478a1ab9_01-18-week1-PASSING_AND_PASSING,324466442,2fe015102c33ea9b4377cbc4b44610a69bed6b3f4a9941ac85461aa42a9a9e30,17/08/18 20:28,17/08/2018,spirals-bears,TREATED
1c2dcf8c-1783-41b0-9cdb-5cb8478a1ab9_01-18-week1-PASSING_AND_PASSING,325831311,7e95b1eebbbf5f34aec95ae64a316915868f69a80667411c3e9dc8d27d513491,17/08/18 20:28,17/08/2018,spirals-bears,TREATED
1c2dcf8c-1783-41b0-9cdb-5cb8478a1ab9_01-18-week1-PASSING_AND_PASSING,324867230,109b408c0199b6eea45a3f2c749c2fc1698b6c778a3509dfbf80b95ebd3ee7b0,17/08/18 20:29,17/08/2018,spirals-bears,TREATED
1c2dcf8c-1783-41b0-9cdb-5cb8478a1ab9_01-18-week1-PASSING_AND_PASSING,324533869,fe24302697983af46877dbd361048ac771d68a150693d60014e95835413e04c7,17/08/18 20:29,17/08/2018,spirals-bears,TREATED
1c2dcf8c-1783-41b0-9cdb-5cb8478a1ab9_01-18-week1-PASSING_AND_PASSING,324476973,83ac7ce1ad8dde141e8b629aa932325204bbf2e2592893c6aa4bd0930903174e,17/08/18 20:29,17/08/2018,spirals-bears,TREATED
1c2dcf8c-1783-41b0-9cdb-5cb8478a1ab9_01-18-week1-PASSING_AND_PASSING,324194254,2604c1eff05598ea1049f9cd143aa3b3402300e613d616af89ae681f59a40662,17/08/18 20:29,17/08/2018,spirals-bears,TREATED
1c2dcf8c-1783-41b0-9cdb-5cb8478a1ab9_01-18-week1-PASSING_AND_PASSING,324123617,c581da06572cdfc2011e89ba24f41ee795bd1b0fdead8d846d32e81d49195a27,17/08/18 20:29,17/08/2018,spirals-bears,TREATED
1c2dcf8c-1783-41b0-9cdb-5cb8478a1ab9_01-18-week1-PASSING_AND_PASSING,324130944,e676b1de8aa370959ce91e5427e013bf32c545765e5e6ea7277aa0f390fa2da8,17/08/18 20:29,17/08/2018,spirals-bears,TREATED
1c2dcf8c-1783-41b0-9cdb-5cb8478a1ab9_01-18-week1-PASSING_AND_PASSING,324114462,4e3a7f053f059c9221f53687959fb49b547f066586212241146970130dffa36c,17/08/18 20:30,17/08/2018,spirals-bears,TREATED
1c2dcf8c-1783-41b0-9cdb-5cb8478a1ab9_01-18-week1-PASSING_AND_PASSING,324123383,30df0e9866518455e66efc36c5da96801fe02ea94b1fa8d3bea19bf8dea6bbd6,17/08/18 20:30,17/08/2018,spirals-bears,TREATED
1c2dcf8c-1783-41b0-9cdb-5cb8478a1ab9_01-18-week1-PASSING_AND_PASSING,324034918,29881c401a9f237333b2043c41284a064c58efad9c8fb932f058543669802725,17/08/18 20:30,17/08/2018,spirals-bears,TREATED
1c2dcf8c-1783-41b0-9cdb-5cb8478a1ab9_01-18-week1-PASSING_AND_PASSING,324053013,e1434bb6cce1e70b878cfa5e8a5aedcf547b09401d2523e399183c63d9adce4c,17/08/18 20:30,17/08/2018,spirals-bears,TREATED
1c2dcf8c-1783-41b0-9cdb-5cb8478a1ab9_01-18-week1-PASSING_AND_PASSING,324081392,fb6c0c55e463c4eae5ba0b7cfb29f6ed6a0aac2e5fd28cb45aa3ee989815ee36,17/08/18 20:31,17/08/2018,spirals-bears,TREATED
1c2dcf8c-1783-41b0-9cdb-5cb8478a1ab9_01-18-week1-PASSING_AND_PASSING,323995597,1922e0e92d22e4e360c3a2e75fd13ad007ce8c27a60082501b47ad368ec49c2a,17/08/18 20:31,17/08/2018,spirals-bears,TREATED
1c2dcf8c-1783-41b0-9cdb-5cb8478a1ab9_01-18-week1-PASSING_AND_PASSING,325854063,32b330012bed301648f9f4c3bdbe9098c3b47b8bb10729a6fd6302368406f9c9,17/08/18 20:31,17/08/2018,spirals-bears,TREATED
1c2dcf8c-1783-41b0-9cdb-5cb8478a1ab9_01-18-week1-PASSING_AND_PASSING,323995546,240853d969c643009bb01783217612e5927b07a9eb15e5b76202588ba2734ff1,17/08/18 20:31,17/08/2018,spirals-bears,TREATED
1c2dcf8c-1783-41b0-9cdb-5cb8478a1ab9_01-18-week1-PASSING_AND_PASSING,324048692,0527dbf28ba8086c4aa44cbd61e771c1b7f62599daa5ae2915c2673ccb17387f,17/08/18 20:31,17/08/2018,spirals-bears,TREATED
1c2dcf8c-1783-41b0-9cdb-5cb8478a1ab9_01-18-week1-PASSING_AND_PASSING,325108794,1971fb1886359604dee52b5ec7be0921123b60620389d4174d7e35e3c6817a27,17/08/18 20:31,17/08/2018,spirals-bears,TREATED
1c2dcf8c-1783-41b0-9cdb-5cb8478a1ab9_01-18-week1-PASSING_AND_PASSING,325108842,add1bdac0d8af087c6aa8fc1ae9cc1a904b0cbb912371a3df62cd6755487b965,17/08/18 20:32,17/08/2018,spirals-bears,TREATED
1c2dcf8c-1783-41b0-9cdb-5cb8478a1ab9_01-18-week1-PASSING_AND_PASSING,324241348,e91e36faf69382346107bd010206f7cb15c23dc76c1396ce1d87500d118aebdd,17/08/18 20:32,17/08/2018,spirals-bears,TREATED
1c2dcf8c-1783-41b0-9cdb-5cb8478a1ab9_01-18-week1-PASSING_AND_PASSING,324218868,29fc58534be4e83a00e7ebc2401bb6ca11a1f7b5459af6ad0e6a51fdd72960cb,17/08/18 20:32,17/08/2018,spirals-bears,TREATED
1c2dcf8c-1783-41b0-9cdb-5cb8478a1ab9_01-18-week1-PASSING_AND_PASSING,309118904,5fe4e43d126959cbb6793cc9e756fed3232fb537c17908b6cb4b1936c0d67b3f,17/08/18 20:34,17/08/2018,spirals-bears,TREATED
1c2dcf8c-1783-41b0-9cdb-5cb8478a1ab9_01-18-week1-PASSING_AND_PASSING,324240936,30067d8561180bec86b84cc56ec9391e82fcf6a2119603199a574ad56c16e635,17/08/18 20:34,17/08/2018,spirals-bears,TREATED
1c2dcf8c-1783-41b0-9cdb-5cb8478a1ab9_01-18-week1-PASSING_AND_PASSING,325378251,0ef39c15bb5355b935db99c7eb73b0c09ceded30c9ed6fe5648e7ec41d60f166,17/08/18 20:34,17/08/2018,spirals-bears,TREATED
1c2dcf8c-1783-41b0-9cdb-5cb8478a1ab9_01-18-week1-PASSING_AND_PASSING,325165971,40469c4515f7099b99d82303cfe131a233d36253f2fbee0f86faf72c171f5608,17/08/18 20:35,17/08/2018,spirals-bears,TREATED
1c2dcf8c-1783-41b0-9cdb-5cb8478a1ab9_01-18-week1-PASSING_AND_PASSING,325163352,616a081e65ce09ccdc57f3baed59cd1867a3ba3a163f64fcb3350d65c239fecf,17/08/18 20:37,17/08/2018,spirals-bears,TREATED
1c2dcf8c-1783-41b0-9cdb-5cb8478a1ab9_01-18-week1-PASSING_AND_PASSING,325282869,b4d485adafbfd1c66c6cd8b1926974016cc6c1261a62f843087d301abec61211,17/08/18 20:39,17/08/2018,spirals-bears,TREATED
1c2dcf8c-1783-41b0-9cdb-5cb8478a1ab9_01-18-week1-PASSING_AND_PASSING,325312231,71c0247b0d154e0cfb4227af1c74c7a8608d45adccbe565ef2993383f0d79486,17/08/18 20:39,17/08/2018,spirals-bears,TREATED
1c2dcf8c-1783-41b0-9cdb-5cb8478a1ab9_01-18-week1-PASSING_AND_PASSING,324047191,e23e04b400c02d527a67c56e9ddee99bccd3b9cc64c3ebd03029d2660e15f7df,17/08/18 20:42,17/08/2018,spirals-bears,TREATED
1c2dcf8c-1783-41b0-9cdb-5cb8478a1ab9_01-18-week1-PASSING_AND_PASSING,324066628,874af9c887030f96c4ee9505141555aa4c95e3c71b729238647b0b865b83e697,17/08/18 20:42,17/08/2018,spirals-bears,TREATED
1c2dcf8c-1783-41b0-9cdb-5cb8478a1ab9_01-18-week1-PASSING_AND_PASSING,324040188,0bc0a73d6075784eea704f225e45deb9c9fd348a8e3fcf8c9a7572169240c63f,17/08/18 20:47,17/08/2018,spirals-bears,TREATED
1c2dcf8c-1783-41b0-9cdb-5cb8478a1ab9_01-18-week1-PASSING_AND_PASSING,324021438,48bc2518aea74d231e77343d2fa9ea0a5a5e872ae612aa18393024f96f4d929d,17/08/18 20:47,17/08/2018,spirals-bears,TREATED
1c2dcf8c-1783-41b0-9cdb-5cb8478a1ab9_01-18-week1-PASSING_AND_PASSING,324087285,e1201dc7f99c7df6d2d13f07cb5f80ffbadfc0eb9b47bc8688f449e78794e265,17/08/18 20:48,17/08/2018,spirals-bears,TREATED
1c2dcf8c-1783-41b0-9cdb-5cb8478a1ab9_01-18-week1-PASSING_AND_PASSING,324069675,ef760830182cb60e2e69c7c86c00fd5317039b0bfdb62130a87ddbf237c0e1d2,17/08/18 20:48,17/08/2018,spirals-bears,TREATED
1c2dcf8c-1783-41b0-9cdb-5cb8478a1ab9_01-18-week1-PASSING_AND_PASSING,325147074,d62f784efd522fb42417d427046089345963c95c8e931020b5d590ca680735c0,17/08/18 20:48,17/08/2018,spirals-bears,TREATED
1c2dcf8c-1783-41b0-9cdb-5cb8478a1ab9_01-18-week1-PASSING_AND_PASSING,322543877,681cba4dae44a9e6be606c190fcfb100822a6a33becd35830edd3c2cf65d8fd0,17/08/18 20:55,17/08/2018,spirals-bears,TREATED
1c2dcf8c-1783-41b0-9cdb-5cb8478a1ab9_01-18-week1-PASSING_AND_PASSING,320472185,2b6342aa49dd21d42b90b7587b8b15b1e385b27110c5354b1ed8f17e560723e9,17/08/18 21:03,17/08/2018,spirals-bears,TREATED
1c2dcf8c-1783-41b0-9cdb-5cb8478a1ab9_01-18-week1-PASSING_AND_PASSING,324576979,9f4d709d3070e4eea2b6ad034931f10660546da938fa7a0350c02058007ea67a,17/08/18 21:04,17/08/2018,spirals-bears,TREATED
1c2dcf8c-1783-41b0-9cdb-5cb8478a1ab9_01-18-week1-PASSING_AND_PASSING,324558013,faca24f5bf87ffb44fe9ee5837d60a5f6f4c8e269d22eca69558533b1f0ab671,17/08/18 21:05,17/08/2018,spirals-bears,TREATED
1c2dcf8c-1783-41b0-9cdb-5cb8478a1ab9_01-18-week1-PASSING_AND_PASSING,324630052,6ff3a14735a8db21a492cd68cb9dcb755785a8d20867d99dd230f5678ff1ddc1,17/08/18 21:09,17/08/2018,spirals-bears,TREATED
1c2dcf8c-1783-41b0-9cdb-5cb8478a1ab9_01-18-week1-PASSING_AND_PASSING,323950165,86cc7c5d7b84edac1941660df6980c756088c292dcb3fb2a0b9e5b46065905dd,17/08/18 21:09,17/08/2018,spirals-bears,TREATED
1c2dcf8c-1783-41b0-9cdb-5cb8478a1ab9_01-18-week1-PASSING_AND_PASSING,324551883,cf6c96d35e95dd378fe33e270d4c7938f3799f2ca97c6422b5712edc767f0aa4,17/08/18 21:09,17/08/2018,spirals-bears,TREATED
1c2dcf8c-1783-41b0-9cdb-5cb8478a1ab9_01-18-week1-PASSING_AND_PASSING,188639297,dd555098fb47b9a5b3b44f0f9e24b80524dade44463a9b7a1183705f884feded,17/08/18 21:09,17/08/2018,spirals-bears,TREATED
1c2dcf8c-1783-41b0-9cdb-5cb8478a1ab9_01-18-week1-PASSING_AND_PASSING,322728011,c2bdf48318b88968a9380b3dc65ccba4fa659483ea23e56d135f0718739c0587,17/08/18 21:10,17/08/2018,spirals-bears,TREATED
1c2dcf8c-1783-41b0-9cdb-5cb8478a1ab9_01-18-week1-PASSING_AND_PASSING,324552908,831e1bd11739d5679c0fddc05f4b76a774964b29f3f33a8ef6212c24c7b10730,17/08/18 21:10,17/08/2018,spirals-bears,TREATED
1c2dcf8c-1783-41b0-9cdb-5cb8478a1ab9_01-18-week1-PASSING_AND_PASSING,323253647,44c21cea0752a08400f59255679855a5969e3c0c17638a95047d6184f2be1b47,17/08/18 21:15,17/08/2018,spirals-bears,TREATED
