0c1dbb4d-1cbc-485c-8949-10b1e9ab500a_04-18-week2-PASSING_AND_PASSING,dockerPool,spirals-bears,16,487961768,506462208
0c1dbb4d-1cbc-485c-8949-10b1e9ab500a_04-18-week2-PASSING_AND_PASSING,365621213,spirals-bears,16,458889952,506462208
0c1dbb4d-1cbc-485c-8949-10b1e9ab500a_04-18-week2-PASSING_AND_PASSING,364522436,spirals-bears,16,458890224,506462208
0c1dbb4d-1cbc-485c-8949-10b1e9ab500a_04-18-week2-PASSING_AND_PASSING,365853940,spirals-bears,16,458890304,506462208
0c1dbb4d-1cbc-485c-8949-10b1e9ab500a_04-18-week2-PASSING_AND_PASSING,365490264,spirals-bears,16,458890424,506462208
0c1dbb4d-1cbc-485c-8949-10b1e9ab500a_04-18-week2-PASSING_AND_PASSING,364522261,spirals-bears,16,458889936,506462208
0c1dbb4d-1cbc-485c-8949-10b1e9ab500a_04-18-week2-PASSING_AND_PASSING,363107539,spirals-bears,16,458884184,506462208
0c1dbb4d-1cbc-485c-8949-10b1e9ab500a_04-18-week2-PASSING_AND_PASSING,261262689,spirals-bears,16,458889944,506462208
0c1dbb4d-1cbc-485c-8949-10b1e9ab500a_04-18-week2-PASSING_AND_PASSING,364021259,spirals-bears,16,458890360,506462208
0c1dbb4d-1cbc-485c-8949-10b1e9ab500a_04-18-week2-PASSING_AND_PASSING,365801346,spirals-bears,16,458889840,506462208
0c1dbb4d-1cbc-485c-8949-10b1e9ab500a_04-18-week2-PASSING_AND_PASSING,366060494,spirals-bears,16,458890120,506462208
0c1dbb4d-1cbc-485c-8949-10b1e9ab500a_04-18-week2-PASSING_AND_PASSING,363394633,spirals-bears,16,458884320,506462208
0c1dbb4d-1cbc-485c-8949-10b1e9ab500a_04-18-week2-PASSING_AND_PASSING,363080370,spirals-bears,16,458888200,506462208
0c1dbb4d-1cbc-485c-8949-10b1e9ab500a_04-18-week2-PASSING_AND_PASSING,365298740,spirals-bears,16,458890080,506462208
0c1dbb4d-1cbc-485c-8949-10b1e9ab500a_04-18-week2-PASSING_AND_PASSING,365298018,spirals-bears,16,458889864,506462208
0c1dbb4d-1cbc-485c-8949-10b1e9ab500a_04-18-week2-PASSING_AND_PASSING,365045467,spirals-bears,16,458890152,506462208
0c1dbb4d-1cbc-485c-8949-10b1e9ab500a_04-18-week2-PASSING_AND_PASSING,364922015,spirals-bears,16,458884064,506462208
0c1dbb4d-1cbc-485c-8949-10b1e9ab500a_04-18-week2-PASSING_AND_PASSING,364452873,spirals-bears,16,458890088,506462208
0c1dbb4d-1cbc-485c-8949-10b1e9ab500a_04-18-week2-PASSING_AND_PASSING,364950620,spirals-bears,16,458890416,506462208
0c1dbb4d-1cbc-485c-8949-10b1e9ab500a_04-18-week2-PASSING_AND_PASSING,364454381,spirals-bears,16,458883904,506462208
0c1dbb4d-1cbc-485c-8949-10b1e9ab500a_04-18-week2-PASSING_AND_PASSING,364739655,spirals-bears,16,458883896,506462208
0c1dbb4d-1cbc-485c-8949-10b1e9ab500a_04-18-week2-PASSING_AND_PASSING,364523986,spirals-bears,16,458890816,506462208
0c1dbb4d-1cbc-485c-8949-10b1e9ab500a_04-18-week2-PASSING_AND_PASSING,364423750,spirals-bears,16,458886128,506462208
0c1dbb4d-1cbc-485c-8949-10b1e9ab500a_04-18-week2-PASSING_AND_PASSING,364358652,spirals-bears,16,458883856,506462208
0c1dbb4d-1cbc-485c-8949-10b1e9ab500a_04-18-week2-PASSING_AND_PASSING,364353720,spirals-bears,16,458889928,506462208
0c1dbb4d-1cbc-485c-8949-10b1e9ab500a_04-18-week2-PASSING_AND_PASSING,364390400,spirals-bears,16,458890376,506462208
0c1dbb4d-1cbc-485c-8949-10b1e9ab500a_04-18-week2-PASSING_AND_PASSING,364354772,spirals-bears,16,458884552,506462208
0c1dbb4d-1cbc-485c-8949-10b1e9ab500a_04-18-week2-PASSING_AND_PASSING,362838552,spirals-bears,16,458890152,506462208
0c1dbb4d-1cbc-485c-8949-10b1e9ab500a_04-18-week2-PASSING_AND_PASSING,364317843,spirals-bears,16,458884248,506462208
0c1dbb4d-1cbc-485c-8949-10b1e9ab500a_04-18-week2-PASSING_AND_PASSING,364280863,spirals-bears,16,458889952,506462208
0c1dbb4d-1cbc-485c-8949-10b1e9ab500a_04-18-week2-PASSING_AND_PASSING,365899787,spirals-bears,16,458890360,506462208
0c1dbb4d-1cbc-485c-8949-10b1e9ab500a_04-18-week2-PASSING_AND_PASSING,338672537,spirals-bears,16,458884128,506462208
0c1dbb4d-1cbc-485c-8949-10b1e9ab500a_04-18-week2-PASSING_AND_PASSING,365882499,spirals-bears,16,458890352,506462208
0c1dbb4d-1cbc-485c-8949-10b1e9ab500a_04-18-week2-PASSING_AND_PASSING,364308297,spirals-bears,16,458884152,506462208
0c1dbb4d-1cbc-485c-8949-10b1e9ab500a_04-18-week2-PASSING_AND_PASSING,365764597,spirals-bears,16,458889904,506462208
0c1dbb4d-1cbc-485c-8949-10b1e9ab500a_04-18-week2-PASSING_AND_PASSING,365388708,spirals-bears,16,458884264,506462208
0c1dbb4d-1cbc-485c-8949-10b1e9ab500a_04-18-week2-PASSING_AND_PASSING,364890604,spirals-bears,16,458884104,506462208
0c1dbb4d-1cbc-485c-8949-10b1e9ab500a_04-18-week2-PASSING_AND_PASSING,365267018,spirals-bears,16,458889864,506462208
0c1dbb4d-1cbc-485c-8949-10b1e9ab500a_04-18-week2-PASSING_AND_PASSING,365702526,spirals-bears,16,458883896,506462208
0c1dbb4d-1cbc-485c-8949-10b1e9ab500a_04-18-week2-PASSING_AND_PASSING,364735374,spirals-bears,16,458890456,506462208
0c1dbb4d-1cbc-485c-8949-10b1e9ab500a_04-18-week2-PASSING_AND_PASSING,364712119,spirals-bears,16,458889768,506462208
0c1dbb4d-1cbc-485c-8949-10b1e9ab500a_04-18-week2-PASSING_AND_PASSING,364427926,spirals-bears,16,458884416,506462208
0c1dbb4d-1cbc-485c-8949-10b1e9ab500a_04-18-week2-PASSING_AND_PASSING,364712016,spirals-bears,16,458890000,506462208
0c1dbb4d-1cbc-485c-8949-10b1e9ab500a_04-18-week2-PASSING_AND_PASSING,364437796,spirals-bears,16,458889896,506462208
0c1dbb4d-1cbc-485c-8949-10b1e9ab500a_04-18-week2-PASSING_AND_PASSING,363787274,spirals-bears,16,458890304,506462208
0c1dbb4d-1cbc-485c-8949-10b1e9ab500a_04-18-week2-PASSING_AND_PASSING,364387515,spirals-bears,16,458889984,506462208
0c1dbb4d-1cbc-485c-8949-10b1e9ab500a_04-18-week2-PASSING_AND_PASSING,361900988,spirals-bears,16,458889984,506462208
0c1dbb4d-1cbc-485c-8949-10b1e9ab500a_04-18-week2-PASSING_AND_PASSING,363937094,spirals-bears,16,458883888,506462208
0c1dbb4d-1cbc-485c-8949-10b1e9ab500a_04-18-week2-PASSING_AND_PASSING,365484062,spirals-bears,16,458884136,506462208
0c1dbb4d-1cbc-485c-8949-10b1e9ab500a_04-18-week2-PASSING_AND_PASSING,365004476,spirals-bears,16,458890424,506462208
0c1dbb4d-1cbc-485c-8949-10b1e9ab500a_04-18-week2-PASSING_AND_PASSING,365004502,spirals-bears,16,458890360,506462208
0c1dbb4d-1cbc-485c-8949-10b1e9ab500a_04-18-week2-PASSING_AND_PASSING,364710673,spirals-bears,16,458890104,506462208
0c1dbb4d-1cbc-485c-8949-10b1e9ab500a_04-18-week2-PASSING_AND_PASSING,364595071,spirals-bears,16,458884232,506462208
0c1dbb4d-1cbc-485c-8949-10b1e9ab500a_04-18-week2-PASSING_AND_PASSING,355933044,spirals-bears,16,458889864,506462208
0c1dbb4d-1cbc-485c-8949-10b1e9ab500a_04-18-week2-PASSING_AND_PASSING,357362910,spirals-bears,16,458884504,506462208
0c1dbb4d-1cbc-485c-8949-10b1e9ab500a_04-18-week2-PASSING_AND_PASSING,357362847,spirals-bears,16,458890160,506462208
0c1dbb4d-1cbc-485c-8949-10b1e9ab500a_04-18-week2-PASSING_AND_PASSING,364451991,spirals-bears,16,458896312,506462208
0c1dbb4d-1cbc-485c-8949-10b1e9ab500a_04-18-week2-PASSING_AND_PASSING,363635682,spirals-bears,16,458884616,506462208
0c1dbb4d-1cbc-485c-8949-10b1e9ab500a_04-18-week2-PASSING_AND_PASSING,363537848,spirals-bears,16,458884312,506462208
0c1dbb4d-1cbc-485c-8949-10b1e9ab500a_04-18-week2-PASSING_AND_PASSING,365216780,spirals-bears,16,458889976,506462208
0c1dbb4d-1cbc-485c-8949-10b1e9ab500a_04-18-week2-PASSING_AND_PASSING,360660551,spirals-bears,16,458889056,506462208
0c1dbb4d-1cbc-485c-8949-10b1e9ab500a_04-18-week2-PASSING_AND_PASSING,364794763,spirals-bears,16,458884096,506462208
0c1dbb4d-1cbc-485c-8949-10b1e9ab500a_04-18-week2-PASSING_AND_PASSING,364177295,spirals-bears,16,458883896,506462208
0c1dbb4d-1cbc-485c-8949-10b1e9ab500a_04-18-week2-PASSING_AND_PASSING,363846584,spirals-bears,16,458889784,506462208
0c1dbb4d-1cbc-485c-8949-10b1e9ab500a_04-18-week2-PASSING_AND_PASSING,364126967,spirals-bears,16,458889888,506462208
0c1dbb4d-1cbc-485c-8949-10b1e9ab500a_04-18-week2-PASSING_AND_PASSING,361690363,spirals-bears,16,458883952,506462208
0c1dbb4d-1cbc-485c-8949-10b1e9ab500a_04-18-week2-PASSING_AND_PASSING,363364708,spirals-bears,16,458889928,506462208
0c1dbb4d-1cbc-485c-8949-10b1e9ab500a_04-18-week2-PASSING_AND_PASSING,365740066,spirals-bears,16,458890096,506462208
0c1dbb4d-1cbc-485c-8949-10b1e9ab500a_04-18-week2-PASSING_AND_PASSING,365683776,spirals-bears,16,458883744,506462208
0c1dbb4d-1cbc-485c-8949-10b1e9ab500a_04-18-week2-PASSING_AND_PASSING,365683364,spirals-bears,16,458890408,506462208
0c1dbb4d-1cbc-485c-8949-10b1e9ab500a_04-18-week2-PASSING_AND_PASSING,365683140,spirals-bears,16,458889968,506462208
0c1dbb4d-1cbc-485c-8949-10b1e9ab500a_04-18-week2-PASSING_AND_PASSING,366096610,spirals-bears,16,458895784,506462208
0c1dbb4d-1cbc-485c-8949-10b1e9ab500a_04-18-week2-PASSING_AND_PASSING,365575850,spirals-bears,16,458884208,506462208
0c1dbb4d-1cbc-485c-8949-10b1e9ab500a_04-18-week2-PASSING_AND_PASSING,364092376,spirals-bears,16,458889896,506462208
0c1dbb4d-1cbc-485c-8949-10b1e9ab500a_04-18-week2-PASSING_AND_PASSING,363067725,spirals-bears,16,458890152,506462208
0c1dbb4d-1cbc-485c-8949-10b1e9ab500a_04-18-week2-PASSING_AND_PASSING,364024436,spirals-bears,16,458896240,506462208
0c1dbb4d-1cbc-485c-8949-10b1e9ab500a_04-18-week2-PASSING_AND_PASSING,364019722,spirals-bears,16,458884160,506462208
0c1dbb4d-1cbc-485c-8949-10b1e9ab500a_04-18-week2-PASSING_AND_PASSING,364019698,spirals-bears,16,458889800,506462208
0c1dbb4d-1cbc-485c-8949-10b1e9ab500a_04-18-week2-PASSING_AND_PASSING,363986576,spirals-bears,16,458895400,506462208
0c1dbb4d-1cbc-485c-8949-10b1e9ab500a_04-18-week2-PASSING_AND_PASSING,362518401,spirals-bears,16,458884112,506462208
0c1dbb4d-1cbc-485c-8949-10b1e9ab500a_04-18-week2-PASSING_AND_PASSING,366393065,spirals-bears,16,458883888,506462208
0c1dbb4d-1cbc-485c-8949-10b1e9ab500a_04-18-week2-PASSING_AND_PASSING,366393072,spirals-bears,16,458883704,506462208
0c1dbb4d-1cbc-485c-8949-10b1e9ab500a_04-18-week2-PASSING_AND_PASSING,366389491,spirals-bears,16,458889928,506462208
0c1dbb4d-1cbc-485c-8949-10b1e9ab500a_04-18-week2-PASSING_AND_PASSING,366320321,spirals-bears,16,458884528,506462208
0c1dbb4d-1cbc-485c-8949-10b1e9ab500a_04-18-week2-PASSING_AND_PASSING,366320519,spirals-bears,16,458884064,506462208
0c1dbb4d-1cbc-485c-8949-10b1e9ab500a_04-18-week2-PASSING_AND_PASSING,365817926,spirals-bears,16,458888824,506462208
0c1dbb4d-1cbc-485c-8949-10b1e9ab500a_04-18-week2-PASSING_AND_PASSING,365813334,spirals-bears,16,458884080,506462208
0c1dbb4d-1cbc-485c-8949-10b1e9ab500a_04-18-week2-PASSING_AND_PASSING,365813279,spirals-bears,16,458890624,506462208
0c1dbb4d-1cbc-485c-8949-10b1e9ab500a_04-18-week2-PASSING_AND_PASSING,365810622,spirals-bears,16,458884016,506462208
0c1dbb4d-1cbc-485c-8949-10b1e9ab500a_04-18-week2-PASSING_AND_PASSING,365812969,spirals-bears,16,458884056,506462208
0c1dbb4d-1cbc-485c-8949-10b1e9ab500a_04-18-week2-PASSING_AND_PASSING,365723365,spirals-bears,16,458884064,506462208
0c1dbb4d-1cbc-485c-8949-10b1e9ab500a_04-18-week2-PASSING_AND_PASSING,365723384,spirals-bears,16,458884176,506462208
0c1dbb4d-1cbc-485c-8949-10b1e9ab500a_04-18-week2-PASSING_AND_PASSING,365373058,spirals-bears,16,458883816,506462208
0c1dbb4d-1cbc-485c-8949-10b1e9ab500a_04-18-week2-PASSING_AND_PASSING,365360557,spirals-bears,16,458890312,506462208
0c1dbb4d-1cbc-485c-8949-10b1e9ab500a_04-18-week2-PASSING_AND_PASSING,365338757,spirals-bears,16,458884488,506462208
0c1dbb4d-1cbc-485c-8949-10b1e9ab500a_04-18-week2-PASSING_AND_PASSING,365302746,spirals-bears,16,458884056,506462208
0c1dbb4d-1cbc-485c-8949-10b1e9ab500a_04-18-week2-PASSING_AND_PASSING,365354481,spirals-bears,16,458883760,506462208
0c1dbb4d-1cbc-485c-8949-10b1e9ab500a_04-18-week2-PASSING_AND_PASSING,365350191,spirals-bears,16,458884256,506462208
0c1dbb4d-1cbc-485c-8949-10b1e9ab500a_04-18-week2-PASSING_AND_PASSING,365302720,spirals-bears,16,458884400,506462208
0c1dbb4d-1cbc-485c-8949-10b1e9ab500a_04-18-week2-PASSING_AND_PASSING,365350187,spirals-bears,16,458890216,506462208
0c1dbb4d-1cbc-485c-8949-10b1e9ab500a_04-18-week2-PASSING_AND_PASSING,365254902,spirals-bears,16,458890152,506462208
0c1dbb4d-1cbc-485c-8949-10b1e9ab500a_04-18-week2-PASSING_AND_PASSING,365254891,spirals-bears,16,458884008,506462208
0c1dbb4d-1cbc-485c-8949-10b1e9ab500a_04-18-week2-PASSING_AND_PASSING,365301803,spirals-bears,16,458884256,506462208
0c1dbb4d-1cbc-485c-8949-10b1e9ab500a_04-18-week2-PASSING_AND_PASSING,365298109,spirals-bears,16,458889960,506462208
0c1dbb4d-1cbc-485c-8949-10b1e9ab500a_04-18-week2-PASSING_AND_PASSING,364930990,spirals-bears,16,458888904,506462208
0c1dbb4d-1cbc-485c-8949-10b1e9ab500a_04-18-week2-PASSING_AND_PASSING,364932809,spirals-bears,16,458889800,506462208
0c1dbb4d-1cbc-485c-8949-10b1e9ab500a_04-18-week2-PASSING_AND_PASSING,364924636,spirals-bears,16,458884152,506462208
0c1dbb4d-1cbc-485c-8949-10b1e9ab500a_04-18-week2-PASSING_AND_PASSING,364763413,spirals-bears,16,458884392,506462208
0c1dbb4d-1cbc-485c-8949-10b1e9ab500a_04-18-week2-PASSING_AND_PASSING,364761256,spirals-bears,16,458890000,506462208
0c1dbb4d-1cbc-485c-8949-10b1e9ab500a_04-18-week2-PASSING_AND_PASSING,363585998,spirals-bears,16,458896160,506462208
0c1dbb4d-1cbc-485c-8949-10b1e9ab500a_04-18-week2-PASSING_AND_PASSING,364462754,spirals-bears,16,458896488,506462208
0c1dbb4d-1cbc-485c-8949-10b1e9ab500a_04-18-week2-PASSING_AND_PASSING,364462864,spirals-bears,16,458884064,506462208
0c1dbb4d-1cbc-485c-8949-10b1e9ab500a_04-18-week2-PASSING_AND_PASSING,364359263,spirals-bears,16,458889808,506462208
0c1dbb4d-1cbc-485c-8949-10b1e9ab500a_04-18-week2-PASSING_AND_PASSING,364393049,spirals-bears,16,458890456,506462208
0c1dbb4d-1cbc-485c-8949-10b1e9ab500a_04-18-week2-PASSING_AND_PASSING,364393151,spirals-bears,16,458888896,506462208
0c1dbb4d-1cbc-485c-8949-10b1e9ab500a_04-18-week2-PASSING_AND_PASSING,364357879,spirals-bears,16,458883840,506462208
0c1dbb4d-1cbc-485c-8949-10b1e9ab500a_04-18-week2-PASSING_AND_PASSING,364276057,spirals-bears,16,458884048,506462208
0c1dbb4d-1cbc-485c-8949-10b1e9ab500a_04-18-week2-PASSING_AND_PASSING,364226557,spirals-bears,16,458889896,506462208
0c1dbb4d-1cbc-485c-8949-10b1e9ab500a_04-18-week2-PASSING_AND_PASSING,364002190,spirals-bears,16,458890128,506462208
0c1dbb4d-1cbc-485c-8949-10b1e9ab500a_04-18-week2-PASSING_AND_PASSING,364002175,spirals-bears,16,458890376,506462208
0c1dbb4d-1cbc-485c-8949-10b1e9ab500a_04-18-week2-PASSING_AND_PASSING,364265528,spirals-bears,16,458883960,506462208
0c1dbb4d-1cbc-485c-8949-10b1e9ab500a_04-18-week2-PASSING_AND_PASSING,364265516,spirals-bears,16,458890000,506462208
0c1dbb4d-1cbc-485c-8949-10b1e9ab500a_04-18-week2-PASSING_AND_PASSING,363956417,spirals-bears,16,458884248,506462208
0c1dbb4d-1cbc-485c-8949-10b1e9ab500a_04-18-week2-PASSING_AND_PASSING,363954147,spirals-bears,16,458884048,506462208
0c1dbb4d-1cbc-485c-8949-10b1e9ab500a_04-18-week2-PASSING_AND_PASSING,363412197,spirals-bears,16,458883880,506462208
0c1dbb4d-1cbc-485c-8949-10b1e9ab500a_04-18-week2-PASSING_AND_PASSING,363654318,spirals-bears,16,458896184,506462208
0c1dbb4d-1cbc-485c-8949-10b1e9ab500a_04-18-week2-PASSING_AND_PASSING,365002092,spirals-bears,16,458884272,506462208
0c1dbb4d-1cbc-485c-8949-10b1e9ab500a_04-18-week2-PASSING_AND_PASSING,365628486,spirals-bears,16,458884152,506462208
0c1dbb4d-1cbc-485c-8949-10b1e9ab500a_04-18-week2-PASSING_AND_PASSING,365629156,spirals-bears,16,458889056,506462208
0c1dbb4d-1cbc-485c-8949-10b1e9ab500a_04-18-week2-PASSING_AND_PASSING,365344446,spirals-bears,16,458889088,506462208
0c1dbb4d-1cbc-485c-8949-10b1e9ab500a_04-18-week2-PASSING_AND_PASSING,365499582,spirals-bears,16,458884336,506462208
0c1dbb4d-1cbc-485c-8949-10b1e9ab500a_04-18-week2-PASSING_AND_PASSING,365114082,spirals-bears,16,458889656,506462208
0c1dbb4d-1cbc-485c-8949-10b1e9ab500a_04-18-week2-PASSING_AND_PASSING,365285700,spirals-bears,16,458890120,506462208
0c1dbb4d-1cbc-485c-8949-10b1e9ab500a_04-18-week2-PASSING_AND_PASSING,365146256,spirals-bears,16,458883920,506462208
0c1dbb4d-1cbc-485c-8949-10b1e9ab500a_04-18-week2-PASSING_AND_PASSING,364962261,spirals-bears,16,458884408,506462208
0c1dbb4d-1cbc-485c-8949-10b1e9ab500a_04-18-week2-PASSING_AND_PASSING,365093889,spirals-bears,16,458886032,506462208
0c1dbb4d-1cbc-485c-8949-10b1e9ab500a_04-18-week2-PASSING_AND_PASSING,363444016,spirals-bears,16,458884360,506462208
0c1dbb4d-1cbc-485c-8949-10b1e9ab500a_04-18-week2-PASSING_AND_PASSING,364476881,spirals-bears,16,458883984,506462208
0c1dbb4d-1cbc-485c-8949-10b1e9ab500a_04-18-week2-PASSING_AND_PASSING,362029230,spirals-bears,16,458883864,506462208
0c1dbb4d-1cbc-485c-8949-10b1e9ab500a_04-18-week2-PASSING_AND_PASSING,365953425,spirals-bears,16,458889944,506462208
0c1dbb4d-1cbc-485c-8949-10b1e9ab500a_04-18-week2-PASSING_AND_PASSING,365927601,spirals-bears,16,458883928,506462208
0c1dbb4d-1cbc-485c-8949-10b1e9ab500a_04-18-week2-PASSING_AND_PASSING,364662285,spirals-bears,16,458890328,506462208
0c1dbb4d-1cbc-485c-8949-10b1e9ab500a_04-18-week2-PASSING_AND_PASSING,365597224,spirals-bears,16,458890200,506462208
0c1dbb4d-1cbc-485c-8949-10b1e9ab500a_04-18-week2-PASSING_AND_PASSING,365897572,spirals-bears,16,458889920,506462208
0c1dbb4d-1cbc-485c-8949-10b1e9ab500a_04-18-week2-PASSING_AND_PASSING,364492282,spirals-bears,16,458883712,506462208
0c1dbb4d-1cbc-485c-8949-10b1e9ab500a_04-18-week2-PASSING_AND_PASSING,365064028,spirals-bears,16,458890056,506462208
0c1dbb4d-1cbc-485c-8949-10b1e9ab500a_04-18-week2-PASSING_AND_PASSING,363807386,spirals-bears,16,458889976,506462208
0c1dbb4d-1cbc-485c-8949-10b1e9ab500a_04-18-week2-PASSING_AND_PASSING,363716069,spirals-bears,16,458884144,506462208
0c1dbb4d-1cbc-485c-8949-10b1e9ab500a_04-18-week2-PASSING_AND_PASSING,363492468,spirals-bears,16,458884216,506462208
0c1dbb4d-1cbc-485c-8949-10b1e9ab500a_04-18-week2-PASSING_AND_PASSING,363691058,spirals-bears,16,458883872,506462208
0c1dbb4d-1cbc-485c-8949-10b1e9ab500a_04-18-week2-PASSING_AND_PASSING,363673798,spirals-bears,16,458889928,506462208
0c1dbb4d-1cbc-485c-8949-10b1e9ab500a_04-18-week2-PASSING_AND_PASSING,361928010,spirals-bears,16,458883928,506462208
0c1dbb4d-1cbc-485c-8949-10b1e9ab500a_04-18-week2-PASSING_AND_PASSING,363607812,spirals-bears,16,458889800,506462208
0c1dbb4d-1cbc-485c-8949-10b1e9ab500a_04-18-week2-PASSING_AND_PASSING,363908464,spirals-bears,16,458894600,506462208
0c1dbb4d-1cbc-485c-8949-10b1e9ab500a_04-18-week2-PASSING_AND_PASSING,366144210,spirals-bears,16,458883960,506462208
0c1dbb4d-1cbc-485c-8949-10b1e9ab500a_04-18-week2-PASSING_AND_PASSING,365102448,spirals-bears,16,458884560,506462208
0c1dbb4d-1cbc-485c-8949-10b1e9ab500a_04-18-week2-PASSING_AND_PASSING,363899590,spirals-bears,16,458884520,506462208
0c1dbb4d-1cbc-485c-8949-10b1e9ab500a_04-18-week2-PASSING_AND_PASSING,365512880,spirals-bears,16,458889792,506462208
0c1dbb4d-1cbc-485c-8949-10b1e9ab500a_04-18-week2-PASSING_AND_PASSING,363825196,spirals-bears,16,458892128,506462208
0c1dbb4d-1cbc-485c-8949-10b1e9ab500a_04-18-week2-PASSING_AND_PASSING,365408045,spirals-bears,16,458890048,506462208
0c1dbb4d-1cbc-485c-8949-10b1e9ab500a_04-18-week2-PASSING_AND_PASSING,364423512,spirals-bears,16,458896176,506462208
0c1dbb4d-1cbc-485c-8949-10b1e9ab500a_04-18-week2-PASSING_AND_PASSING,364423274,spirals-bears,16,458889976,506462208
0c1dbb4d-1cbc-485c-8949-10b1e9ab500a_04-18-week2-PASSING_AND_PASSING,360424937,spirals-bears,16,458896464,506462208
0c1dbb4d-1cbc-485c-8949-10b1e9ab500a_04-18-week2-PASSING_AND_PASSING,363565475,spirals-bears,16,458884024,506462208
0c1dbb4d-1cbc-485c-8949-10b1e9ab500a_04-18-week2-PASSING_AND_PASSING,364419847,spirals-bears,16,458890000,506462208
0c1dbb4d-1cbc-485c-8949-10b1e9ab500a_04-18-week2-PASSING_AND_PASSING,364422728,spirals-bears,16,458884344,506462208
0c1dbb4d-1cbc-485c-8949-10b1e9ab500a_04-18-week2-PASSING_AND_PASSING,364062561,spirals-bears,16,458889872,506462208
0c1dbb4d-1cbc-485c-8949-10b1e9ab500a_04-18-week2-PASSING_AND_PASSING,364075133,spirals-bears,16,458890632,506462208
0c1dbb4d-1cbc-485c-8949-10b1e9ab500a_04-18-week2-PASSING_AND_PASSING,363932548,spirals-bears,16,458895976,506462208
0c1dbb4d-1cbc-485c-8949-10b1e9ab500a_04-18-week2-PASSING_AND_PASSING,363481243,spirals-bears,16,458889680,506462208
0c1dbb4d-1cbc-485c-8949-10b1e9ab500a_04-18-week2-PASSING_AND_PASSING,361465601,spirals-bears,16,458890456,506462208
0c1dbb4d-1cbc-485c-8949-10b1e9ab500a_04-18-week2-PASSING_AND_PASSING,363930041,spirals-bears,16,458884160,506462208
0c1dbb4d-1cbc-485c-8949-10b1e9ab500a_04-18-week2-PASSING_AND_PASSING,363669263,spirals-bears,16,458896136,506462208
0c1dbb4d-1cbc-485c-8949-10b1e9ab500a_04-18-week2-PASSING_AND_PASSING,361197398,spirals-bears,16,458892472,506462208
0c1dbb4d-1cbc-485c-8949-10b1e9ab500a_04-18-week2-PASSING_AND_PASSING,363836359,spirals-bears,16,458889744,506462208
0c1dbb4d-1cbc-485c-8949-10b1e9ab500a_04-18-week2-PASSING_AND_PASSING,363648774,spirals-bears,16,458889800,506462208
0c1dbb4d-1cbc-485c-8949-10b1e9ab500a_04-18-week2-PASSING_AND_PASSING,363832964,spirals-bears,16,458883976,506462208
0c1dbb4d-1cbc-485c-8949-10b1e9ab500a_04-18-week2-PASSING_AND_PASSING,363824973,spirals-bears,16,458889840,506462208
0c1dbb4d-1cbc-485c-8949-10b1e9ab500a_04-18-week2-PASSING_AND_PASSING,363830581,spirals-bears,16,458883816,506462208
0c1dbb4d-1cbc-485c-8949-10b1e9ab500a_04-18-week2-PASSING_AND_PASSING,363655105,spirals-bears,16,458888968,506462208
0c1dbb4d-1cbc-485c-8949-10b1e9ab500a_04-18-week2-PASSING_AND_PASSING,360061726,spirals-bears,16,458884280,506462208
0c1dbb4d-1cbc-485c-8949-10b1e9ab500a_04-18-week2-PASSING_AND_PASSING,360061736,spirals-bears,16,458889968,506462208
0c1dbb4d-1cbc-485c-8949-10b1e9ab500a_04-18-week2-PASSING_AND_PASSING,364877271,spirals-bears,16,458889880,506462208
0c1dbb4d-1cbc-485c-8949-10b1e9ab500a_04-18-week2-PASSING_AND_PASSING,364400845,spirals-bears,16,458884216,506462208
0c1dbb4d-1cbc-485c-8949-10b1e9ab500a_04-18-week2-PASSING_AND_PASSING,364400961,spirals-bears,16,458884368,506462208
0c1dbb4d-1cbc-485c-8949-10b1e9ab500a_04-18-week2-PASSING_AND_PASSING,366246352,spirals-bears,16,458883800,506462208
0c1dbb4d-1cbc-485c-8949-10b1e9ab500a_04-18-week2-PASSING_AND_PASSING,366220231,spirals-bears,16,458889824,506462208
0c1dbb4d-1cbc-485c-8949-10b1e9ab500a_04-18-week2-PASSING_AND_PASSING,364510852,spirals-bears,16,458890408,506462208
0c1dbb4d-1cbc-485c-8949-10b1e9ab500a_04-18-week2-PASSING_AND_PASSING,363014954,spirals-bears,16,458884288,506462208
0c1dbb4d-1cbc-485c-8949-10b1e9ab500a_04-18-week2-PASSING_AND_PASSING,362328495,spirals-bears,16,458890456,506462208
0c1dbb4d-1cbc-485c-8949-10b1e9ab500a_04-18-week2-PASSING_AND_PASSING,365584816,spirals-bears,16,458889888,506462208
0c1dbb4d-1cbc-485c-8949-10b1e9ab500a_04-18-week2-PASSING_AND_PASSING,364977084,spirals-bears,16,458889544,506462208
0c1dbb4d-1cbc-485c-8949-10b1e9ab500a_04-18-week2-PASSING_AND_PASSING,364720962,spirals-bears,16,458884024,506462208
0c1dbb4d-1cbc-485c-8949-10b1e9ab500a_04-18-week2-PASSING_AND_PASSING,363665636,spirals-bears,16,458884552,506462208
0c1dbb4d-1cbc-485c-8949-10b1e9ab500a_04-18-week2-PASSING_AND_PASSING,365747867,spirals-bears,16,458895688,506462208
0c1dbb4d-1cbc-485c-8949-10b1e9ab500a_04-18-week2-PASSING_AND_PASSING,366305869,spirals-bears,16,458896480,506462208
0c1dbb4d-1cbc-485c-8949-10b1e9ab500a_04-18-week2-PASSING_AND_PASSING,366293458,spirals-bears,16,458889384,506462208
0c1dbb4d-1cbc-485c-8949-10b1e9ab500a_04-18-week2-PASSING_AND_PASSING,365309111,spirals-bears,16,458884216,506462208
0c1dbb4d-1cbc-485c-8949-10b1e9ab500a_04-18-week2-PASSING_AND_PASSING,364891140,spirals-bears,16,458888872,506462208
0c1dbb4d-1cbc-485c-8949-10b1e9ab500a_04-18-week2-PASSING_AND_PASSING,365877247,spirals-bears,16,458890608,506462208
0c1dbb4d-1cbc-485c-8949-10b1e9ab500a_04-18-week2-PASSING_AND_PASSING,364896829,spirals-bears,16,458889896,506462208
0c1dbb4d-1cbc-485c-8949-10b1e9ab500a_04-18-week2-PASSING_AND_PASSING,364736854,spirals-bears,16,458889016,506462208
0c1dbb4d-1cbc-485c-8949-10b1e9ab500a_04-18-week2-PASSING_AND_PASSING,365235197,spirals-bears,16,458880920,506462208
0c1dbb4d-1cbc-485c-8949-10b1e9ab500a_04-18-week2-PASSING_AND_PASSING,365257403,spirals-bears,16,458890088,506462208
0c1dbb4d-1cbc-485c-8949-10b1e9ab500a_04-18-week2-PASSING_AND_PASSING,364893115,spirals-bears,16,458884016,506462208
0c1dbb4d-1cbc-485c-8949-10b1e9ab500a_04-18-week2-PASSING_AND_PASSING,364893484,spirals-bears,16,458889904,506462208
0c1dbb4d-1cbc-485c-8949-10b1e9ab500a_04-18-week2-PASSING_AND_PASSING,364881602,spirals-bears,16,458890096,506462208
0c1dbb4d-1cbc-485c-8949-10b1e9ab500a_04-18-week2-PASSING_AND_PASSING,364827314,spirals-bears,16,458890000,506462208
0c1dbb4d-1cbc-485c-8949-10b1e9ab500a_04-18-week2-PASSING_AND_PASSING,364383186,spirals-bears,16,458890168,506462208
0c1dbb4d-1cbc-485c-8949-10b1e9ab500a_04-18-week2-PASSING_AND_PASSING,364359363,spirals-bears,16,458889840,506462208
0c1dbb4d-1cbc-485c-8949-10b1e9ab500a_04-18-week2-PASSING_AND_PASSING,363216487,spirals-bears,16,458890000,506462208
0c1dbb4d-1cbc-485c-8949-10b1e9ab500a_04-18-week2-PASSING_AND_PASSING,364298182,spirals-bears,16,458889888,506462208
0c1dbb4d-1cbc-485c-8949-10b1e9ab500a_04-18-week2-PASSING_AND_PASSING,363369908,spirals-bears,16,458890072,506462208
0c1dbb4d-1cbc-485c-8949-10b1e9ab500a_04-18-week2-PASSING_AND_PASSING,365771674,spirals-bears,16,458888568,506462208
0c1dbb4d-1cbc-485c-8949-10b1e9ab500a_04-18-week2-PASSING_AND_PASSING,365372792,spirals-bears,16,458890272,506462208
0c1dbb4d-1cbc-485c-8949-10b1e9ab500a_04-18-week2-PASSING_AND_PASSING,365341269,spirals-bears,16,458889912,506462208
0c1dbb4d-1cbc-485c-8949-10b1e9ab500a_04-18-week2-PASSING_AND_PASSING,364384228,spirals-bears,16,458884344,506462208
0c1dbb4d-1cbc-485c-8949-10b1e9ab500a_04-18-week2-PASSING_AND_PASSING,364690236,spirals-bears,16,458890008,506462208
0c1dbb4d-1cbc-485c-8949-10b1e9ab500a_04-18-week2-PASSING_AND_PASSING,364356456,spirals-bears,16,458884536,506462208
0c1dbb4d-1cbc-485c-8949-10b1e9ab500a_04-18-week2-PASSING_AND_PASSING,366288214,spirals-bears,16,458884240,506462208
0c1dbb4d-1cbc-485c-8949-10b1e9ab500a_04-18-week2-PASSING_AND_PASSING,364204760,spirals-bears,16,458889912,506462208
0c1dbb4d-1cbc-485c-8949-10b1e9ab500a_04-18-week2-PASSING_AND_PASSING,363589915,spirals-bears,16,458884304,506462208
0c1dbb4d-1cbc-485c-8949-10b1e9ab500a_04-18-week2-PASSING_AND_PASSING,365567072,spirals-bears,16,458890072,506462208
0c1dbb4d-1cbc-485c-8949-10b1e9ab500a_04-18-week2-PASSING_AND_PASSING,365112043,spirals-bears,16,458890592,506462208
0c1dbb4d-1cbc-485c-8949-10b1e9ab500a_04-18-week2-PASSING_AND_PASSING,365012940,spirals-bears,16,458884048,506462208
0c1dbb4d-1cbc-485c-8949-10b1e9ab500a_04-18-week2-PASSING_AND_PASSING,364045579,spirals-bears,16,458890216,506462208
0c1dbb4d-1cbc-485c-8949-10b1e9ab500a_04-18-week2-PASSING_AND_PASSING,363834756,spirals-bears,16,458883616,506462208
0c1dbb4d-1cbc-485c-8949-10b1e9ab500a_04-18-week2-PASSING_AND_PASSING,363538769,spirals-bears,16,458884344,506462208
0c1dbb4d-1cbc-485c-8949-10b1e9ab500a_04-18-week2-PASSING_AND_PASSING,365626972,spirals-bears,16,458888816,506462208
0c1dbb4d-1cbc-485c-8949-10b1e9ab500a_04-18-week2-PASSING_AND_PASSING,361323553,spirals-bears,16,458884152,506462208
0c1dbb4d-1cbc-485c-8949-10b1e9ab500a_04-18-week2-PASSING_AND_PASSING,365597256,spirals-bears,16,458884112,506462208
0c1dbb4d-1cbc-485c-8949-10b1e9ab500a_04-18-week2-PASSING_AND_PASSING,365595518,spirals-bears,16,458889808,506462208
0c1dbb4d-1cbc-485c-8949-10b1e9ab500a_04-18-week2-PASSING_AND_PASSING,362612621,spirals-bears,16,458884288,506462208
0c1dbb4d-1cbc-485c-8949-10b1e9ab500a_04-18-week2-PASSING_AND_PASSING,364185698,spirals-bears,16,458884064,506462208
0c1dbb4d-1cbc-485c-8949-10b1e9ab500a_04-18-week2-PASSING_AND_PASSING,364685614,spirals-bears,16,458883840,506462208
0c1dbb4d-1cbc-485c-8949-10b1e9ab500a_04-18-week2-PASSING_AND_PASSING,364048191,spirals-bears,16,458889584,506462208
0c1dbb4d-1cbc-485c-8949-10b1e9ab500a_04-18-week2-PASSING_AND_PASSING,365097966,spirals-bears,16,458884144,506462208
0c1dbb4d-1cbc-485c-8949-10b1e9ab500a_04-18-week2-PASSING_AND_PASSING,363101540,spirals-bears,16,458884008,506462208
0c1dbb4d-1cbc-485c-8949-10b1e9ab500a_04-18-week2-PASSING_AND_PASSING,362688292,spirals-bears,16,458884192,506462208
0c1dbb4d-1cbc-485c-8949-10b1e9ab500a_04-18-week2-PASSING_AND_PASSING,364215487,spirals-bears,16,458884224,506462208
0c1dbb4d-1cbc-485c-8949-10b1e9ab500a_04-18-week2-PASSING_AND_PASSING,363474378,spirals-bears,16,458890288,506462208
0c1dbb4d-1cbc-485c-8949-10b1e9ab500a_04-18-week2-PASSING_AND_PASSING,364109734,spirals-bears,16,458896240,506462208
0c1dbb4d-1cbc-485c-8949-10b1e9ab500a_04-18-week2-PASSING_AND_PASSING,355702558,spirals-bears,16,458884376,506462208
0c1dbb4d-1cbc-485c-8949-10b1e9ab500a_04-18-week2-PASSING_AND_PASSING,363652585,spirals-bears,16,458884216,506462208
0c1dbb4d-1cbc-485c-8949-10b1e9ab500a_04-18-week2-PASSING_AND_PASSING,363488529,spirals-bears,16,458884152,506462208
0c1dbb4d-1cbc-485c-8949-10b1e9ab500a_04-18-week2-PASSING_AND_PASSING,364651369,spirals-bears,16,458884312,506462208
0c1dbb4d-1cbc-485c-8949-10b1e9ab500a_04-18-week2-PASSING_AND_PASSING,362806263,spirals-bears,16,458888672,506462208
0c1dbb4d-1cbc-485c-8949-10b1e9ab500a_04-18-week2-PASSING_AND_PASSING,365648817,spirals-bears,16,458889944,506462208
0c1dbb4d-1cbc-485c-8949-10b1e9ab500a_04-18-week2-PASSING_AND_PASSING,365100539,spirals-bears,16,458884256,506462208
0c1dbb4d-1cbc-485c-8949-10b1e9ab500a_04-18-week2-PASSING_AND_PASSING,364988118,spirals-bears,16,458890072,506462208
0c1dbb4d-1cbc-485c-8949-10b1e9ab500a_04-18-week2-PASSING_AND_PASSING,364677713,spirals-bears,16,458896264,506462208
0c1dbb4d-1cbc-485c-8949-10b1e9ab500a_04-18-week2-PASSING_AND_PASSING,364567659,spirals-bears,16,458888672,506462208
0c1dbb4d-1cbc-485c-8949-10b1e9ab500a_04-18-week2-PASSING_AND_PASSING,364057080,spirals-bears,16,458884336,506462208
0c1dbb4d-1cbc-485c-8949-10b1e9ab500a_04-18-week2-PASSING_AND_PASSING,363173763,spirals-bears,16,458889784,506462208
0c1dbb4d-1cbc-485c-8949-10b1e9ab500a_04-18-week2-PASSING_AND_PASSING,354195101,spirals-bears,16,458884256,506462208
0c1dbb4d-1cbc-485c-8949-10b1e9ab500a_04-18-week2-PASSING_AND_PASSING,354247675,spirals-bears,16,458884224,506462208
0c1dbb4d-1cbc-485c-8949-10b1e9ab500a_04-18-week2-PASSING_AND_PASSING,365843348,spirals-bears,16,458889840,506462208
0c1dbb4d-1cbc-485c-8949-10b1e9ab500a_04-18-week2-PASSING_AND_PASSING,365353514,spirals-bears,16,458883840,506462208
0c1dbb4d-1cbc-485c-8949-10b1e9ab500a_04-18-week2-PASSING_AND_PASSING,365616306,spirals-bears,16,458889968,506462208
0c1dbb4d-1cbc-485c-8949-10b1e9ab500a_04-18-week2-PASSING_AND_PASSING,364593518,spirals-bears,16,458884152,506462208
0c1dbb4d-1cbc-485c-8949-10b1e9ab500a_04-18-week2-PASSING_AND_PASSING,364310516,spirals-bears,16,458890392,506462208
0c1dbb4d-1cbc-485c-8949-10b1e9ab500a_04-18-week2-PASSING_AND_PASSING,364575291,spirals-bears,16,458890328,506462208
0c1dbb4d-1cbc-485c-8949-10b1e9ab500a_04-18-week2-PASSING_AND_PASSING,364535214,spirals-bears,16,458890408,506462208
0c1dbb4d-1cbc-485c-8949-10b1e9ab500a_04-18-week2-PASSING_AND_PASSING,364537644,spirals-bears,16,458883640,506462208
0c1dbb4d-1cbc-485c-8949-10b1e9ab500a_04-18-week2-PASSING_AND_PASSING,364524539,spirals-bears,16,458884112,506462208
0c1dbb4d-1cbc-485c-8949-10b1e9ab500a_04-18-week2-PASSING_AND_PASSING,361936556,spirals-bears,16,458884456,506462208
0c1dbb4d-1cbc-485c-8949-10b1e9ab500a_04-18-week2-PASSING_AND_PASSING,362961668,spirals-bears,16,458889312,506462208
0c1dbb4d-1cbc-485c-8949-10b1e9ab500a_04-18-week2-PASSING_AND_PASSING,365848796,spirals-bears,16,458884008,506462208
0c1dbb4d-1cbc-485c-8949-10b1e9ab500a_04-18-week2-PASSING_AND_PASSING,365836820,spirals-bears,16,458890136,506462208
0c1dbb4d-1cbc-485c-8949-10b1e9ab500a_04-18-week2-PASSING_AND_PASSING,365516224,spirals-bears,16,458889928,506462208
0c1dbb4d-1cbc-485c-8949-10b1e9ab500a_04-18-week2-PASSING_AND_PASSING,363128773,spirals-bears,16,458883768,506462208
0c1dbb4d-1cbc-485c-8949-10b1e9ab500a_04-18-week2-PASSING_AND_PASSING,364838538,spirals-bears,16,458889936,506462208
0c1dbb4d-1cbc-485c-8949-10b1e9ab500a_04-18-week2-PASSING_AND_PASSING,363094142,spirals-bears,16,458883968,506462208
0c1dbb4d-1cbc-485c-8949-10b1e9ab500a_04-18-week2-PASSING_AND_PASSING,363626790,spirals-bears,16,458890072,506462208
0c1dbb4d-1cbc-485c-8949-10b1e9ab500a_04-18-week2-PASSING_AND_PASSING,362763302,spirals-bears,16,458884072,506462208
0c1dbb4d-1cbc-485c-8949-10b1e9ab500a_04-18-week2-PASSING_AND_PASSING,364156334,spirals-bears,16,458890184,506462208
0c1dbb4d-1cbc-485c-8949-10b1e9ab500a_04-18-week2-PASSING_AND_PASSING,363149578,spirals-bears,16,458884304,506462208
0c1dbb4d-1cbc-485c-8949-10b1e9ab500a_04-18-week2-PASSING_AND_PASSING,364197906,spirals-bears,16,458892392,506462208
0c1dbb4d-1cbc-485c-8949-10b1e9ab500a_04-18-week2-PASSING_AND_PASSING,363695011,spirals-bears,16,458889928,506462208
0c1dbb4d-1cbc-485c-8949-10b1e9ab500a_04-18-week2-PASSING_AND_PASSING,362824914,spirals-bears,16,458884360,506462208
0c1dbb4d-1cbc-485c-8949-10b1e9ab500a_04-18-week2-PASSING_AND_PASSING,362824928,spirals-bears,16,458890384,506462208
0c1dbb4d-1cbc-485c-8949-10b1e9ab500a_04-18-week2-PASSING_AND_PASSING,363994940,spirals-bears,16,458890240,506462208
0c1dbb4d-1cbc-485c-8949-10b1e9ab500a_04-18-week2-PASSING_AND_PASSING,364508125,spirals-bears,16,458884248,506462208
0c1dbb4d-1cbc-485c-8949-10b1e9ab500a_04-18-week2-PASSING_AND_PASSING,365482574,spirals-bears,16,458888256,506462208
0c1dbb4d-1cbc-485c-8949-10b1e9ab500a_04-18-week2-PASSING_AND_PASSING,362563103,spirals-bears,16,458884136,506462208
0c1dbb4d-1cbc-485c-8949-10b1e9ab500a_04-18-week2-PASSING_AND_PASSING,362569707,spirals-bears,16,458884048,506462208
0c1dbb4d-1cbc-485c-8949-10b1e9ab500a_04-18-week2-PASSING_AND_PASSING,364811109,spirals-bears,16,458889608,506462208
0c1dbb4d-1cbc-485c-8949-10b1e9ab500a_04-18-week2-PASSING_AND_PASSING,364892960,spirals-bears,16,458884144,506462208
0c1dbb4d-1cbc-485c-8949-10b1e9ab500a_04-18-week2-PASSING_AND_PASSING,364149464,spirals-bears,16,458890144,506462208
0c1dbb4d-1cbc-485c-8949-10b1e9ab500a_04-18-week2-PASSING_AND_PASSING,364666059,spirals-bears,16,458889968,506462208
0c1dbb4d-1cbc-485c-8949-10b1e9ab500a_04-18-week2-PASSING_AND_PASSING,364665533,spirals-bears,16,458889848,506462208
0c1dbb4d-1cbc-485c-8949-10b1e9ab500a_04-18-week2-PASSING_AND_PASSING,364519895,spirals-bears,16,458896216,506462208
0c1dbb4d-1cbc-485c-8949-10b1e9ab500a_04-18-week2-PASSING_AND_PASSING,364516857,spirals-bears,16,458890000,506462208
0c1dbb4d-1cbc-485c-8949-10b1e9ab500a_04-18-week2-PASSING_AND_PASSING,364516444,spirals-bears,16,458889936,506462208
0c1dbb4d-1cbc-485c-8949-10b1e9ab500a_04-18-week2-PASSING_AND_PASSING,364490391,spirals-bears,16,458889968,506462208
0c1dbb4d-1cbc-485c-8949-10b1e9ab500a_04-18-week2-PASSING_AND_PASSING,362092540,spirals-bears,16,458889648,506462208
0c1dbb4d-1cbc-485c-8949-10b1e9ab500a_04-18-week2-PASSING_AND_PASSING,358712830,spirals-bears,16,458884216,506462208
0c1dbb4d-1cbc-485c-8949-10b1e9ab500a_04-18-week2-PASSING_AND_PASSING,363154719,spirals-bears,16,458889304,506462208
0c1dbb4d-1cbc-485c-8949-10b1e9ab500a_04-18-week2-PASSING_AND_PASSING,361649869,spirals-bears,16,458890352,506462208
0c1dbb4d-1cbc-485c-8949-10b1e9ab500a_04-18-week2-PASSING_AND_PASSING,362158049,spirals-bears,16,458889848,506462208
0c1dbb4d-1cbc-485c-8949-10b1e9ab500a_04-18-week2-PASSING_AND_PASSING,354704549,spirals-bears,16,458890000,506462208
0c1dbb4d-1cbc-485c-8949-10b1e9ab500a_04-18-week2-PASSING_AND_PASSING,365911612,spirals-bears,16,458884248,506462208
0c1dbb4d-1cbc-485c-8949-10b1e9ab500a_04-18-week2-PASSING_AND_PASSING,365358537,spirals-bears,16,458883928,506462208
0c1dbb4d-1cbc-485c-8949-10b1e9ab500a_04-18-week2-PASSING_AND_PASSING,365297083,spirals-bears,16,458883840,506462208
0c1dbb4d-1cbc-485c-8949-10b1e9ab500a_04-18-week2-PASSING_AND_PASSING,365297237,spirals-bears,16,458889976,506462208
0c1dbb4d-1cbc-485c-8949-10b1e9ab500a_04-18-week2-PASSING_AND_PASSING,365355761,spirals-bears,16,458884216,506462208
0c1dbb4d-1cbc-485c-8949-10b1e9ab500a_04-18-week2-PASSING_AND_PASSING,365341004,spirals-bears,16,458889952,506462208
0c1dbb4d-1cbc-485c-8949-10b1e9ab500a_04-18-week2-PASSING_AND_PASSING,365292304,spirals-bears,16,458896264,506462208
0c1dbb4d-1cbc-485c-8949-10b1e9ab500a_04-18-week2-PASSING_AND_PASSING,365276244,spirals-bears,16,458889856,506462208
0c1dbb4d-1cbc-485c-8949-10b1e9ab500a_04-18-week2-PASSING_AND_PASSING,365269897,spirals-bears,16,458890432,506462208
0c1dbb4d-1cbc-485c-8949-10b1e9ab500a_04-18-week2-PASSING_AND_PASSING,365250404,spirals-bears,16,458884224,506462208
0c1dbb4d-1cbc-485c-8949-10b1e9ab500a_04-18-week2-PASSING_AND_PASSING,365230915,spirals-bears,16,458883960,506462208
0c1dbb4d-1cbc-485c-8949-10b1e9ab500a_04-18-week2-PASSING_AND_PASSING,364697235,spirals-bears,16,458884080,506462208
0c1dbb4d-1cbc-485c-8949-10b1e9ab500a_04-18-week2-PASSING_AND_PASSING,364737456,spirals-bears,16,458884216,506462208
0c1dbb4d-1cbc-485c-8949-10b1e9ab500a_04-18-week2-PASSING_AND_PASSING,365230013,spirals-bears,16,458884512,506462208
0c1dbb4d-1cbc-485c-8949-10b1e9ab500a_04-18-week2-PASSING_AND_PASSING,365229232,spirals-bears,16,458890128,506462208
0c1dbb4d-1cbc-485c-8949-10b1e9ab500a_04-18-week2-PASSING_AND_PASSING,365228847,spirals-bears,16,458889936,506462208
0c1dbb4d-1cbc-485c-8949-10b1e9ab500a_04-18-week2-PASSING_AND_PASSING,365227293,spirals-bears,16,458896168,506462208
0c1dbb4d-1cbc-485c-8949-10b1e9ab500a_04-18-week2-PASSING_AND_PASSING,365176882,spirals-bears,16,458896240,506462208
0c1dbb4d-1cbc-485c-8949-10b1e9ab500a_04-18-week2-PASSING_AND_PASSING,365173090,spirals-bears,16,458889928,506462208
0c1dbb4d-1cbc-485c-8949-10b1e9ab500a_04-18-week2-PASSING_AND_PASSING,365165774,spirals-bears,16,458890088,506462208
0c1dbb4d-1cbc-485c-8949-10b1e9ab500a_04-18-week2-PASSING_AND_PASSING,365159748,spirals-bears,16,458896200,506462208
0c1dbb4d-1cbc-485c-8949-10b1e9ab500a_04-18-week2-PASSING_AND_PASSING,365153138,spirals-bears,16,458889800,506462208
0c1dbb4d-1cbc-485c-8949-10b1e9ab500a_04-18-week2-PASSING_AND_PASSING,364822899,spirals-bears,16,458884128,506462208
0c1dbb4d-1cbc-485c-8949-10b1e9ab500a_04-18-week2-PASSING_AND_PASSING,364858122,spirals-bears,16,458896432,506462208
0c1dbb4d-1cbc-485c-8949-10b1e9ab500a_04-18-week2-PASSING_AND_PASSING,364680846,spirals-bears,16,458883800,506462208
0c1dbb4d-1cbc-485c-8949-10b1e9ab500a_04-18-week2-PASSING_AND_PASSING,364260969,spirals-bears,16,458890160,506462208
0c1dbb4d-1cbc-485c-8949-10b1e9ab500a_04-18-week2-PASSING_AND_PASSING,364352813,spirals-bears,16,458890288,506462208
0c1dbb4d-1cbc-485c-8949-10b1e9ab500a_04-18-week2-PASSING_AND_PASSING,364294487,spirals-bears,16,458889960,506462208
0c1dbb4d-1cbc-485c-8949-10b1e9ab500a_04-18-week2-PASSING_AND_PASSING,364211200,spirals-bears,16,458896128,506462208
0c1dbb4d-1cbc-485c-8949-10b1e9ab500a_04-18-week2-PASSING_AND_PASSING,362828095,spirals-bears,16,458884128,506462208
0c1dbb4d-1cbc-485c-8949-10b1e9ab500a_04-18-week2-PASSING_AND_PASSING,363150693,spirals-bears,16,458889688,506462208
0c1dbb4d-1cbc-485c-8949-10b1e9ab500a_04-18-week2-PASSING_AND_PASSING,363130659,spirals-bears,16,458890152,506462208
0c1dbb4d-1cbc-485c-8949-10b1e9ab500a_04-18-week2-PASSING_AND_PASSING,363990150,spirals-bears,16,458890392,506462208
0c1dbb4d-1cbc-485c-8949-10b1e9ab500a_04-18-week2-PASSING_AND_PASSING,366305499,spirals-bears,16,458890120,506462208
0c1dbb4d-1cbc-485c-8949-10b1e9ab500a_04-18-week2-PASSING_AND_PASSING,366295359,spirals-bears,16,458890152,506462208
0c1dbb4d-1cbc-485c-8949-10b1e9ab500a_04-18-week2-PASSING_AND_PASSING,360448479,spirals-bears,16,458890152,506462208
0c1dbb4d-1cbc-485c-8949-10b1e9ab500a_04-18-week2-PASSING_AND_PASSING,365809377,spirals-bears,16,458884560,506462208
0c1dbb4d-1cbc-485c-8949-10b1e9ab500a_04-18-week2-PASSING_AND_PASSING,365800423,spirals-bears,16,458889840,506462208
0c1dbb4d-1cbc-485c-8949-10b1e9ab500a_04-18-week2-PASSING_AND_PASSING,357543335,spirals-bears,16,458890352,506462208
0c1dbb4d-1cbc-485c-8949-10b1e9ab500a_04-18-week2-PASSING_AND_PASSING,365353772,spirals-bears,16,458890000,506462208
0c1dbb4d-1cbc-485c-8949-10b1e9ab500a_04-18-week2-PASSING_AND_PASSING,365213089,spirals-bears,16,458890120,506462208
0c1dbb4d-1cbc-485c-8949-10b1e9ab500a_04-18-week2-PASSING_AND_PASSING,365213107,spirals-bears,16,458884072,506462208
0c1dbb4d-1cbc-485c-8949-10b1e9ab500a_04-18-week2-PASSING_AND_PASSING,365205225,spirals-bears,16,458884136,506462208
0c1dbb4d-1cbc-485c-8949-10b1e9ab500a_04-18-week2-PASSING_AND_PASSING,365194982,spirals-bears,16,458884128,506462208
0c1dbb4d-1cbc-485c-8949-10b1e9ab500a_04-18-week2-PASSING_AND_PASSING,364716176,spirals-bears,16,458890336,506462208
0c1dbb4d-1cbc-485c-8949-10b1e9ab500a_04-18-week2-PASSING_AND_PASSING,360444859,spirals-bears,16,458884448,506462208
0c1dbb4d-1cbc-485c-8949-10b1e9ab500a_04-18-week2-PASSING_AND_PASSING,360444695,spirals-bears,16,458884016,506462208
0c1dbb4d-1cbc-485c-8949-10b1e9ab500a_04-18-week2-PASSING_AND_PASSING,366422030,spirals-bears,16,458889608,506462208
0c1dbb4d-1cbc-485c-8949-10b1e9ab500a_04-18-week2-PASSING_AND_PASSING,366459043,spirals-bears,16,458890344,506462208
0c1dbb4d-1cbc-485c-8949-10b1e9ab500a_04-18-week2-PASSING_AND_PASSING,366459030,spirals-bears,16,458884112,506462208
0c1dbb4d-1cbc-485c-8949-10b1e9ab500a_04-18-week2-PASSING_AND_PASSING,366404174,spirals-bears,16,458890224,506462208
0c1dbb4d-1cbc-485c-8949-10b1e9ab500a_04-18-week2-PASSING_AND_PASSING,366388319,spirals-bears,16,458884000,506462208
0c1dbb4d-1cbc-485c-8949-10b1e9ab500a_04-18-week2-PASSING_AND_PASSING,366385702,spirals-bears,16,458884448,506462208
0c1dbb4d-1cbc-485c-8949-10b1e9ab500a_04-18-week2-PASSING_AND_PASSING,366046139,spirals-bears,16,458883928,506462208
0c1dbb4d-1cbc-485c-8949-10b1e9ab500a_04-18-week2-PASSING_AND_PASSING,366012704,spirals-bears,16,458889904,506462208
0c1dbb4d-1cbc-485c-8949-10b1e9ab500a_04-18-week2-PASSING_AND_PASSING,366087331,spirals-bears,16,458884288,506462208
0c1dbb4d-1cbc-485c-8949-10b1e9ab500a_04-18-week2-PASSING_AND_PASSING,366087334,spirals-bears,16,458884488,506462208
0c1dbb4d-1cbc-485c-8949-10b1e9ab500a_04-18-week2-PASSING_AND_PASSING,364266490,spirals-bears,16,458890264,506462208
0c1dbb4d-1cbc-485c-8949-10b1e9ab500a_04-18-week2-PASSING_AND_PASSING,364266495,spirals-bears,16,458884256,506462208
0c1dbb4d-1cbc-485c-8949-10b1e9ab500a_04-18-week2-PASSING_AND_PASSING,361884077,spirals-bears,16,458884248,506462208
0c1dbb4d-1cbc-485c-8949-10b1e9ab500a_04-18-week2-PASSING_AND_PASSING,364550818,spirals-bears,16,458890000,506462208
0c1dbb4d-1cbc-485c-8949-10b1e9ab500a_04-18-week2-PASSING_AND_PASSING,364551611,spirals-bears,16,458889048,506462208
0c1dbb4d-1cbc-485c-8949-10b1e9ab500a_04-18-week2-PASSING_AND_PASSING,356797318,spirals-bears,16,458890576,506462208
0c1dbb4d-1cbc-485c-8949-10b1e9ab500a_04-18-week2-PASSING_AND_PASSING,364602163,spirals-bears,16,458883968,506462208
0c1dbb4d-1cbc-485c-8949-10b1e9ab500a_04-18-week2-PASSING_AND_PASSING,364602177,spirals-bears,16,458884488,506462208
0c1dbb4d-1cbc-485c-8949-10b1e9ab500a_04-18-week2-PASSING_AND_PASSING,364671620,spirals-bears,16,458890088,506462208
0c1dbb4d-1cbc-485c-8949-10b1e9ab500a_04-18-week2-PASSING_AND_PASSING,364500052,spirals-bears,16,458884312,506462208
0c1dbb4d-1cbc-485c-8949-10b1e9ab500a_04-18-week2-PASSING_AND_PASSING,364550602,spirals-bears,16,458888824,506462208
0c1dbb4d-1cbc-485c-8949-10b1e9ab500a_04-18-week2-PASSING_AND_PASSING,364490361,spirals-bears,16,458889736,506462208
0c1dbb4d-1cbc-485c-8949-10b1e9ab500a_04-18-week2-PASSING_AND_PASSING,364462284,spirals-bears,16,458884080,506462208
0c1dbb4d-1cbc-485c-8949-10b1e9ab500a_04-18-week2-PASSING_AND_PASSING,361172109,spirals-bears,16,458884376,506462208
0c1dbb4d-1cbc-485c-8949-10b1e9ab500a_04-18-week2-PASSING_AND_PASSING,364063202,spirals-bears,16,458884032,506462208
0c1dbb4d-1cbc-485c-8949-10b1e9ab500a_04-18-week2-PASSING_AND_PASSING,358733613,spirals-bears,16,458884024,506462208
0c1dbb4d-1cbc-485c-8949-10b1e9ab500a_04-18-week2-PASSING_AND_PASSING,364061555,spirals-bears,16,458890328,506462208
0c1dbb4d-1cbc-485c-8949-10b1e9ab500a_04-18-week2-PASSING_AND_PASSING,364277112,spirals-bears,16,458896520,506462208
0c1dbb4d-1cbc-485c-8949-10b1e9ab500a_04-18-week2-PASSING_AND_PASSING,364284855,spirals-bears,16,458890120,506462208
0c1dbb4d-1cbc-485c-8949-10b1e9ab500a_04-18-week2-PASSING_AND_PASSING,364285431,spirals-bears,16,458884232,506462208
0c1dbb4d-1cbc-485c-8949-10b1e9ab500a_04-18-week2-PASSING_AND_PASSING,360870227,spirals-bears,16,458884424,506462208
0c1dbb4d-1cbc-485c-8949-10b1e9ab500a_04-18-week2-PASSING_AND_PASSING,364245565,spirals-bears,16,458892072,506462208
0c1dbb4d-1cbc-485c-8949-10b1e9ab500a_04-18-week2-PASSING_AND_PASSING,364245560,spirals-bears,16,458884080,506462208
0c1dbb4d-1cbc-485c-8949-10b1e9ab500a_04-18-week2-PASSING_AND_PASSING,363790523,spirals-bears,16,458884064,506462208
0c1dbb4d-1cbc-485c-8949-10b1e9ab500a_04-18-week2-PASSING_AND_PASSING,363789442,spirals-bears,16,458890216,506462208
0c1dbb4d-1cbc-485c-8949-10b1e9ab500a_04-18-week2-PASSING_AND_PASSING,363789195,spirals-bears,16,458890336,506462208
0c1dbb4d-1cbc-485c-8949-10b1e9ab500a_04-18-week2-PASSING_AND_PASSING,361781645,spirals-bears,16,458884080,506462208
0c1dbb4d-1cbc-485c-8949-10b1e9ab500a_04-18-week2-PASSING_AND_PASSING,363640729,spirals-bears,16,458883872,506462208
0c1dbb4d-1cbc-485c-8949-10b1e9ab500a_04-18-week2-PASSING_AND_PASSING,366531172,spirals-bears,16,458889296,506462208
0c1dbb4d-1cbc-485c-8949-10b1e9ab500a_04-18-week2-PASSING_AND_PASSING,366183248,spirals-bears,16,458883992,506462208
0c1dbb4d-1cbc-485c-8949-10b1e9ab500a_04-18-week2-PASSING_AND_PASSING,366183286,spirals-bears,16,458884440,506462208
0c1dbb4d-1cbc-485c-8949-10b1e9ab500a_04-18-week2-PASSING_AND_PASSING,366122110,spirals-bears,16,458883992,506462208
0c1dbb4d-1cbc-485c-8949-10b1e9ab500a_04-18-week2-PASSING_AND_PASSING,366122018,spirals-bears,16,458890000,506462208
0c1dbb4d-1cbc-485c-8949-10b1e9ab500a_04-18-week2-PASSING_AND_PASSING,358460262,spirals-bears,16,458889712,506462208
0c1dbb4d-1cbc-485c-8949-10b1e9ab500a_04-18-week2-PASSING_AND_PASSING,366495997,spirals-bears,16,458889232,506462208
0c1dbb4d-1cbc-485c-8949-10b1e9ab500a_04-18-week2-PASSING_AND_PASSING,364261144,spirals-bears,16,458884056,506462208
0c1dbb4d-1cbc-485c-8949-10b1e9ab500a_04-18-week2-PASSING_AND_PASSING,364492028,spirals-bears,16,458890000,506462208
0c1dbb4d-1cbc-485c-8949-10b1e9ab500a_04-18-week2-PASSING_AND_PASSING,365036725,spirals-bears,16,458884080,506462208
0c1dbb4d-1cbc-485c-8949-10b1e9ab500a_04-18-week2-PASSING_AND_PASSING,365246679,spirals-bears,16,458883856,506462208
0c1dbb4d-1cbc-485c-8949-10b1e9ab500a_04-18-week2-PASSING_AND_PASSING,365024459,spirals-bears,16,458890000,506462208
0c1dbb4d-1cbc-485c-8949-10b1e9ab500a_04-18-week2-PASSING_AND_PASSING,364601932,spirals-bears,16,458889832,506462208
0c1dbb4d-1cbc-485c-8949-10b1e9ab500a_04-18-week2-PASSING_AND_PASSING,365116069,spirals-bears,16,458889944,506462208
0c1dbb4d-1cbc-485c-8949-10b1e9ab500a_04-18-week2-PASSING_AND_PASSING,364773780,spirals-bears,16,458884344,506462208
0c1dbb4d-1cbc-485c-8949-10b1e9ab500a_04-18-week2-PASSING_AND_PASSING,364604593,spirals-bears,16,458889768,506462208
0c1dbb4d-1cbc-485c-8949-10b1e9ab500a_04-18-week2-PASSING_AND_PASSING,364769420,spirals-bears,16,458889976,506462208
0c1dbb4d-1cbc-485c-8949-10b1e9ab500a_04-18-week2-PASSING_AND_PASSING,364523968,spirals-bears,16,458884264,506462208
0c1dbb4d-1cbc-485c-8949-10b1e9ab500a_04-18-week2-PASSING_AND_PASSING,364481007,spirals-bears,16,458884184,506462208
0c1dbb4d-1cbc-485c-8949-10b1e9ab500a_04-18-week2-PASSING_AND_PASSING,364005069,spirals-bears,16,458884096,506462208
0c1dbb4d-1cbc-485c-8949-10b1e9ab500a_04-18-week2-PASSING_AND_PASSING,364064526,spirals-bears,16,458884112,506462208
0c1dbb4d-1cbc-485c-8949-10b1e9ab500a_04-18-week2-PASSING_AND_PASSING,364068109,spirals-bears,16,458884128,506462208
0c1dbb4d-1cbc-485c-8949-10b1e9ab500a_04-18-week2-PASSING_AND_PASSING,363044731,spirals-bears,16,458889864,506462208
0c1dbb4d-1cbc-485c-8949-10b1e9ab500a_04-18-week2-PASSING_AND_PASSING,364064264,spirals-bears,16,458890568,506462208
0c1dbb4d-1cbc-485c-8949-10b1e9ab500a_04-18-week2-PASSING_AND_PASSING,363453456,spirals-bears,16,458884544,506462208
0c1dbb4d-1cbc-485c-8949-10b1e9ab500a_04-18-week2-PASSING_AND_PASSING,362512038,spirals-bears,16,458889864,506462208
0c1dbb4d-1cbc-485c-8949-10b1e9ab500a_04-18-week2-PASSING_AND_PASSING,362454943,spirals-bears,16,458884216,506462208
0c1dbb4d-1cbc-485c-8949-10b1e9ab500a_04-18-week2-PASSING_AND_PASSING,365078426,spirals-bears,16,458890312,506462208
0c1dbb4d-1cbc-485c-8949-10b1e9ab500a_04-18-week2-PASSING_AND_PASSING,363191917,spirals-bears,16,458888936,506462208
0c1dbb4d-1cbc-485c-8949-10b1e9ab500a_04-18-week2-PASSING_AND_PASSING,362984240,spirals-bears,16,458884208,506462208
0c1dbb4d-1cbc-485c-8949-10b1e9ab500a_04-18-week2-PASSING_AND_PASSING,365940156,spirals-bears,16,458889904,506462208
0c1dbb4d-1cbc-485c-8949-10b1e9ab500a_04-18-week2-PASSING_AND_PASSING,362590435,spirals-bears,16,458890712,506462208
0c1dbb4d-1cbc-485c-8949-10b1e9ab500a_04-18-week2-PASSING_AND_PASSING,356767168,spirals-bears,16,458888528,506462208
0c1dbb4d-1cbc-485c-8949-10b1e9ab500a_04-18-week2-PASSING_AND_PASSING,356767152,spirals-bears,16,458884280,506462208
0c1dbb4d-1cbc-485c-8949-10b1e9ab500a_04-18-week2-PASSING_AND_PASSING,351348480,spirals-bears,16,458888488,506462208
0c1dbb4d-1cbc-485c-8949-10b1e9ab500a_04-18-week2-PASSING_AND_PASSING,351348267,spirals-bears,16,458889896,506462208
0c1dbb4d-1cbc-485c-8949-10b1e9ab500a_04-18-week2-PASSING_AND_PASSING,330728874,spirals-bears,16,458884048,506462208
0c1dbb4d-1cbc-485c-8949-10b1e9ab500a_04-18-week2-PASSING_AND_PASSING,362708839,spirals-bears,16,458883608,506462208
0c1dbb4d-1cbc-485c-8949-10b1e9ab500a_04-18-week2-PASSING_AND_PASSING,361632752,spirals-bears,16,458889920,506462208
0c1dbb4d-1cbc-485c-8949-10b1e9ab500a_04-18-week2-PASSING_AND_PASSING,360275053,spirals-bears,16,458889896,506462208
0c1dbb4d-1cbc-485c-8949-10b1e9ab500a_04-18-week2-PASSING_AND_PASSING,365891172,spirals-bears,16,458886216,506462208
0c1dbb4d-1cbc-485c-8949-10b1e9ab500a_04-18-week2-PASSING_AND_PASSING,365890851,spirals-bears,16,458890328,506462208
0c1dbb4d-1cbc-485c-8949-10b1e9ab500a_04-18-week2-PASSING_AND_PASSING,365777549,spirals-bears,16,458889816,506462208
0c1dbb4d-1cbc-485c-8949-10b1e9ab500a_04-18-week2-PASSING_AND_PASSING,365877927,spirals-bears,16,458889952,506462208
0c1dbb4d-1cbc-485c-8949-10b1e9ab500a_04-18-week2-PASSING_AND_PASSING,365876936,spirals-bears,16,458889800,506462208
0c1dbb4d-1cbc-485c-8949-10b1e9ab500a_04-18-week2-PASSING_AND_PASSING,365872725,spirals-bears,16,458884240,506462208
0c1dbb4d-1cbc-485c-8949-10b1e9ab500a_04-18-week2-PASSING_AND_PASSING,365732107,spirals-bears,16,458889800,506462208
0c1dbb4d-1cbc-485c-8949-10b1e9ab500a_04-18-week2-PASSING_AND_PASSING,365383650,spirals-bears,16,458889192,506462208
0c1dbb4d-1cbc-485c-8949-10b1e9ab500a_04-18-week2-PASSING_AND_PASSING,365402411,spirals-bears,16,458883992,506462208
0c1dbb4d-1cbc-485c-8949-10b1e9ab500a_04-18-week2-PASSING_AND_PASSING,365351526,spirals-bears,16,458889832,506462208
0c1dbb4d-1cbc-485c-8949-10b1e9ab500a_04-18-week2-PASSING_AND_PASSING,365455382,spirals-bears,16,458883952,506462208
0c1dbb4d-1cbc-485c-8949-10b1e9ab500a_04-18-week2-PASSING_AND_PASSING,365448870,spirals-bears,16,458889872,506462208
0c1dbb4d-1cbc-485c-8949-10b1e9ab500a_04-18-week2-PASSING_AND_PASSING,364871463,spirals-bears,16,458884024,506462208
0c1dbb4d-1cbc-485c-8949-10b1e9ab500a_04-18-week2-PASSING_AND_PASSING,364793316,spirals-bears,16,458890456,506462208
0c1dbb4d-1cbc-485c-8949-10b1e9ab500a_04-18-week2-PASSING_AND_PASSING,364859500,spirals-bears,16,458889936,506462208
0c1dbb4d-1cbc-485c-8949-10b1e9ab500a_04-18-week2-PASSING_AND_PASSING,363627522,spirals-bears,16,458896136,506462208
0c1dbb4d-1cbc-485c-8949-10b1e9ab500a_04-18-week2-PASSING_AND_PASSING,363611199,spirals-bears,16,458889928,506462208
0c1dbb4d-1cbc-485c-8949-10b1e9ab500a_04-18-week2-PASSING_AND_PASSING,363210218,spirals-bears,16,458884152,506462208
0c1dbb4d-1cbc-485c-8949-10b1e9ab500a_04-18-week2-PASSING_AND_PASSING,362440955,spirals-bears,16,458883992,506462208
0c1dbb4d-1cbc-485c-8949-10b1e9ab500a_04-18-week2-PASSING_AND_PASSING,365919073,spirals-bears,16,458883920,506462208
0c1dbb4d-1cbc-485c-8949-10b1e9ab500a_04-18-week2-PASSING_AND_PASSING,365501028,spirals-bears,16,458888864,506462208
0c1dbb4d-1cbc-485c-8949-10b1e9ab500a_04-18-week2-PASSING_AND_PASSING,365423421,spirals-bears,16,458883896,506462208
0c1dbb4d-1cbc-485c-8949-10b1e9ab500a_04-18-week2-PASSING_AND_PASSING,365250509,spirals-bears,16,458888392,506462208
0c1dbb4d-1cbc-485c-8949-10b1e9ab500a_04-18-week2-PASSING_AND_PASSING,364757074,spirals-bears,16,458889864,506462208
0c1dbb4d-1cbc-485c-8949-10b1e9ab500a_04-18-week2-PASSING_AND_PASSING,364753637,spirals-bears,16,458884128,506462208
0c1dbb4d-1cbc-485c-8949-10b1e9ab500a_04-18-week2-PASSING_AND_PASSING,364667515,spirals-bears,16,458883936,506462208
0c1dbb4d-1cbc-485c-8949-10b1e9ab500a_04-18-week2-PASSING_AND_PASSING,289958093,spirals-bears,16,458890120,506462208
0c1dbb4d-1cbc-485c-8949-10b1e9ab500a_04-18-week2-PASSING_AND_PASSING,362314571,spirals-bears,16,458890320,506462208
0c1dbb4d-1cbc-485c-8949-10b1e9ab500a_04-18-week2-PASSING_AND_PASSING,366135485,spirals-bears,16,458890064,506462208
0c1dbb4d-1cbc-485c-8949-10b1e9ab500a_04-18-week2-PASSING_AND_PASSING,357320065,spirals-bears,16,458888904,506462208
0c1dbb4d-1cbc-485c-8949-10b1e9ab500a_04-18-week2-PASSING_AND_PASSING,357264848,spirals-bears,16,458884144,506462208
0c1dbb4d-1cbc-485c-8949-10b1e9ab500a_04-18-week2-PASSING_AND_PASSING,365515217,spirals-bears,16,458889872,506462208
0c1dbb4d-1cbc-485c-8949-10b1e9ab500a_04-18-week2-PASSING_AND_PASSING,365968055,spirals-bears,16,458883960,506462208
0c1dbb4d-1cbc-485c-8949-10b1e9ab500a_04-18-week2-PASSING_AND_PASSING,365944238,spirals-bears,16,458884200,506462208
0c1dbb4d-1cbc-485c-8949-10b1e9ab500a_04-18-week2-PASSING_AND_PASSING,365931748,spirals-bears,16,458884448,506462208
0c1dbb4d-1cbc-485c-8949-10b1e9ab500a_04-18-week2-PASSING_AND_PASSING,365778229,spirals-bears,16,458889944,506462208
0c1dbb4d-1cbc-485c-8949-10b1e9ab500a_04-18-week2-PASSING_AND_PASSING,366002226,spirals-bears,16,461526616,506462208
0c1dbb4d-1cbc-485c-8949-10b1e9ab500a_04-18-week2-PASSING_AND_PASSING,365760731,spirals-bears,16,458890000,506462208
0c1dbb4d-1cbc-485c-8949-10b1e9ab500a_04-18-week2-PASSING_AND_PASSING,365627974,spirals-bears,16,458889928,506462208
0c1dbb4d-1cbc-485c-8949-10b1e9ab500a_04-18-week2-PASSING_AND_PASSING,365264056,spirals-bears,16,458889936,506462208
0c1dbb4d-1cbc-485c-8949-10b1e9ab500a_04-18-week2-PASSING_AND_PASSING,365235548,spirals-bears,16,458884216,506462208
0c1dbb4d-1cbc-485c-8949-10b1e9ab500a_04-18-week2-PASSING_AND_PASSING,365103382,spirals-bears,16,458883152,506462208
0c1dbb4d-1cbc-485c-8949-10b1e9ab500a_04-18-week2-PASSING_AND_PASSING,365104655,spirals-bears,16,458888544,506462208
0c1dbb4d-1cbc-485c-8949-10b1e9ab500a_04-18-week2-PASSING_AND_PASSING,366324395,spirals-bears,16,458889768,506462208
0c1dbb4d-1cbc-485c-8949-10b1e9ab500a_04-18-week2-PASSING_AND_PASSING,366340006,spirals-bears,16,458890040,506462208
0c1dbb4d-1cbc-485c-8949-10b1e9ab500a_04-18-week2-PASSING_AND_PASSING,366289648,spirals-bears,16,458889968,506462208
0c1dbb4d-1cbc-485c-8949-10b1e9ab500a_04-18-week2-PASSING_AND_PASSING,365957092,spirals-bears,16,458896520,506462208
0c1dbb4d-1cbc-485c-8949-10b1e9ab500a_04-18-week2-PASSING_AND_PASSING,365674940,spirals-bears,16,458884024,506462208
0c1dbb4d-1cbc-485c-8949-10b1e9ab500a_04-18-week2-PASSING_AND_PASSING,365154029,spirals-bears,16,458890384,506462208
0c1dbb4d-1cbc-485c-8949-10b1e9ab500a_04-18-week2-PASSING_AND_PASSING,364604694,spirals-bears,16,458890104,506462208
0c1dbb4d-1cbc-485c-8949-10b1e9ab500a_04-18-week2-PASSING_AND_PASSING,361455947,spirals-bears,16,458889760,506462208
0c1dbb4d-1cbc-485c-8949-10b1e9ab500a_04-18-week2-PASSING_AND_PASSING,364571852,spirals-bears,16,458884168,506462208
0c1dbb4d-1cbc-485c-8949-10b1e9ab500a_04-18-week2-PASSING_AND_PASSING,364571840,spirals-bears,16,458884160,506462208
0c1dbb4d-1cbc-485c-8949-10b1e9ab500a_04-18-week2-PASSING_AND_PASSING,364507185,spirals-bears,16,458883792,506462208
0c1dbb4d-1cbc-485c-8949-10b1e9ab500a_04-18-week2-PASSING_AND_PASSING,364507105,spirals-bears,16,458884080,506462208
0c1dbb4d-1cbc-485c-8949-10b1e9ab500a_04-18-week2-PASSING_AND_PASSING,364476914,spirals-bears,16,458889848,506462208
0c1dbb4d-1cbc-485c-8949-10b1e9ab500a_04-18-week2-PASSING_AND_PASSING,364476931,spirals-bears,16,458890000,506462208
0c1dbb4d-1cbc-485c-8949-10b1e9ab500a_04-18-week2-PASSING_AND_PASSING,364272581,spirals-bears,16,458889680,506462208
0c1dbb4d-1cbc-485c-8949-10b1e9ab500a_04-18-week2-PASSING_AND_PASSING,364272537,spirals-bears,16,458890000,506462208
0c1dbb4d-1cbc-485c-8949-10b1e9ab500a_04-18-week2-PASSING_AND_PASSING,364193526,spirals-bears,16,458890120,506462208
0c1dbb4d-1cbc-485c-8949-10b1e9ab500a_04-18-week2-PASSING_AND_PASSING,364193541,spirals-bears,16,458889848,506462208
0c1dbb4d-1cbc-485c-8949-10b1e9ab500a_04-18-week2-PASSING_AND_PASSING,364090538,spirals-bears,16,458883848,506462208
0c1dbb4d-1cbc-485c-8949-10b1e9ab500a_04-18-week2-PASSING_AND_PASSING,364094540,spirals-bears,16,458889936,506462208
0c1dbb4d-1cbc-485c-8949-10b1e9ab500a_04-18-week2-PASSING_AND_PASSING,363995448,spirals-bears,16,458883768,506462208
0c1dbb4d-1cbc-485c-8949-10b1e9ab500a_04-18-week2-PASSING_AND_PASSING,365493371,spirals-bears,16,458883992,506462208
0c1dbb4d-1cbc-485c-8949-10b1e9ab500a_04-18-week2-PASSING_AND_PASSING,365493956,spirals-bears,16,458890184,506462208
0c1dbb4d-1cbc-485c-8949-10b1e9ab500a_04-18-week2-PASSING_AND_PASSING,365493954,spirals-bears,16,458890000,506462208
0c1dbb4d-1cbc-485c-8949-10b1e9ab500a_04-18-week2-PASSING_AND_PASSING,362634844,spirals-bears,16,458883832,506462208
0c1dbb4d-1cbc-485c-8949-10b1e9ab500a_04-18-week2-PASSING_AND_PASSING,362635031,spirals-bears,16,458884216,506462208
0c1dbb4d-1cbc-485c-8949-10b1e9ab500a_04-18-week2-PASSING_AND_PASSING,365210013,spirals-bears,16,458888648,506462208
0c1dbb4d-1cbc-485c-8949-10b1e9ab500a_04-18-week2-PASSING_AND_PASSING,360680423,spirals-bears,16,458880752,506462208
0c1dbb4d-1cbc-485c-8949-10b1e9ab500a_04-18-week2-PASSING_AND_PASSING,365037935,spirals-bears,16,458890208,506462208
0c1dbb4d-1cbc-485c-8949-10b1e9ab500a_04-18-week2-PASSING_AND_PASSING,365035556,spirals-bears,16,458890032,506462208
0c1dbb4d-1cbc-485c-8949-10b1e9ab500a_04-18-week2-PASSING_AND_PASSING,365031009,spirals-bears,16,458888512,506462208
0c1dbb4d-1cbc-485c-8949-10b1e9ab500a_04-18-week2-PASSING_AND_PASSING,365021680,spirals-bears,16,458888232,506462208
0c1dbb4d-1cbc-485c-8949-10b1e9ab500a_04-18-week2-PASSING_AND_PASSING,365010533,spirals-bears,16,458896128,506462208
0c1dbb4d-1cbc-485c-8949-10b1e9ab500a_04-18-week2-PASSING_AND_PASSING,365002260,spirals-bears,16,458889984,506462208
0c1dbb4d-1cbc-485c-8949-10b1e9ab500a_04-18-week2-PASSING_AND_PASSING,365001094,spirals-bears,16,458889936,506462208
0c1dbb4d-1cbc-485c-8949-10b1e9ab500a_04-18-week2-PASSING_AND_PASSING,364984278,spirals-bears,16,458883912,506462208
0c1dbb4d-1cbc-485c-8949-10b1e9ab500a_04-18-week2-PASSING_AND_PASSING,364972360,spirals-bears,16,458888592,506462208
0c1dbb4d-1cbc-485c-8949-10b1e9ab500a_04-18-week2-PASSING_AND_PASSING,364951577,spirals-bears,16,458889968,506462208
0c1dbb4d-1cbc-485c-8949-10b1e9ab500a_04-18-week2-PASSING_AND_PASSING,364949266,spirals-bears,16,458883816,506462208
0c1dbb4d-1cbc-485c-8949-10b1e9ab500a_04-18-week2-PASSING_AND_PASSING,364524002,spirals-bears,16,458890392,506462208
0c1dbb4d-1cbc-485c-8949-10b1e9ab500a_04-18-week2-PASSING_AND_PASSING,364255948,spirals-bears,16,458890080,506462208
0c1dbb4d-1cbc-485c-8949-10b1e9ab500a_04-18-week2-PASSING_AND_PASSING,364025824,spirals-bears,16,458890152,506462208
0c1dbb4d-1cbc-485c-8949-10b1e9ab500a_04-18-week2-PASSING_AND_PASSING,363860293,spirals-bears,16,458883712,506462208
0c1dbb4d-1cbc-485c-8949-10b1e9ab500a_04-18-week2-PASSING_AND_PASSING,363678379,spirals-bears,16,458890152,506462208
0c1dbb4d-1cbc-485c-8949-10b1e9ab500a_04-18-week2-PASSING_AND_PASSING,363676749,spirals-bears,16,458888776,506462208
0c1dbb4d-1cbc-485c-8949-10b1e9ab500a_04-18-week2-PASSING_AND_PASSING,363674204,spirals-bears,16,458884112,506462208
0c1dbb4d-1cbc-485c-8949-10b1e9ab500a_04-18-week2-PASSING_AND_PASSING,365959117,spirals-bears,16,458884120,506462208
0c1dbb4d-1cbc-485c-8949-10b1e9ab500a_04-18-week2-PASSING_AND_PASSING,365958964,spirals-bears,16,458889928,506462208
